Pincode,Latitude,Longitude
110001,28.62235135,77.21021136
110002,28.63134556,77.24430222
110003,28.5892639,77.22952775
110004,28.6210833,77.1961389
110005,28.65231948,77.19462498
110006,28.65425968,77.22941338
110007,28.6765833,77.2061111
110008,28.64635833,77.16947222
110009,28.7062778,77.202111
110010,28.58325,77.13
110011,28.6109861,77.21380555
110012,28.63852775,77.16779165
110013,28.5894861,77.2464583
110014,28.5822685,77.25174073
110015,28.65481344,77.13507732
110016,28.54522947,77.19863315
110017,28.5248409,77.21800885
110018,28.6463611,77.0990556
110019,28.54173615,77.2531667
110020,28.55384677,77.26954967
110021,28.58082407,77.16637037
110022,28.56384946,77.17493446
110023,28.57505683,77.20468823
110024,28.56861115,77.2361545
110025,28.56157407,77.2788889
110026,28.669625,77.1377112
110027,28.64364813,77.12464813
110028,28.6313205,77.13688435
110029,28.56566975,77.20333795
110030,28.51808888,77.17948888
110031,28.65936805,77.26854168
110032,28.67552315,77.29220368
110033,28.72744445,77.17415275
110034,28.6972778,77.1366667
110035,28.69182673,77.15733773
110036,28.79780551,77.13
110037,28.545674,77.1155277
110038,28.5190283,77.0958042
110039,28.7996944,77.03805551
110040,28.85080552,77.08805552
110041,28.673136,77.040683
110042,28.7442558,77.14500925
110043,28.6064045,76.979822
110044,28.51,77.2891111
110045,28.59417135,77.0906693
110046,28.6110556,77.10586115
110047,28.46795,77.135765
110048,28.53906945,77.2364028
110049,28.5585947,77.21501002
110051,28.6524915,77.2934424
110052,28.68641665,77.176625
110053,28.6897222,77.2674028
110054,28.70228753,77.2232353
110055,28.6443125,77.2067292
110056,28.6827222,77.1111111
110057,28.56294445,77.15758335
110058,28.6241111,77.096574
110059,28.62429165,77.0516755
110060,28.6367222,77.1831111
110061,28.536425,77.05081
110062,28.51919444,77.23609444
110063,28.6674966,77.1046456
110064,28.62486,77.110868
110065,28.56102578,77.25219842
110066,28.5662208,77.1824945
110067,28.55291665,77.17775
110068,28.5012222,77.20030555
110069,28.6225833,77.2127222
110070,28.52,77.152685
110071,28.553743,76.996049
110072,28.64425235,77.45851865
110073,28.531999,76.936906
110074,28.5073055,77.1845555
110075,28.579461,77.0544065
110076,28.53,77.3
110077,28.571529,77.072276
110078,28.6102222,77.0376667
110080,28.5069028,77.24120835
110081,28.73491661,77.00555551
110082,28.77216662,77.119
110083,28.69266667,77.08862963
110084,28.7572222,77.19777773
110085,28.711856,77.1247385
110086,28.7007361,77.07917128
110087,28.679745,77.0881667
110088,28.6933611,77.1713889
110089,28.7348056,77.1325
110090,28.69225,77.3042222
110091,28.6138889,77.3003
110092,28.6522222,77.3042222
110093,28.69368055,77.29977775
110094,28.69225,77.3042222
110095,28.68073223,77.30912775
110096,28.61320445,77.3231661
110097,28.528884,77.086554
110099,28.720596,77.080909
110102,28.6314278,77.205714
110106,28.662289,77.235553
110110,28.71575,77.11
110119,28.542802,77.257506
110124,28.567906,77.241397
110151,28.645733,77.2997737
110195,28.673961,77.319696
121001,28.3705,77.3010139
121002,28.4066856,77.3240107
121003,28.4513611,77.3079444
121004,28.2945595,77.32219445
121005,28.38069445,77.2943889
121006,28.3691509,77.3237963
121007,28.3832778,77.3258889
121008,28.3917778,77.3021389
121009,28.4881111,77.2945833
121010,28.51061945,77.6399639
121012,28.3917778,77.3021389
121013,28.3917778,77.3021389
121014,28.4726,77.4848
121015,28.3453,77.2965
121101,28.37031,77.435774
121102,28.155604,77.277121
121103,28.0681475,77.184462
121105,28.0106915,77.31708255
121106,27.933371,77.323827
121107,27.9690278,77.45227
121999,28.3917778,77.3021389
122001,28.45940813,77.02184228
122002,28.466093,77.1058349
122003,28.4465007,77.073616
122004,28.41381323,76.99296302
122005,28.5056111,77.0710556
122006,28.48734048,77.009795
122007,28.462,77.0316389
122008,28.462,77.0316389
122009,28.3408889,76.7561944
122010,28.466093,77.1058349
122011,28.462,77.0316389
122012,28.413887,76.9931945
122015,28.4973611,77.0630556
122016,28.4965833,77.0852778
122017,28.462,77.0316389
122018,14.231,38.51581945
122051,28.3431235,76.9401834
122052,28.342,76.9364722
122098,28.3913822,77.0511932
122101,28.39167242,77.0519379
122102,28.352169,77.06471
122103,28.248459,77.065802
122104,27.7781944,76.9451944
122105,28.3308889,76.7835833
122107,28.1020556,76.0044722
122108,27.9204,76.984468
122413,29.387631,77.446429
122414,28.271733,76.740867
122502,28.292981,76.697254
122503,28.32680654,76.77723483
122504,28.467015,77.081198
122505,28.421592,76.914258
122506,28.44729792,76.82487582
122508,27.8635,77.2030833
122998,28.46605733,77.10564781
122999,28.496716,77.08547
123001,28.044064,76.118082
123021,28.10088243,76.25362701
123023,27.89247161,76.11055551
123024,28.37871394,75.96475404
123027,28.33619276,76.30647046
123028,28.191762,76.130587
123029,28.26003297,76.140422
123031,28.271019,76.149389
123034,28.258604,76.227683
123035,28.3561667,76.62175
123101,28.209,76.8841111
123102,28.1501944,76.3992778
123103,28.1728056,76.402
123106,28.2306667,76.80025
123110,28.2335556,77.8032778
123301,28.3571944,76.5355
123302,28.4002222,76.4839167
123303,28.4120556,76.398
123304,28.409434,76.397007
123401,28.12641655,76.36692095
123411,28.2938611,76.3839722
123412,28.2017222,76.5955833
123501,28.0733889,76.5809722
124001,28.8898611,76.5886944
124010,28.733255,76.743868
124021,28.452977,76.378498
124022,28.671593,76.748085
124102,28.759966,76.931763
124103,28.641146,76.639252
124104,28.7085415,76.71783415
124105,28.597164,76.823959
124106,28.735904,76.510506
124107,28.671593,76.823959
124108,28.735904,76.510506
124109,28.506844,76.570072
124111,28.735904,76.510506
124112,28.576344,76.510506
124113,28.605585,76.620026
124141,28.8955833,76.5925278
124142,28.502149,76.345367
124146,28.671593,76.748085
124201,28.725367,76.562691
124202,28.7062918,76.5205401
124303,28.681179,76.510506
124401,28.725367,76.562691
124404,28.634988,76.823959
124406,28.735904,76.620026
124411,28.452977,76.378498
124412,28.605585,76.620026
124501,28.634988,76.748085
124504,28.671593,76.753407
124505,28.7824465,76.86533
124506,28.7085415,76.902704
124507,28.681179,76.902704
124508,28.66795,76.8764
124513,29.0100277,76.3781722
124514,28.735904,76.510506
124515,28.55027,77.5542589
125001,29.16075305,75.7222687
125004,29.508192,75.4535162
125005,29.13595835,75.74120835
125006,29.1123472,75.8183777
125007,29.14942905,75.5657678
125011,29.191513,75.695714
125033,29.09825615,75.96934563
125037,28.9448611,75.82608273
125038,29.18957508,76.2245833
125039,29.2246111,76.13875009
125042,29.1086944,75.1999722
125044,29.1288333,75.7844722
125047,29.4165833,75.6266667
125048,29.4165833,75.5486667
125049,29.1594444,75.57108612
125050,29.508192,75.45351619
125051,29.68530549,75.5762777
125052,28.2817778,75.4726389
125053,29.378824,75.031852
125054,29.5461389,75.2148333
125055,29.5347778,75.0320833
125056,29.5347778,75.0320833
125058,29.4503056,75.1193333
125060,29.5457222,75.1141111
125061,29.656246,75.421987
125075,29.5275278,74.7394722
125076,29.5235833,74.8406389
125077,29.7654167,74.8992778
125078,29.6993611,75.0066389
125101,29.7802222,74.5243056
125102,29.4490833,74.6628611
125103,29.78325,74.7477222
125104,29.9591389,74.6981111
125106,29.67455551,75.7301111
125110,29.3710278,75.1261389
125111,29.2100833,75.7090278
125112,29.5743333,75.78630551
125113,29.5065833,76.3382222
125120,29.72095533,75.90252771
125121,29.356295,74.079947
125133,29.8089722,75.82325
125201,29.82675,74.9754167
126101,29.45,36.3
126102,29.3613,34.83
126110,29.338,32.8722
126111,26.955,34.34
126112,32.35,30.3
126113,29.3533056,76.4974722
126114,29.5902777,76.1099166
126115,28.3,32.5
126116,25.3,25.3
126125,29.45,33.22
126152,29.5902777,76.1099166
127021,28.7752,75.9928
127022,28.4614,76.2609
127025,28.7784,76.3418
127026,28.5997,76.1517
127027,28.8837,76.2392
127028,28.6296,75.6179
127029,28.6995,75.8708
127030,28.6358,75.9434
127031,28.862,76.1407
127032,28.9449,76.0334
127035,28.9639,75.9565
127040,28.8725,75.9144
127041,28.9734,76.1958
127042,28.7129,76.2911
127043,28.7218,75.7664
127045,28.9648,75.6063
127046,28.9084,75.6121
127111,28.8199,76.0653
127114,28.828,76.3087
127201,28.4267,75.804
127306,28.5921,76.2653
127307,28.6745,76.3707
127308,28.5094,75.9376
127309,28.7084,76.22
127310,28.5216,76.1508
127311,28.7158,76.1414
127312,28.5074,76.0695
131001,29.01,76.96
131021,28.96,77.08
131022,21.15,81.71
131023,29.05,76.91
131024,29.06,76.9
131027,29.03,77.07
131028,29.05,76.91
131029,28.98,77.1
131030,28.4391,77.3009
131039,29.02,77.06
131101,29.13,77.01
131102,28.98,77.1
131103,28.88,77.1
131301,29.13035222,76.68997333
131302,29.18088195,76.62068403
131304,29.14,77.04
131305,29.2,76.61
131306,29.2,76.77
131402,28.87,76.91
131403,28.9926944,76.94
131408,28.98063888,76.81071112
131409,29.44,77
132001,29.6878333,76.9714167
132022,29.7176111,77.0783056
132023,29.6874444,76.9906666
132024,29.3959722,76.9606388
132035,29.57512,76.77929
132036,28.98104145,31.249995
132037,29.3959722,76.96063881
132039,100,100
132040,100,100
132041,29.5902777,76.1099166
132046,29.5286111,75.9966111
132054,100,100
132101,33.69,32.33
132102,33.345,31.935
132103,29.3884167,76.9603333
132104,27.255,25.495
132105,32.3,33.33
132106,36.39,32.36
132107,26.4,26.4
132108,25.3,25.3
132113,25.3,25.3
132114,27.12,27.12
132115,29.40824995,76.6127361
132116,29.5286111,75.9966111
132117,29.3959722,76.9606388
132122,29.5902777,76.1099166
132140,25.6,25.6
132145,27.4051111,29
132157,29.3959722,76.9606388
133001,30.34108335,76.84294445
133004,30.30507935,76.8360459
133005,30.3675656,76.82751135
133006,30.3216798,76.87584465
133008,30.250459,76.776697
133010,30.242696,77.058567
133101,30.338975,76.84618335
133102,30.251419,76.900199
133103,30.20622,77.14857
133104,30.34284445,76.964755
133201,30.221662,77.042
133202,30.2455,77.126944
133203,30.29995,77.04135
133204,30.378,76.776
133205,30.179452,77.0231
133206,30.316,77.235
133207,30.2674976,77.0222963
133301,30.7742777,76.8948333
133302,30.378188,76.776687
134003,30.38258335,76.77158335
134005,30.38425,76.7716667
134007,30.38745945,76.78492955
134008,30.378184,76.776689
134101,30.7827222,76.9102778
134102,30.69421567,76.86055833
134103,30.6343333,76.91525
134104,30.7826389,76.9247222
134105,30.38425,76.7716667
134107,30.7238333,76.8759167
134108,30.7064167,76.8727778
134109,30.689097,76.8582317
134112,30.6571767,76.896253
134113,30.680925,76.83807915
134114,30.7212222,76.8525833
134116,30.565659,76.937756
134117,30.6691944,76.8578611
134118,29.36695,75.9458
134201,30.44424335,76.93491495
134202,30.4234973,76.9621951
134203,30.488596,76.860561
134204,30.5781833,76.97274
134205,30.3781845,76.7766906
134999,30.685191,76.8402533
135001,30.1339444,77.276951
135002,30.37818647,76.77668973
135003,30.205886,77.272123
135004,30.0835,77.2654
135021,30.3781879,76.7766875
135101,30.2829592,77.18720785
135102,30.378,76.776
135103,30.3009,77.376944
135106,30.3781868,77.4472425
135133,30.043627,77.180868
136020,29.875369,76.606611
136021,29.84638398,76.66316547
136026,29.762047,76.559555
136027,29.79985485,76.41734142
136030,29.93617407,76.55108083
136033,29.799859,76.4173
136034,29.799859,76.4173
136035,30.03806819,76.29811439
136038,29.5702778,76.8703056
136042,29.802463,76.560383
136043,29.670538,76.5168
136044,29.57595,76.484933
136117,29.674897,76.256273
136118,29.97268533,76.85250773
136119,29.955549,76.812926
136128,29.981417,76.589277
136129,30.115686,76.666405
136130,29.973217,76.830346
136131,29.973217,76.830346
136132,29.987047,77.04096309
136134,29.9695,76.8782
136135,29.973217,76.830346
136136,30.166519,76.709604
136156,30.084325,76.987348
140001,30.9549161,76.52734725
140101,30.692051,76.69841
140102,30.9666111,76.3715277
140103,30.9666111,76.3715277
140108,30.692051,76.69841
140109,30.92340275,76.5147083
140110,30.692051,76.69841
140111,30.692051,76.69841
140112,30.9666111,76.3715277
140113,30.9666111,76.3715277
140114,30.9666111,76.3715277
140115,30.78626385,76.5779305
140116,30.9666111,76.3715277
140117,30.9666111,76.3715277
140118,30.9641505,76.59763555
140119,30.692051,76.69841
140123,30.9666111,76.3715277
140124,30.692051,76.69841
140125,30.692051,76.69841
140126,30.9666111,76.3715277
140127,30.9666111,76.3715277
140128,30.9666111,76.3715277
140133,30.9666111,76.3715277
140201,30.692051,76.69841
140301,30.9666111,76.3715277
140306,30.692051,76.69841
140307,30.9666111,76.3715277
140308,30.690284,76.69608813
140401,30.486038,76.592572
140402,30.49,76.59
140405,30.5759985,76.3392665
140406,30.6159166,76.39
140407,30.648067,76.392631
140408,30.63,76.5
140412,30.71,76.44
140413,30.9666111,76.3715277
140417,30.436591,76.686039
140501,30.692051,76.69841
140506,30.692051,76.69841
140507,30.692051,76.69841
140601,30.55,76.716726
140602,30.595109,76.63
140603,30.692051,76.69841
140604,30.6703333,76.8320556
140701,30.4021825,76.54
140702,30.332947,76.610402
140802,30.781625,76.395613
140901,30.692051,76.69841
141001,30.91,75.8328611
141002,30.8682222,75.75666665
141003,30.89,75.86
141004,30.9023889,75.8146944
141006,30.8589167,75.8616389
141007,30.96,75.915
141008,30.91870835,75.8532778
141010,30.8975666,75.9041944
141011,30.9026,75.8377
141012,30.87913145,75.78542965
141013,30.8660472,75.8235958
141014,30.8689097,75.9010736
141015,30.9276125,75.92475
141016,30.848,75.8905
141101,30.8414722,75.6697667
141102,30.86270705,75.714615
141103,30.8004756,75.7046484
141104,31.32844055,75.3470121
141105,30.7490723,75.679144
141106,30.7642861,75.6514138
141107,30.725007,75.665902
141108,30.686929,75.683353
141109,30.642549,75.643282
141110,30.9134555,75.636614
141112,30.8983635,76.0005331
141113,30.8473046,76.075029
141114,30.8311015,76.221839
141115,30.9594205,76.19486145
141116,30.835285,75.598985
141117,30.6926111,75.873729
141118,30.70701,75.849764
141119,30.6344611,75.944147
141120,30.8421878,75.9651658
141121,30.9191079,76.3080406
141122,30.8392222,75.652084
141123,30.8695956,75.8218481
141125,31.35102505,75.9002664
141126,30.89107,76.0686666
141127,30.82330385,76.14739535
141201,30.7623611,75.8213055
141202,30.7680665,75.7440535
141203,30.7626277,75.799643
141204,30.649053,75.8321301
141205,30.674987,75.76035475
141206,30.7807138,75.915839
141401,30.6777639,76.2520139
141411,30.724378,76.31
141412,30.720815,76.136706
141413,30.6917777,75.0311388
141414,30.6692778,76.124402
141415,30.598655,76.0712777
141416,30.730129,76.0463966
141417,30.729733,76.2226389
141418,30.8377441,75.8762491
141419,30.7265,75.970998
141421,30.7820785,76.026325
141422,30.808593,75.657175
141801,30.83,76.325
142001,30.814659,75.171206
142002,30.86255,75.1945
142003,30.86255,75.1945
142011,30.774953,75.2291754
142021,30.837477,75.7468611
142022,29.8707765,75.8979545
142023,30.8113056,75.564059
142024,30.8330926,75.5613433
142025,30.879331,75.5842694
142026,30.80115275,75.47518055
142027,30.91027185,75.7496742
142029,30.79855005,75.75765655
142030,30.7407155,75.548049
142031,30.62113675,75.4392417
142032,30.6286505,75.507288
142033,30.905016,75.47037755
142034,30.745431,75.4573138
142035,30.714298,75.41124555
142036,30.8426,75.421362
142037,30.68715,75.3063
142038,30.70515,75.03696
142039,30.81646658,75.17170287
142040,31.014,74.93385
142041,30.92545,75.32885
142042,30.9390031,75.2317235
142043,30.9010984,75.1596406
142044,31.09945,74.93417
142045,30.629905,75.191826
142046,30.5705,75.226024
142047,30.94655,74.9391
142048,30.8325251,74.729304
142049,30.78605,75.205
142050,30.918105,74.94099
142052,30.7456,75.30656
142053,30.79727,75.32054
142054,30.85355,75.32305
142055,30.57603,75.2785
142056,30.6740155,75.1889735
142057,30.57719,75.1005244
142058,30.8619917,75.31549475
142060,30.918104,74.616137
143001,31.6372933,74.8797953
143002,31.628,74.84
143004,31.638561,74.882557
143005,31.63,74.83
143006,31.62071429,74.881651
143008,31.685,74.89
143009,31.56,74.83
143022,31.58,74.9
143101,31.72,74.83
143102,31.84,74.76
143103,31.87,74.86
143105,31.62,74.8
143107,31.61,74.7
143108,31.625,74.615
143109,31.745,74.67
143111,31.5544,75.17
143112,31.505,75.19
143113,31.64,75.01
143114,31.68,75.23
143115,31.53,75.06
143116,31.635,75.12
143117,31.448225,75.006775
143118,31.42,75.16
143119,31.705,75.125
143149,31.56,75.08
143201,31.517706,75.28931
143202,31.575,75.235
143203,31.62,75.32
143204,31.56,75.32
143205,31.58,75.3
143301,31.48,74.79
143302,31.42,74.76
143303,31.35,74.69
143304,31.29,74.76
143305,31.35,74.6
143401,31.457758,74.918607
143402,31.46,74.918607
143406,31.46,75.03
143407,31.365,75.09
143408,31.26,75
143409,32.13839,75.3207875
143410,31.28905,74.944
143411,31.37791825,74.9996425
143412,31.21,74.925
143413,31.46,74.84
143414,31.5,74.69
143415,31.333383,74.8666617
143416,31.243508,74.79
143419,31.15549,74.555
143422,31.34,75.125
143501,31.67,74.95
143502,31.72525,75.02
143504,31.74,75.06
143505,31.8075,75.19558
143506,31.75362,75.23085
143507,31.83,75.12
143511,31.915,75.16993005
143512,31.98,75.15
143513,31.901125,75.035
143514,31.68295,75.33975
143515,31.685,75.43795
143516,31.8,75.38
143517,31.86,75.5
143518,31.8711,75.28
143519,31.96,75.32
143520,32.02,75.32
143521,32.043274,75.39888
143525,32.18,75.345
143526,32.08622,75.30205
143527,31.7768987,75.4549403
143528,31.91139165,75.44
143529,31.95035,75.3889
143530,32.01,75.46
143531,32.085,75.47
143532,32.13,75.41
143533,32.115,75.57
143534,32.195,75.47
143601,31.77,74.955
143602,31.86,74.96
143603,31.935,74.8611296
143604,32.005,75.035
143605,31.93,75.07
143606,31.815,74.9
144001,31.32736083,75.57913574
144002,31.32932791,75.53520777
144003,31.31294434,75.56210927
144005,31.300299,75.62601113
144006,31.31275583,75.6082487
144007,31.32594121,75.62710435
144008,31.34010852,75.58725051
144009,31.33374377,75.62297607
144010,31.30374888,75.64469516
144020,31.2415,75.6266
144021,31.3542861,75.5464115
144022,31.29792934,75.59466035
144023,31.31435616,75.64032228
144024,31.26072276,75.66268726
144025,31.38385714,75.63721429
144026,31.35254286,75.6171
144027,31.39834766,75.53156429
144028,31.29405183,75.54588236
144029,31.08527886,75.91666366
144030,31.41075637,75.80491886
144031,31.7234516,75.42139536
144032,31.2069036,75.67913
144033,31.52747,75.8066
144034,31.21711267,75.772114
144035,31.52747,75.8066
144036,31.21780675,75.76939325
144037,31.099467,75.6909651
144039,31.125808,75.575554
144040,31.1449,75.4852
144041,31.3669076,75.69139145
144042,31.52747,75.8066
144043,31.217806,75.769394
144044,31.52747,75.8066
144101,31.34076074,75.67163404
144102,31.38756,75.24565
144103,31.4228,75.75665
144104,31.4047449,75.75540675
144105,31.25,75.505
144106,31.4736,75.75933333
144201,31.3265125,75.57700188
144202,31.42,75.24
144204,31.42,75.63
144205,31.815271,75.655368
144206,31.56,75.46
144207,31.83,75.64
144208,31.05,75.665
144209,31.245,74.895
144210,31.53,75.78
144211,31.5143178,75.911483
144212,31.63,75.84
144213,31.8,75.81
144214,30.955,75.185
144216,31.549459,75.5053075
144221,31.8,75.64
144222,31.78,75.45
144223,31.285,75.01
144224,31.16,75.891582
144301,31.43570142,75.65149907
144302,30.9987,75.16515
144303,31.4327,75.6508
144305,31.34,75.145
144306,31.95,75.635
144311,31.5988089,75.33605045
144401,31.2486,75.80989
144402,31.2396,75.7611226
144403,31.29515,75.73451
144404,31.325791,75.81
144405,31.33648635,75.83306125
144406,30.8917975,75.664851
144407,31.34097,75.79195
144408,31.3488818,75.8688551
144409,31.0936,75.7782
144410,31.03128333,75.82466667
144411,31.2396,75.71091
144415,31.24969347,75.53627701
144416,31.08326989,75.87974402
144417,31.06835453,76.00094022
144418,31.11578147,75.81702135
144419,31.0531,75.8628
144421,31.10294166,76.03718408
144422,31.05229206,75.96293204
144501,31.19344982,75.84969722
144502,31.162275,75.874475
144503,31.2222,75.8846
144504,31.20003542,75.88566638
144505,31.1917,75.9462
144506,31.1869,75.9922
144507,31.1186,75.9558
144508,31.300299,75.630428
144509,31.15403039,75.96224168
144510,31.21460569,76.02330481
144511,30.9755,76.0184
144512,31.16290768,76.04375942
144513,31.1343,76.046
144514,31.0667,76.1667
144515,31.0675,76.2035
144516,31.10426604,76.16820732
144517,31.05047759,76.11662218
144518,31.04845,76.0563
144519,31.56,75.58
144520,31.2569355,75.84
144521,31.1459025,75.84
144522,31.25,75.84
144523,31.3514455,75.645
144524,31.0598845,75.405
144525,31.14082,75.81
144526,31.199275,75.84
144527,31.25,74.925
144528,31.2597765,75.57
144529,31.372457,75.675
144530,31.56,75.84
144531,31.248085,75.98
144532,31.385,75.645
144533,31.515963,75.904004
144601,31.374935,75.3777881
144602,31.34831,75.41814
144603,31.38345,75.32705
144606,31.37493,75.337163
144620,31.3749288,75.3842072
144621,31.61279,75.52751
144622,31.51654,75.51519
144623,31.26957,75.40631
144624,31.5423307,75.444504
144625,31.2113269,75.4515671
144626,31.19524,75.1263
144628,31.397189,75.35345
144629,31.0919,75.6593711
144630,31.11101,75.7386
144631,31.6131115,75.4518415
144632,31.20136875,75.77038745
144633,31.1846339,75.6850359
144701,31.1482845,75.3947455
144702,31.06579,75.24819
144703,31.8362,75.6474
144801,31.37493,75.384206
144802,31.43295,75.3910154
144803,31.27160495,75.68808005
144804,31.51712,75.34815
144805,31.382075,75.384029
144806,31.33219915,75.5474037
144819,31.573952,75.439574
145001,32.275,75.675
145002,32.409859,75.799058
145022,32.42,75.84
145023,32.325,75.64627285
145024,32.3522,75.6083
145025,32.26,75.565
145026,32.25745,75.45
145027,32.32,75.41
145029,32.39,75.69
145101,32.13,75.61
146001,31.533271,75.905564
146021,31.26,75.46
146022,31.255,75.325
146023,31.25,75.52
146024,31.515963,75.46
146101,31.4720225,75.84
146102,31.452127,75.84
146103,31.365829,75.45
146104,31.12,75.84
146105,31.45,75.52
146106,31.47,75.52
146107,31.327051,75.84
146108,31.393484,75.34
146109,31.235,75.545
146110,31.42,75.81
146111,31.53967,75.455
146112,31.42,75.84
146113,31.58,75.75
146114,31.45,75.48
146115,31.25,75.725509
146116,31.44,75.4196255
147001,30.3375278,76.3956667
147002,30.3499925,76.4419735
147003,30.34918055,76.4161528
147004,30.36599445,76.3817722
147005,30.339139,76.32
147006,30.43,76.35
147007,30.25,76.35
147008,30.334492,76.385886
147021,30.3652865,76.47
147101,30.165,76.210772
147102,30.0095275,76.15
147103,30.287188,76.487022
147104,30.51,76.31
147105,29.91,76.08
147111,30.17,76.521358
147201,30.38,76.16002
147202,30.515,76.205
147203,30.6,76.2
147301,30.66204165,76.25441665
148001,30.24544445,75.84039585
148002,30.2114645,75.8403215
148017,30.3457625,75.95237405
148018,30.398147,76.015255
148019,30.5893666,75.875181
148020,30.522664,75.770579
148021,30.6580035,75.83630605
148022,30.5102545,76.0341125
148023,30.4517465,75.8729576
148024,30.397844,75.831606
148025,31.311716,75.683353
148026,30.213715,76.038733
148027,29.8305162,76.09440485
148028,30.099838,75.8069167
148029,30.131501,75.677536
148030,30.001998,75.8264444
148031,29.8882505,75.739853
148033,29.833887,75.923824
148034,30.318271,75.801096
148035,30.10435,75.955032
148100,30.48319175,75.445397
148101,30.36823605,75.54416665
148102,30.404437,75.326707
148103,30.88007155,75.1905123
148104,30.528356,75.508744
148105,30.2738469,75.5294895
148106,12.55495,15.433925
148107,30.29528975,75.484719
148108,30.311764,75.342675
148109,30.351953,75.928179
151001,30.204677,74.949001
151002,30.2383,74.92646
151003,30.25608,74.94534
151004,30.21006,74.98192
151005,30.1889,74.896
151006,30.20509,74.94862
151007,30.26773174,74.7733743
151101,30.201035,75.094105
151102,30.33121,75.091655
151103,30.2661,75.2534
151104,30.319328,75.23717333
151105,30.290605,75.222545
151106,30.4261,75.21968
151108,30.3181,75.185
151111,30.24913,75.1631
151201,30.31324,74.8742
151202,30.45070768,74.88402932
151203,30.683489,74.760401
151204,30.54205,74.8175
151205,30.43677,74.99656
151206,30.4433,75.0545
151207,30.64405,74.90892
151208,30.52855,74.93097
151209,30.6185,74.7489
151210,30.2958,74.36929
151211,30.06096,74.696176
151212,30.14212,75.18981
151213,30.666705,74.749991
151214,30.762138,74.7070605
151301,29.9951,74.9691
151302,29.9224,75.1239
151401,30.0409,74.8251
151501,29.88805,75.66315
151502,29.9427,75.5636
151503,29.82605,75.503333
151504,30.079,75.5349
151505,29.91365,75.33088
151506,30.1401,75.1443
151507,29.64295,75.26395
151508,30.0646,75.3475
151509,30.0548,75.2401
151510,30.14507,75.42302
151511,30.104931,75.05745
152001,30.927546,74.610497
152002,31.00523,74.59755
152003,30.99155,74.6133
152004,29.97117,74.57624
152005,30.78825185,74.613317
152020,30.4855355,74.14061
152021,30.82655,74.5765
152022,30.6863,74.38541
152023,30.84315,74.39662
152024,30.56734,74.24597
152025,30.47753,74.73175
152026,30.4952966,74.517469
152028,30.91599845,74.9910585
152031,30.44522755,74.6531055
152032,30.36775,74.46007
152033,30.97996,74.6816
152101,30.21389045,74.6590295
152107,30.23285,74.45763
152112,30.259178,74.500883
152113,30.0639563,74.6162694
152114,30.0665,74.532102
152115,30.7444,74.67895
152116,30.142214,74.2012655
152117,30.173793,74.33157
152118,30.9266692,74.61318153
152121,30.32155,74.05224
152122,30.2451,74.12985
152123,30.403726,74.03525
152124,30.403733,74.5624261
152128,30.4037305,74.29958375
152132,30.04488,73.98143
160001,30.74,76.8024722
160002,30.6913611,76.79256945
160003,30.6842894,76.7465939
160004,30.6473056,76.7890278
160006,30.742,76.7834
160009,30.74430555,76.79504165
160011,30.75672225,76.78575
160012,30.7543194,76.7834861
160014,30.692051,76.69841
160015,30.74956945,76.77491665
160017,30.7423305,76.7833278
160018,30.7354722,76.7874444
160019,30.72451555,76.7972222
160020,30.7420833,76.7833611
160022,30.7247917,76.76975
160023,30.7396389,76.7670278
160025,30.7529722,75.7185
160030,30.72589,76.7833611
160036,30.71952775,76.7393889
160043,30.720284,76.743564
160047,30.69630558,76.76902779
160055,30.73256,76.69841
160059,30.85058055,75.1582
160062,30.8249861,75.13293055
160071,30.9666111,73.53025
160101,30.692051,76.69841
160102,30.6921644,76.75401055
160103,30.692051,76.69841
160104,30.692051,76.69841
171001,31.1019937,77.17439088
171002,31.0891389,77.173424
171003,31.0488025,77.4498
171004,31.1831,77.2823
171005,31.226,77.179
171006,31.1018,77.1972
171007,31.21037775,77.404739
171008,31.101,77.1301
171009,31.07745,77.1833
171010,31.0689,77.1341
171011,31.00825,77.296
171012,31.15815,77.40045
171013,31.26126,77.5273415
171014,31.08198,77.403
171015,31.1669,77.1746
171018,31.21018055,77.1717278
171019,31.1226389,77.12996
171102,30.904486,77.096736
171103,31.2106,77.4063875
171201,31.09165,77.40635
171202,31.159125,77.406695
171203,30.97905,77.36055
171204,31.1173857,77.12943
171205,31.0672361,77.1295605
171206,31.2102,77.306
171207,31.212,77.4896
171208,31.2122,77.40611
171209,31.2108,77.12925
171210,30.9172778,77.65
171211,31.21581429,77.40570429
171212,31.21153833,77.40416133
171213,31.2526111,77.433
171214,31.21012,77.199
171215,31.1088795,77.6664896
171216,31.21194,77.40665533
171217,31.21032,77.409676
171218,31.0238333,77.1908333
171219,31.0412778,77.12254165
171220,31.21,77.4067
171221,31.210715,77.403615
171222,31.1384722,77.36581945
171223,31.2086944,77.7001111
171224,31.2852778,77.6988889
171225,31.40487,77.601913
171226,30.974775,77.40745
171301,31.244625,77.12289168
172001,31.47335,77.75305
172002,31.58187,77.68903
172021,31.40028335,77.62026695
172022,31.4149,77.63435
172023,31.43854,77.65208
172024,31.3182769,77.4458091
172025,31.16755,77.531
172026,31.4284,77.69485
172027,31.3182769,77.374162
172028,31.340239,77.541068
172029,31.3180546,77.4465904
172030,31.32660888,77.48490699
172031,31.3182764,77.4458096
172032,31.4581,77.64389
172033,31.34745,77.642
172034,31.525967,77.794176
172101,31.5131256,77.762502
172102,31.5048,77.80724
172103,31.555017,77.975402
172104,31.55814755,77.9467311
172105,31.5131,78.2236
172106,31.42620893,78.26469607
172107,31.536489,78.2568163
172108,31.5460886,78.2505706
172109,31.60030968,78.4493167
172110,31.702,78.49418635
172111,31.77845,78.51207
172112,31.85751905,78.5684467
172113,32.619211,77.378379
172114,32.619211,77.378379
172115,31.70645,78.19705
172116,31.58055,78.351
172117,32.0567222,77.8824441
172118,31.6449165,78.0533365
172201,32.04602,78.16141
173001,30.5994164,77.295483
173021,30.48716795,77.5187387
173022,30.6957312,77.4257319
173023,30.69552146,77.42586649
173024,30.849989,77.299414
173025,30.445283,77.6020569
173026,30.6166944,77.1834722
173027,30.849989,77.299414
173029,30.6748131,77.6020569
173030,30.55027515,77.2665622
173031,30.6760625,77.3870725
173032,30.849989,77.299414
173033,30.816198,77.188317
173101,30.85004109,77.29921991
173104,30.6957312,77.4257319
173201,30.901701,76.980742
173202,30.90195,76.993977
173204,30.900638,76.96300135
173205,30.904486,77.096736
173206,30.904486,77.096736
173207,30.90448594,77.09673594
173208,30.904486,77.096736
173209,30.904486,77.096736
173210,30.878024,77.05822
173211,30.9063123,77.09285395
173212,30.904488,77.09673086
173213,30.9226599,77.096736
173214,30.9167291,77.1053402
173215,30.904486,77.096736
173217,30.96879128,77.1053673
173218,30.904486,77.096736
173220,30.904486,77.096736
173221,30.904486,77.096736
173222,31.0546944,77.0245833
173223,30.849989,77.299414
173225,30.904486,77.096736
173229,30.890251,77.096736
173230,30.8591111,77.1685833
173233,30.904486,77.096736
173234,30.9702143,77.0997929
173235,30.904486,77.096736
173236,30.9731,76.9672
173237,31.1347,76.6658
174001,31.33885,76.7810705
174002,31.34105,76.4772
174003,31.448978,76.7523445
174004,31.3913,76.7495
174005,31.312751,76.763658
174011,31.2306,76.7177
174012,31.39155,76.83625
174013,31.4176,76.8054
174015,31.2255,76.6103
174017,31.3024,76.6443
174021,31.4491,76.7047
174023,31.50525,76.649525
174024,31.37664433,76.72149633
174026,31.5061,76.7294
174027,31.5385,76.66704
174028,31.57,76.69585
174029,31.4187,76.6407775
174030,31.441,76.5228
174031,31.3662565,76.646879
174032,31.2563,76.8597611
174033,31.3173015,76.8319925
174034,31.3475,76.6918
174035,31.343859,76.5965
174036,31.38425,76.873
174101,30.911293,77.086667
174102,30.904486,77.096736
174103,30.904486,76.964692
174201,31.3788,76.4334
174301,31.3530388,76.338014
174302,31.5666,76.212657
174303,31.5091665,76.2679185
174304,31.5553,76.4714
174305,31.523361,76.4624
174306,31.4437,76.329286
174307,31.6393175,76.338413
174308,31.5693274,76.393185
174309,31.520145,76.484812
174310,31.27595,76.6033
174311,31.60095,76.5213
174312,31.61865,76.4485885
174314,31.6074167,76.2197361
174315,31.4064203,76.352686
174316,31.5894483,76.1870829
174317,31.4778889,76.1735
174319,31.8090278,75.97525
174320,31.6511667,76.2725556
174321,31.5491986,76.3502242
174405,31.6082,76.484222
174503,31.38200485,76.1934085
174505,31.6253722,76.5082972
174507,31.3492,76.2682
175001,31.7018333,76.93
175002,31.5311325,76.8839655
175003,31.70802866,76.9340922
175004,31.708256,76.931376
175005,31.708256,76.931376
175006,31.708256,76.931376
175007,31.70855855,76.93211855
175008,31.6,76.88805
175009,31.705504,76.93091733
175010,31.708256,76.931376
175011,31.36,77.26
175012,31.8763056,76.91
175013,31.708256,76.931376
175014,31.708256,76.931376
175015,31.708256,76.931376
175016,31.934421,76.7899135
175017,31.4140278,76.86666665
175018,31.708256,76.931376
175019,31.53409055,76.90215445
175020,31.708256,76.931376
175021,31.708256,76.931376
175022,31.386912,77.243809
175023,31.6306528,76.83
175024,31.69183335,76.74
175025,31.7559167,76.7178611
175026,31.7517986,76.6690764
175027,31.55,76.955
175028,31.55,77.02
175029,31.58,77.07
175030,31.44,76.82
175031,31.465,77
175032,31.708256,76.931376
175033,31.708256,76.931376
175034,31.52,76.7647222
175035,31.62,77.18
175036,31.5688333,76.931376
175037,31.7129722,76.690375
175038,31.37,77.05
175039,31.50416665,77.0826389
175040,31.708256,76.931376
175042,31.68945835,76.705
175045,31.495,76.9897965
175046,31.37905555,77.1268472
175047,31.47,77.308734
175048,31.708256,76.931376
175049,31.708256,76.931376
175050,31.708256,76.7324084
175051,31.8656389,76.71275
175052,31.72954165,76.89220835
175075,31.77001,76.98001
175101,31.9604825,77.11294445
175102,31.9655,77.04
175103,32.287716,77.175
175104,32.0801185,77.1419245
175105,32,77.26
175106,31.66918055,77.28
175121,31.708256,76.931376
175123,31.62,77.35
175124,31.668877,77.08
175125,31.87,77.14
175126,31.8933611,77.12
175128,32.025,77.12
175129,32.1050972,77.1385278
175130,32.1163611,77.1724722
175131,32.2,77.18
175132,32.560565,77.0254695
175133,32.6159,76.9037
175134,31.76491665,77.35
175136,32.154278,77.176683
175138,31.99,77.13
175139,32.6489,76.8201
175140,32.5115889,77.0181028
175141,31.8417639,77.23218055
175142,32.7296528,76.6011389
175143,32.199727,77.19
176001,32.1087965,76.28348
176002,32.100477,76.307544
176021,32.15802,75.95628
176022,32.16526071,75.90980829
176023,32.144178,76.0107985
176025,32.04266367,75.96325967
176026,32.081731,76.145138
176027,32.0576535,76.102228
176028,31.9790655,76.173301
176029,32.016153,76.241394
176030,31.912124,76.313071
176031,31.877768,76.312342
176032,31.823231,76.394114
176033,32.000512,76.14794
176036,31.8189205,76.3250135
176037,32.028146,76.29687617
176038,31.785255,76.00046375
176039,31.461,76.5401
176040,31.6861,76.5224
176041,31.604905,76.5647425
176042,31.567935,76.5941
176043,31.5966,76.6217
176044,31.59895,76.6773
176045,31.6429,76.6464
176047,32.107683,76.379645
176048,31.6201,76.7091
176049,31.59307,76.5547425
176051,32.213118,75.914891
176052,32.17161,76.407562
176053,32.086251,75.959586
176054,31.993154,76.3120435
176055,31.50387415,76.5207925
176056,32.1129575,76.3420525
176058,31.9866944,75.8574444
176059,32.13475,76.4673889
176060,76.321,31.8662
176061,32.1072778,76.5320556
176062,32.1031389,76.5510278
176063,32.04839755,76.601137
176064,31.0816111,76.4619444
176065,32.0285833,76.4052222
176066,31.829682,76.277577
176067,32.070477,76.536759
176071,32.031452,76.54521
176073,31.924469,76.50402
176075,31.885368,76.471263
176076,32.002001,76.59407
176077,32.0412855,76.732149
176081,32.06363767,76.61853107
176082,31.863725,76.502319
176083,32.030021,76.500135
176084,31.982721,76.449078
176085,32.0580278,76.471459
176086,31.96249,76.521792
176087,32.02871977,76.53448837
176088,31.9387222,76.646191
176089,31.90454885,76.6693902
176090,31.835,76.65620835
176091,31.8880833,76.6326944
176092,31.9952925,76.47985875
176093,31.987112,76.485615
176094,31.97307,76.558965
176095,31.915024,76.601798
176096,31.923766,76.54987
176097,31.88906295,76.51809985
176098,31.839868,76.45197
176101,32.014293,76.449078
176102,32.082483,76.506911
176103,32.046328,76.5701355
176107,31.9315667,76.446931
176108,31.8242585,76.491928
176109,31.875682,76.5686415
176110,31.8338,76.5054
176111,31.761275,76.556625
176115,32.071426,76.636939
176125,32.05078,76.643892
176128,31.97243805,76.6729195
176200,32.29421,75.95850285
176201,32.264998,75.82289
176202,32.3027059,75.89934495
176203,32.3624415,75.945371
176204,32.223821,75.826643
176205,32.236446,76.04405
176206,32.21409,76.181916
176207,32.301749,76.08827
176208,32.168019,76.229082
176209,32.1483775,76.273133
176210,32.149667,76.0998269
176211,32.3742221,75.88408315
176214,32.1359376,76.2370316
176215,32.212125,76.3234444
176216,32.24614,76.3061045
176217,32.208622,76.260881
176218,32.21275,76.36725
176225,32.2098855,76.0664328
176301,32.48707,75.92214
176302,32.43027,76.013078
176303,32.54372,75.945575
176304,32.53917,75.97073
176305,32.54439,75.96516
176306,32.572585,75.980675
176307,32.5910309,76.2259695
176308,32.60763,76.00696
176309,32.443697,76.466431
176310,32.5576665,76.1245305
176311,32.481169,76.27808
176312,32.67986,76.0515201
176313,32.459865,75.983115
176314,32.55513695,76.12254812
176315,32.45118,76.57916
176316,32.84921,76.15084
176317,32.72039,76.0812
176318,32.5746,76.12692
176319,32.66454,76.09285
176320,32.721448,76.051302
176321,32.761585,76.17511
176323,32.988165,76.46354
176324,32.443858,76.360834
176325,32.62643,75.91598
176326,32.32888275,76.5549335
176330,32.71201,75.98986
176401,32.13395418,75.68742578
176402,32.18712405,75.6689205
176403,32.21625,75.67833
176501,31.898062,75.95
176502,32.026642,76.1127925
176601,31.42350345,76.23146703
177001,31.6772,76.5213
177005,31.70415,76.524
177006,31.6313655,74.891103
177007,31.68025,76.46195
177020,31.7238,76.49975
177021,31.707922,76.661006
177022,31.7568,76.599
177023,31.69835,76.615
177024,31.6501,76.6878
177025,31.673945,76.637769
177026,31.6205,76.449
177027,31.719612,76.5557865
177028,31.821356,76.5997
177029,31.67058335,76.5906
177031,31.6107674,76.69902
177033,31.7655,76.3253
177034,31.7176815,76.2971465
177038,31.69955,76.3409
177039,31.5839967,76.3926668
177040,31.68994333,76.41895167
177041,31.6784,76.3698
177042,31.7302,76.368575
177043,31.779026,76.252733
177044,34.802614,76.471791
177045,31.7425,76.4165
177048,31.7112,76.4511
177101,31.881526,76.212714
177103,31.849001,76.189242
177104,31.850251,76.224532
177105,31.890694,76.117499
177106,31.849748,76.195218
177107,31.823048,76.211715
177108,31.81013725,76.2388595
177109,31.766571,76.191031
177110,31.8219065,76.086638
177111,31.882469,76.0688895
177112,31.862588,76.070192
177113,31.922724,76.130546
177114,31.929837,76.213872
177117,31.8963215,76.254067
177118,54.1487245,54.149504
177119,31.5645,76.50785
177201,31.6574895,76.0602291
177202,31.7093056,76.0872778
177203,31.6873735,76.1155485
177204,31.779668,76.012295
177205,31.501,76.5299167
177206,31.6178,76.116393
177207,31.5040833,76.160417
177208,31.56927,76.133173
177209,31.461781,76.207978
177210,31.7005833,76.1818311
177211,31.615267,76.1454028
177212,31.468445,76.270775
177213,31.468445,76.270775
177219,31.71983925,76.0698274
177220,31.4133865,76.2352997
177301,31.7014,76.35565
177401,31.62685,76.5921
177501,31.6458,76.6152
177601,31.71264165,76.67645
180001,32.732837,74.8575833
180002,32.722613,74.837554
180003,32.68958945,74.9437905
180004,32.6964616,74.86153915
180005,32.74430113,74.84890647
180006,32.722836,74.8740985
180007,33.7569135,74.8577935
180009,32.652915,74.807113
180010,32.668291,74.866795
180011,32.672471,74.906262
180012,32.71069274,74.87982462
180013,32.772311,74.839821
180015,32.692392,74.894569
180016,32.7320065,74.8595375
180017,32.7513889,74.939797
180018,32.743578,74.811964
180019,32.72965,74.80659
180020,32.69575,74.87556
181008,32.692423,74.82747
181101,32.6439715,74.799475
181102,32.602713,74.731531
181111,32.539529,74.731734
181121,32.748385,74.837857
181122,32.829342,74.765892
181123,32.7863375,74.8231525
181124,32.750648,74.820327
181131,32.501281,74.7446775
181132,32.6069595,74.859485
181133,32.6331455,74.906931
181134,32.564468,75.0356005
181141,32.4985545,74.960919
181143,32.6047778,74.992705
181145,32.681487,75.0060825
181152,32.710377,74.906262
181201,32.899524,74.73005
181202,32.8050805,74.5748316
181203,32.815994,74.512637
181204,32.84068115,74.46474385
181205,34.75832,74.814157
181206,32.7399495,74.717571
181207,32.7985762,74.60417935
181208,32.830701,74.752616
181221,32.796472,74.915333
181224,32.6969695,74.993933
182101,1,1
182104,32.9095278,75.1062222
182121,1,1
182122,1,1
182124,1,1
182125,1,1
182126,1,1
182127,1,1
182128,1,1
182129,33.305413,75.061222
182130,33.305413,75.061222
182131,33.305413,75.061222
182132,33.305413,75.061222
182133,33.305413,75.061222
182134,33.305413,75.061222
182135,33.305413,75.061222
182136,33.305413,75.061222
182137,33.305413,75.061222
182138,33.305413,75.061222
182139,33.305413,75.061222
182140,33.305413,75.061222
182141,1,1
182142,1,1
182143,1,1
182144,1,1
182145,1,1
182146,1,1
182147,1,1
182148,1,1
182161,1,1
182201,1,1
182202,1,1
182203,1,1
182204,1,1
182205,1,1
182206,33.1844,75.4639
182207,33.1352657,75.5174733
182221,1,1
182222,1,1
182301,1,1
182311,1,1
182312,17.053125,37.94706945
182313,1,1
182315,1,1
182320,32.9412709,74.95446615
184101,32.3673333,75.5223333
184102,32.3868685,75.531487
184104,32.3872222,75.482119
184120,32.56452,74.966175
184121,32.5472745,75.110753
184141,32.512206,75.149001
184142,32.445435,75.226028
184143,32.42962,75.449039
184144,32.472983,75.3117625
184145,33.5923875,74.708938
184148,32.415485,74.741022
184151,32.403872,75.435929
184152,32.3845,75.593164
184201,32.5054535,75.80045
184202,32.536374,75.6352045
184203,32.559028,75.526942
184204,32.613571,75.626706
184205,32.624514,75.288737
184206,32.707901,75.815626
184210,32.644025,75.391644
185101,1,1
185102,1,1
185121,1,1
185131,1,1
185132,1,1
185133,33.375711,74.6178268
185135,1,1
185151,1,1
185152,1,1
185153,1,1
185154,32.821098,74.6960675
185155,1,1
185156,1,1
185201,1,1
185202,1,1
185203,1,1
185211,1,1
185212,1,1
185233,1,1
185234,1,1
190001,34.07417776,74.81325556
190002,34.0899074,74.80614813
190003,34.0980833,74.8165556
190004,34.0639722,74.8484166
190005,34.0343333,74.8004722
190006,34.17367,74.8371111
190007,33.9998889,74.7688889
190008,34.06063055,74.8197111
190009,34.0727916,74.8013472
190010,34.0699167,74.8098333
190011,34.0997043,74.7448803
190012,34.1009722,74.7345556
190014,34.0376694,74.7871666
190015,34.0439167,74.8097222
190017,34.1049915,74.683077
190018,34.0766111,74.731965
190019,73.65825,85.5712639
190020,34.1529167,74.8017222
190021,34.0213056,74.7696944
190023,34.061257,74.817321
190024,34.1642778,74.8303611
190025,34.1425901,74.8607518
190099,34.071643,74.823587
191101,34.115543,74.673205
191102,34.0263611,74.96675
191103,33.8632858,79.6882728
191111,129.6,72.4
191112,69.111,74.7669444
191113,190.5,100.5
191121,34.162901,74.906871
191131,34.2149656,74.4670995
191132,34.0045833,74.7947778
191201,34.275102,74.807155
191202,34.217924,75.158101
192101,33.7398611,75.14127775
192121,34.104983,74.673205
192122,134.75875,73.5882778
192123,174.55,74.9085278
192124,83.65,75.121886
192125,33.89,75.2766944
192126,34.04608,75.3235277
192129,33.8195905,75.242277
192201,129.6,72.4
192202,34.080126,74.628679
192210,33.730987,75.150143
192211,54.36463385,76.18292
192212,132,114.5
192221,33.708549,75.122967
192231,34.094243,74.6412975
192232,235.6,90.2
192233,33.649812,75.023511
192301,72.5412,74.978594
192302,32.5,29.5
192303,32.5,23.5
192304,33.9473333,74.93537
192305,129.6,74.9650833
192401,32.6,32.8
193101,34.14054933,74.01888889
193103,34.2238055,74.4049475
193108,34.184757,74.468761
193109,34.173747,74.432528
193121,34.139412,74.55209617
193122,34.140684,74.171756
193123,34.08,74.01
193201,34.331218,74.4510486
193221,34.4,74.72
193222,34.501166,74.250527
193223,34.07,74.72
193224,34.514753,74.119592
193225,34.3996,73.8624
193301,34.27,74.33
193302,34.37095451,74.30132954
193303,34.31,74.32
193306,33.8222022,74.8431295
193401,34.084664,74.6136455
193402,79.4630515,134.9866025
193403,34.031827,74.235936
193404,34.0854155,74.5015315
193411,129.6,75.5905
193501,34.247595,74.63224
193502,34.434619,74.668958
193503,34.621875,74.92015
193504,34.275914,74.65083285
193505,34.422942,74.556581
194101,34.1683748,77.5225625
194102,34.4320118,76.135043
194103,34.55838125,76.17764505
194104,34.152838,77.577038
194105,34.553506,76.135043
194106,34.33220195,76.87294885
194107,34.29032,77.213211
194109,34.16264,77.67143
194201,33.87610145,77.8677149
194202,40.072188,54.8064005
194301,34.773988,77.4614415
194302,33.67,76.8849
194303,34.553506,76.135043
194401,34.4020402,77.577038
201001,28.66831295,77.445098
201002,28.6741667,77.4470833
201003,28.7267755,77.3930885
201004,28.6920556,77.4503333
201005,28.68637066,77.36199861
201006,28.689016,77.327417
201007,28.67838605,77.37473742
201008,28.534516,77.391026
201009,28.65972865,77.42642047
201010,28.65511285,77.34133335
201011,28.664917,77.330289
201012,28.6532778,77.3566944
201013,28.68551559,77.48418804
201014,28.63910529,77.37146799
201015,28.68356382,77.5375737
201016,28.62565,77.43508
201017,28.68915843,77.44517332
201018,28.6526753,77.4356224
201019,28.6681111,77.4284722
201020,28.61964388,77.34620936
201021,28.63408,77.345364
201022,77.37410016,28.47342492
201102,28.7493611,77.317409
201103,28.79171778,77.25052709
201201,28.85587173,77.645021
201204,28.8345605,77.5665645
201206,28.770375,77.4773275
201301,23.51684,77.856245
201302,28.5787,77.3134
201303,26.07345,78.20318
201304,28.52839686,77.38534067
201305,28.53757416,77.40162413
201306,28.530827,77.459925
201307,28.584932,77.38699
201309,26.0868875,77.976306
201310,28.4771046,77.51634606
201311,28.535516,77.391026
201312,28.452212,77.525161
201313,28.54717154,77.33436863
201314,28.535516,77.568479
201315,28.44606,77.5098
201316,28.59573129,77.4022967
201317,28.52291,77.35482
201318,28.6681111,77.4284722
201319,28.535706,77.396879
201320,28.57419,77.442
202001,27.88827729,78.07258947
202002,27.91356345,78.07844813
202121,27.8056746,78.2711069
202122,27.9903879,78.0612704
202123,27.819874,77.85780985
202124,27.70914219,77.93868973
202125,27.9441389,78.1913541
202126,27.9883457,78.1012034
202127,28.0112445,78.1364889
202128,27.86688,78.25149113
202129,27.85758065,78.31157147
202130,27.9265179,78.3986569
202131,27.9834271,78.3998642
202132,28.0797556,77.8492695
202133,27.95153242,78.46797198
202134,27.8718884,78.4638274
202135,27.9348706,77.8085393
202136,28.0386391,77.9847638
202137,28.0233337,77.656476
202138,27.9329272,77.8610254
202139,27.5472702,78.1478918
202140,27.9222986,77.97552405
202141,27.9734,77.7696
202142,28.0303222,77.9188882
202143,28.07317445,77.93424155
202145,27.6400446,77.8695996
202146,27.9001111,78.0728333
202150,27.7744191,78.0930041
202155,27.9617224,77.77105355
202165,28.0233,77.5977596
202170,27.72317254,78.22497599
202280,28.0306546,78.2858016
202281,28.0912103,78.32056555
202282,27.96532445,78.2600732
203001,28.4059108,77.8619554
203002,28.3642191,77.8331113
203129,28.1992125,77.9618167
203131,28.2514032,77.8902554
203132,28.2079111,77.7968072
203135,28.1738594,77.5786256
203141,28.1644865,77.7223062
203150,28.388229,78.0124139
203155,28.1408283,77.63365005
203201,28.3454822,77.5991821
203202,28.391959,77.6598215
203203,28.3045359,77.7053889
203205,28.47384255,77.7275302
203206,28.4402375,77.7467628
203207,28.5766505,77.550478
203209,28.2434044,77.5792694
203389,28.1777076,78.3755207
203390,28.3203298,78.2303479
203391,28.35243485,78.1243719
203392,28.2246193,78.17234865
203393,28.2090208,78.2974577
203394,28.4133835,78.0741906
203395,28.3065721,77.9721808
203396,28.1692235,78.0619086
203397,28.10813545,78.1357374
203398,28.4675614,78.1878948
203399,28.1319063,78.39642045
203401,28.504176,77.8840541
203402,28.66880035,77.97529255
203403,28.5873857,78.1236592
203405,28.5187084,78.07446415
203407,28.5519533,77.9581602
203408,28.5342592,77.7938461
203409,28.42694795,77.92520365
203411,28.6248774,77.8791618
203412,28.6168381,78.03051395
203413,28.4076,77.8498232
204101,27.5645145,78.0537813
204102,27.64764375,78.151496
204211,27.69336825,78.2552916
204212,27.6049415,78.2586944
204213,27.5678273,77.9388056
204214,27.606637,78.3728456
204215,27.686409,78.3709167
204216,27.70184147,78.08021792
204217,27.61646346,78.11061336
205001,25.9722342,78.45381565
205119,27.5486231,78.5689521
205121,24.235688,78.236589
205247,24.65593275,79.1090634
205261,24.5646465,78.9556456
205262,24.72229905,78.601565
205263,27.124134,78.140184
205264,24.6949547,78.9475517
205265,27.124046,78.45586065
205267,27.4522214,78.4568326
205268,27.1545425,78.1255421
205301,24.546546,78.598899
205303,27.12385985,78.1208364
205304,27.45454525,78.45337605
206001,26.77434571,79.01863596
206002,26.80458505,78.97866655
206003,26.7514831,79.0359474
206120,26.6594638,79.2830514
206121,26.5601248,79.3115117
206122,26.47127405,79.5146953
206123,26.9262233,79.2025852
206124,26.6841029,79.1887235
206125,26.5463816,79.112463
206126,26.7258714,79.1143512
206127,26.65612695,79.1153383
206128,26.6006535,79.2297291
206129,26.5119014,79.3837738
206130,26.9385983,78.9612722
206131,26.73898005,78.9065551
206241,26.6969285,79.4034477
206242,26.7733918,79.25399775
206243,26.8030435,79.5449638
206244,26.6318367,79.5583494
206245,26.8822088,78.8831234
206246,26.60352175,79.63327285
206247,26.60426035,79.46562405
206248,26.739555,79.6090793
206249,26.7766485,79.4575452
206250,26.7018624,79.5041322
206251,26.8385536,79.6465015
206252,26.87579865,79.4130635
206253,26.884335,79.0583896
206255,26.7768018,79.6983003
207001,27.55768167,78.660082
207002,27.56778808,78.675
207003,27.52,78.82
207120,27.625,78.545
207121,27.43407101,78.75
207122,27.57,78.48
207123,27.795,78.685
207124,27.87,78.58
207125,27.675,78.66
207241,27.69940761,78.765
207242,27.7300372,78.93949082
207243,27.68848842,79.05
207244,27.57,79.15
207245,27.77,78.815
207246,27.63620906,78.86
207247,27.465,79.15
207248,27.54,78.93
207249,27.5,79.02
207250,27.36536673,79.25959675
207301,27.44285756,78.44
207302,27.47303703,78.3
207401,27.76,78.53
207402,27.88796085,78.828987
207403,27.905,78.71
208001,26.46576618,80.34714365
208002,26.48299425,80.3136957
208003,26.4600417,80.3304722
208004,26.4515764,80.3563125
208005,26.4762778,80.3110833
208006,26.461125,80.32638885
208007,26.4146667,80.3901944
208008,26.4137917,80.3974722
208009,26.46569445,80.2712083
208010,26.4292778,80.403
208011,26.42622,80.32435665
208012,26.4683889,80.3125833
208013,26.4735556,80.3506944
208014,26.43955555,80.31391665
208015,26.4126944,80.3717778
208016,26.5119167,80.2364167
208017,26.4766667,80.26401665
208019,26.476375,80.3063194
208020,26.4718128,80.2874472
208021,26.39973,80.31465
208022,26.4582778,80.31688885
208023,26.4394028,80.3370833
208024,26.495875,80.2763889
208025,26.477,80.29168055
208026,26.4735556,80.3506944
208027,26.4295528,80.3113061
209101,26.37722,79.948282
209111,26.2306165,79.8369545
209112,26.193703,79.7898685
209115,26.3049595,79.709403
209121,26.322401,80.082893
209125,26.374193,79.637531
209202,26.83934,79.998256
209203,26.6168305,80.198305
209204,26.6037015,80.039834
209205,26.6673635,80.1391605
209206,26.139609,80.166334
209208,26.1669525,79.96619267
209209,26.209983,80.275673
209210,26.740191,80.097485
209214,26.32118876,80.27391046
209217,26.55588055,80.22331625
209301,26.44994,79.805185
209302,26.565677,79.7489345
209303,26.495019,79.914648
209304,26.42610916,80.16877166
209305,26.83895,79.53646
209306,26.71191,79.799317
209307,26.495156,80.0908655
209308,26.246032,80.195271
209310,26.495616,79.694202
209311,26.348025,80.012733
209312,26.298134,79.842955
209401,26.2441,80.42987
209402,26.28413827,80.48852056
209501,27.551256,79.343696
209502,27.5512557,79.34369453
209503,27.14764,78.038981
209504,27.551256,79.343696
209505,27.61276156,79.27717667
209601,27.36686633,79.63080687
209602,26.884799,80.936746
209621,27.540354,79.597565
209622,27.897394,78.088013
209625,27.38772476,79.5769136
209651,25.628554,83.754199
209652,27.284431,79.470317
209720,27.123587,79.437881
209721,27.14976477,79.49989369
209722,27.116627,79.728674
209723,26.951907,79.64511
209724,27.26361641,79.630383
209725,27.05603707,79.9179352
209727,27.02861021,79.92590386
209728,27.03239866,79.49034885
209729,26.035909,84.054731
209731,26.951907,79.64511
209732,26.9613147,79.79220184
209733,27.088417,79.819344
209734,27.028612,79.9259075
209735,27.205325,79.579566
209736,26.961755,79.791247
209738,27.3268611,79.6138055
209739,25.958014,83.26649
209743,27.116627,79.728674
209745,27.551256,79.343696
209747,26.953337,79.439573
209749,27.320815,79.622137
209801,26.590561,80.4676265
209821,26.450038,80.905563
209825,26.4872405,80.696935
209827,26.401752,80.688864
209831,26.647411,80.621946
209841,26.7799815,80.601537
209859,26.590471,80.765224
209860,26.443215,80.544638
209861,26.49666,80.3973995
209862,26.5155833,80.4310833
209863,26.229957,80.6569275
209864,26.204308,80.721373
209865,26.352,80.6557778
209866,26.29542,80.824238
209867,26.3377595,80.751189
209868,26.897757,80.22462745
209869,26.960546,80.180445
209870,26.7867825,80.495652
209871,26.769565,80.31288
209881,26.807131,80.586339
210001,25.4791515,80.33951815
210120,25.370585,80.47785865
210121,25.580044,80.655136
210123,25.713712,80.487995
210125,25.54365558,80.94458508
210126,25.807399,80.4033665
210128,25.6339074,80.52506365
210129,25.151098,80.459516
210201,25.314794,80.5815429
210202,25.218695,80.654838
210203,25.39933935,80.6941415
210204,25.1843889,80.836983
210205,25.2181635,81.006444
210206,25.347248,80.943106
210207,25.4645005,81.0954405
210208,25.0986635,81.118932
210209,25.286849,81.299373
210301,25.914266,80.150983
210341,25.7570833,80.1092778
210421,25.4710735,79.78916
210422,25.8199325,79.7856345
210423,25.200388,79.5008255
210424,25.418616,79.947473
210425,25.570511,79.880098
210426,25.3172764,79.6329952
210427,25.313608,79.877405
210428,25.644642,79.459247
210429,25.372867,79.442869
210430,25.747099,79.4879
210431,25.65254,79.5869885
210432,25.808487,79.727113
210433,25.2198415,79.829377
210501,25.8021555,79.948958
210502,25.8257327,80.1843165
210504,25.525084,80.1198465
210505,26.0006246,80.007111
210506,25.6627835,79.822398
210507,25.677329,80.177071
211001,25.43754,81.84545333
211002,25.46700222,81.85512778
211003,25.434782,81.841212
211004,25.49332,81.863015
211005,25.42953,81.87684
211006,25.444855,81.8686
211007,25.433096,81.838127
211008,25.393334,81.86140267
211010,25.4105605,81.8569705
211011,25.449537,81.791578
211012,25.448015,81.74257
211013,25.537687,81.871606
211014,25.49909,81.85829
211015,25.44064,81.78777
211016,25.42847,81.81825
211017,25.45349,81.82738
211018,25.45846,81.84223
211019,25.428924,81.9121388
211020,25.422222,81.88293315
211021,25.53507,81.85315
211022,25.56211,81.89447
211023,25.45347,81.82738
212104,25.435801,81.846311
212105,25.37678,81.86714
212106,25.435801,81.827474
212107,25.3027,81.8117
212108,25.227881,81.827474
212109,25.453182,81.827474
212110,28.077808,81.73736
212111,25.3027,81.8117
212201,25.453182,81.738837
212202,25.453182,81.624058
212203,28.639983,77.328548
212204,25.453182,81.827474
212205,25.3692505,81.8117
212206,25.453182,81.817474
212207,25.3027,81.8117
212208,25.5514732,81.730838
212212,25.4717,81.66515
212213,25.453182,81.827474
212214,25.435801,81.827474
212216,25.37765645,81.50899255
212217,25.435801,81.846311
212218,25.4531828,81.57747
212301,25.432048,81.836852
212302,25.435801,81.846311
212303,25.3027,81.827474
212305,25.258503,82.042757
212306,25.26806493,82.034782
212307,25.453182,81.827474
212308,25.12913,81.96777
212401,25.521817,82.256972
212402,25.55104,82.08837367
212404,25.521364,82.042757
212405,25.435801,81.846311
212502,25.453182,81.846311
212503,25.616338,81.8117
212507,25.453182,81.827474
212601,25.9281944,80.8005833
212620,25.76569,80.8554
212621,25.78615,80.74015
212622,25.81905,80.814417
212631,25.9396006,80.3825588
212635,26.02135,80.54965
212641,25.95394444,80.5797
212645,26.03230275,80.69583665
212650,25.9439139,81.05478
212651,25.925688,80.814418
212652,25.925692,81.15156605
212653,25.83705,81.20325
212654,25.99744,80.98575
212655,25.7561,81.0986111
212656,25.60075,81.1161
212657,25.9166533,80.69583665
212658,26.04295,80.39925
212659,26.10621,80.34879
212661,25.8122778,80.54015
212663,25.88338665,80.6599
212664,26.0266,80.72971
212665,26.1473,80.59359
221001,25.31456906,83.01091333
221002,25.3271944,82.9885
221003,25.354757,82.9515
221004,25.23269445,82.77020835
221005,25.31,83.01296
221006,25.44,82.84
221007,25.388,83.01285
221008,25.281,83.0339506
221009,27.1731,83.0447
221010,25.31087962,82.99365742
221011,25.281,82.979
221012,25.281,83.119
221101,25.49391,83.01285
221103,25.3022778,82.9697778
221104,25.49368,83.01268235
221105,25.37,82.91
221106,25.3,82.95
221107,25.307233,82.936711
221108,25.30675,82.96154165
221109,25.211598,82.819827
221110,25.27646,83.03345
221111,25.49391,83.01285
221112,25.49391,83.01285
221115,25.49391,83.119
221116,25.49391,83.01285
221201,25.45023889,82.73075833
221202,25.458623,82.883578
221204,25.42,82.81
221206,25.486478,82.828045
221207,25.533179,82.737412
221208,25.53,82.93
221301,25.39,82.56
221302,25.45,82.87
221303,25.27,82.42
221304,25.36,82.47
221305,25.18,82.83
221306,25.25,82.513803
221307,25.286021,82.761879
221308,25.334786,82.321787
221309,25.30732,82.268031
221310,25.3031667,82.36
221311,25.26,82.84
221313,25.26,82.84
221314,25.261362,82.614038
221401,25.375,82.55
221402,25.36997208,82.64034468
221403,25.35,82.75
221404,25.46,82.4178889
221405,25.35,82.82
221406,25.427196,82.485874
221407,25.315636,83.01187
221409,25.409924,82.601481
221502,25.435801,81.846311
221503,25.45332441,81.827474
221505,25.453182,81.827474
221507,25.4700691,81.8802475
221508,25.49551,81.933021
221601,26.2,83.72
221602,26.11,83.71
221603,26.12,83.14
221701,25.835,83.95481535
221705,25.96,83.69
221706,25.93,83.73
221709,25.87,83.94
221711,25.97,83.86
221712,25.86,83.85
221713,25.75,84.02
221715,26.1,83.84
221716,26.045,83.745
221717,26.065,83.975
221718,25.24,82.93
222001,25.75186667,82.69203333
222002,25.7355,82.6864
222003,25.8307,82.36
222004,25.861044,82.635392
222101,26.17730556,82.68125
222105,25.69,82.47
222109,25.83,82.2
222125,25.89,82.45
222126,25.8984,82.66
222127,26.1542,82.44
222128,26.55,82.1
222129,26.35,81.58
222131,26.1357,81.6354
222132,25.9092,82.4416111
222133,26.4852,82.55
222135,25.7136667,82.5089444
222136,25.66,82.25
222137,26.01,82.005
222138,25.62,82.55
222139,25.8278889,82.52
222141,26.58,82.11
222142,26.4541,82.605
222143,25.96865,82.38645
222144,25.5764028,81.48285
222145,25.83484445,82.2138
222146,26.58,82.47
222148,26.38,82.6578
222149,26.33,82.64
222161,26.1526,81.9
222162,25.83,82.36
222165,25.62408335,82.46
222170,25.6725139,82.62
222175,25.665,82.445
222180,26.36,82.51
222181,25.45855,82.74165
222201,26.4587,82.48
222202,25.46635,82.51
222203,26.15,81.895
222204,25.87575,82.62756
222205,25.46186,82.63682
222301,26.058041,82.358948
222302,26.14010349,82.22728768
222303,26.12203,82.3083333
223101,26.0512,82.67
223102,26.28,82.48
223103,25.66,82.36
223104,25.69,82.415
223105,25.6261,82.66
223221,26.18,82.91
223222,26.07,83.18
223223,10.2,10.3
223224,25.99,82.76
223225,26.13,82.81
223226,26.07,82.57
223227,26.39,82.65
224001,26.77462553,82.14003084
224116,26.786625,81.789417
224117,26.740003,81.632275
224118,26.68992175,81.67380567
224119,26.813197,81.620329
224120,26.75300167,81.7498115
224121,26.67236408,81.83602192
224122,26.4296944,82.538199
224123,26.79334513,82.19982625
224125,26.236062,82.827708
224126,26.77234825,81.92246825
224127,26.6852515,82.088182
224129,26.45248449,82.78035279
224132,26.434314,82.430168
224133,26.719937,82.1500725
224135,26.7267355,82.20555
224137,26.377762,83.032829
224139,26.34204671,82.83415114
224141,26.56982563,82.38220812
224143,26.499815,82.7758285
224145,26.5915275,82.549017
224146,26.3600776,82.582856
224147,26.420168,82.8572115
224149,26.309333,82.754941
224151,26.4680295,82.533112
224152,26.47999043,82.407414
224153,26.59819,81.792372
224155,26.414759,82.7577715
224157,26.51501,82.406197
224158,26.65086617,81.99411742
224159,26.283225,82.648411
224161,26.641707,82.33569378
224164,26.59206731,81.90887138
224168,26.400884,82.5062245
224171,26.710079,82.192793
224172,26.643121,82.24823
224176,26.303431,83.092167
224181,26.446218,82.771732
224182,26.7667272,81.9706454
224183,26.3840005,82.80577
224186,26.39161138,82.64438763
224188,26.7526134,81.984811
224189,26.7223235,81.912291
224190,26.549161,82.658215
224195,26.56767175,82.29381175
224201,26.701401,82.144164
224202,26.700509,82.171013
224203,26.584967,82.208065
224204,26.59970618,82.133688
224205,26.461209,82.239396
224206,26.534654,82.145524
224207,26.773248,82.144164
224208,26.558262,82.010399
224209,26.47574044,82.128348
224210,26.445633,82.676696
224225,26.602837,81.927416
224227,26.495228,82.593294
224228,26.619577,81.937187
224229,26.5447928,81.837297
224230,26.244606,82.859002
224231,26.474526,82.322127
224232,26.567282,82.618629
224234,26.577018,82.3471385
224235,26.468395,82.691543
224238,26.597508,82.581817
224239,26.462591,82.844075
224284,26.55803467,82.01385
225001,26.9279831,81.1981667
225003,26.93161475,81.20224325
225119,26.7325518,81.3220578
225120,26.76965,81.28244
225121,26.9316153,81.2022427
225122,26.83511,81.15091
225123,26.931613,81.2035278
225124,26.61682,81.37965
225125,26.66175,81.49105
225126,26.61194,81.25352
225201,26.93251,81.3977
225202,27.12485,81.37036
225203,26.931617,81.202241
225204,26.99445,81.29355
225205,27.0529,81.38475
225206,26.9899,81.4151
225207,26.93251,81.3977
225208,26.93251,81.3977
225301,27.04395,81.1721
225302,27.0709,81.07116
225303,26.93251,81.3977
225304,27.23729,81.35794
225305,27.20087,81.20755
225306,27.18925,81.06075
225401,26.79092,81.58426
225403,26.87016,81.67654
225404,26.881302,81.533076
225405,26.85055,81.4606375
225409,26.77415,81.52645
225412,26.90905,81.35435
225413,26.76065,81.41
225414,26.8833199,81.2621508
225415,26.97882,81.58969
225416,26.93251,81.3977
226001,26.84875599,80.94580503
226002,26.8199444,80.95386105
226003,26.8682778,80.907941
226004,26.83518667,80.91465217
226005,26.81671333,80.91306148
226006,26.87565275,80.959625
226007,26.8659548,80.9512122
226008,26.786219,80.846082
226009,26.8074445,80.9121125
226010,26.867149,81.002978
226011,26.816896,80.892826
226012,26.823256,80.9181385
226013,26.93071,80.929395
226014,26.7445,80.9388611
226015,26.8951388,80.9835833
226016,26.878425,80.9896944
226017,26.84418155,80.8839745
226018,26.84627228,80.92534891
226019,26.91975,81.0629166
226020,26.8852941,80.93586903
226021,26.90768123,80.95029813
226022,26.89681615,80.96458415
226023,26.8208665,80.915262
226024,26.9003208,80.94753955
226025,26.7642777,80.9268888
226026,26.89776,80.9827164
226027,26.8447,80.945626
226028,26.8814605,81.0026515
226029,26.78161,80.95851
226030,26.794722,81.007825
226031,26.906258,80.948475
226101,26.869397,80.7768613
226102,26.91882243,80.70845327
226103,26.994066,80.624366
226104,26.858225,80.945626
226201,26.99064633,80.92054883
226202,26.991295,80.923406
226203,27.08116389,80.89614633
226301,26.68732343,80.98377043
226302,26.748259,81.029918
226303,26.845697,80.945896
226401,26.682181,80.823191
226501,26.7675478,81.1098482
227304,26.214826,82.07661
227405,26.154054,81.814238
227406,26.108855,81.944298
227407,26.0855,81.831999
227408,26.151558,81.770499
227409,26.207349,81.682344
227411,26.257113,81.770499
227412,26.2145388,81.8210664
227413,26.13134295,81.9006826
227801,26.368984,81.666988
227805,26.347123,81.856585
227806,26.154054,81.814238
227807,26.374344,81.770499
227808,26.27573167,82.0064335
227809,26.463984,81.589116
227811,26.154054,81.814238
227812,26.390367,81.902094
227813,26.37553042,81.80253422
227814,26.297703,82.072706
227815,26.51264524,81.78200057
227816,26.47284,81.907719
227817,26.4796667,81.5690833
228001,26.250211,82.072
228118,26.276888,82.076103
228119,26.348383,81.81
228120,26.2446526,82.2311635
228121,26.391201,82.061823
228125,26.327592,82.108823
228131,26.272201,82.472568
228132,26.257327,82.075647
228133,26.1793796,82.396711
228141,26.28492818,82.24340182
228142,26.20204,82.28977185
228145,26.250152,82.228462
228151,26.41278414,82.12222911
228155,26.34510071,81.978026
228159,26.1576935,82.036627
228161,25.968019,82.959566
228171,26.2193345,82.47673
228172,26.1856405,82.534
229001,26.23,81.22144445
229010,26.23012,81.29
229103,25.15,81.3
229120,26.234946,81.241008
229121,26.21,81.05
229122,26.0025833,79.05
229123,26.447,77.9729861
229124,26.11,81.33
229125,26.13,81.12
229126,26.43,81.4
229127,26.0274444,81.4239
229128,26.53115,81.3415972
229129,24.9,79.575
229130,26.23,81.11
229135,26.32,81.33
229201,26.1745556,81.244
229202,26.1385,80.1985
229203,25.83844445,80.985
229204,26.035,79.995
229205,26.28418055,80.94430555
229206,26.17,80.98
229207,26.16,81.0506944
229208,26.10525,81.91795835
229209,33.29791665,87.107875
229210,26.240122,81.242292
229211,26.0215139,82.745
229212,26.14507685,80.7851705
229215,24.9365,78.77116665
229216,25.91,80.865
229301,26.02,81.1127222
229302,27.99,81.41
229303,26.585,83.2
229304,28.755,81.535
229305,26.2345,81.4278472
229306,26.33445,81.240504
229307,22.85,79.241008
229308,27.62131945,79.183506
229309,26.375,81
229310,26.15,81.35
229311,26.57,81.16
229316,29.43925,80.9090278
229401,26.23,81.24
229402,26.09,81.25
229404,26.234946,81.0251944
229405,26.61,79.48
229406,27.4,81.241008
229408,21.5482,81.548
229410,21.9384325,81.748077
229411,25.453182,81.708263
229412,25.453182,81.827474
229413,25.652762,81.619948
229801,26.4445,81.3345
229802,26.2878472,82.12
230001,25.91602018,81.99776463
230002,21.54246,81.25461
230121,21.2764,81.32076
230124,21.10254,81.124515
230125,21.3493827,81.400042
230126,23.280335,81.84796
230127,21.265,81.264547
230128,21.25326857,81.25935286
230129,21.544478,81.7722778
230130,26.241304,84.071794
230131,21.7897897,81.77762
230132,21.4548,81.3654
230133,25.8973038,81.9452981
230134,21.2548,81.59695
230135,21.5632,81.5632
230136,21.4548,81.3654
230137,21.33547,81.230639
230138,21.4548,81.3654
230139,21.4548,81.3654
230141,21.2654,81.5469
230142,21.2654,81.647
230143,21.055634,81.362584
230144,25.907,81.8613
230201,21.45645,81.3654
230202,21.2615,81.3653
230204,21.4548,81.3654
230301,21.5152158,81.512526
230302,21.6653135,81.651132
230304,21.515284,81.561625
230306,21.65456,81.35462
230401,21.2548,81.3654
230402,21.2548,81.647
230403,21.2654,81.647
230404,21.5784,81.5112
230405,21.50329,81.5
230501,21.348425,81.254899
230502,21.4548,81.3654
230503,21.542105,81.5625
231001,25.14250945,82.5631769
231205,24.541486,83.012718
231206,24.531354,83.11422
231207,24.44012245,83.121718
231208,24.2069775,83.217723
231209,24.3612,83.1236
231210,24.736477,82.762954
231211,24.9334975,82.3598785
231212,24.080132,83.208493
231213,24.66462785,83.268755
231215,24.694755,82.911146
231216,24.7021335,83.0636089
231217,24.27765,83.046737
231218,24.182517,82.794866
231219,24.448284,82.981886
231220,24.156356,82.795152
231221,24.2035278,83.0204722
231222,24.1284085,82.707484
231223,24.0016125,82.9407665
231224,24.138606,82.620832
231225,24.269234,82.898164
231226,24.379863,83.356856
231301,25.037687,82.997966
231302,25.108213,83.071575
231303,25.164387,82.415636
231304,25.099096,82.882663
231305,25.5503705,83.492482
231306,25.14175,82.832524
231307,25.148862,82.536309
231309,24.908395,82.537384
231311,24.955528,82.883865
231312,25.167826,82.553688
231313,25.17115865,82.3231962
231314,25.1569722,82.768423
231501,25.1839815,82.6726115
232101,25.28090909,83.11818182
232102,25.31877,83.119
232103,25.281,83.119
232104,25.281,83.2577
232105,25.281,83.01285
232106,25.388,83.3771
232107,25.281,83.119
232108,25.31877,83.01285
232109,25.31877,83.01285
232110,25.281,83.377
232111,27.299,83.092
232114,25.31877,83.01285
232115,25.493942,83.178176
232118,25.281,83.119
232120,25.281,83.119
232325,25.5765,83.5731944
232326,25.4219306,83.67029165
232327,25.4949028,83.80818055
232328,25.5356111,83.7142778
232329,25.4010833,83.55269445
232330,25.4301944,83.7063333
232331,25.4160278,83.5598056
232332,25.5198056,83.6054167
232333,25.4442296,83.75426395
232336,25.5195,83.6503056
232339,25.4824444,83.7685556
232340,25.5765,83.5731944
232341,25.5600595,83.6438841
233001,25.5800972,83.57244442
233002,25.5675833,83.5600833
233221,25.53530556,83.22177778
233222,25.7590833,83.6916111
233223,25.5765,83.5731944
233224,25.4891944,83.4636667
233225,25.4205833,83.6693889
233226,25.8047778,83.5541389
233227,25.6306111,83.7576111
233228,25.7278333,83.9326111
233229,25.76269444,83.69058333
233230,25.8091389,83.6485278
233231,25.65388889,83.55333333
233232,25.4626667,83.4710556
233233,25.6489722,83.8842222
233234,27.2046,77.4977
233300,25.72258333,83.54827778
233301,25.5765,83.5731944
233302,25.622,83.7557778
233303,25.6145,83.6095
233304,25.5559028,83.3974861
233305,25.65388889,83.55333333
233306,25.54241667,83.25866667
233307,25.3775,83.20544444
233310,25.6294444,83.8165833
233311,25.5524722,83.4015
241001,27.3915,80.1268355
241121,27.318,80.2849187
241122,27.3081975,80.1925
241123,27.5213,79.7840616
241124,27.62221145,80.0290076
241125,27.5691744,80.0429467
241126,27.15555555,80.245
241127,27.08415699,80.45513686
241201,27.12,80.1347065
241202,27.1626212,80.7422477
241203,27.1761833,80.56
241204,27.12054,80.4829
241301,27.2066896,80.041
241302,27.1615,80.1515
241303,27.0410833,80.155965
241304,27.2631535,80.4277168
241305,27.0727888,80.2907033
241401,27.3952361,80.1
241402,27.32401308,79.8389945
241403,27.25345835,79.9495
241404,27.47016,80.254
241405,27.5335761,80.1372923
241406,27.6321411,80.20525
241407,27.72856,80.1282416
242001,27.8837,79.9122
242021,28.150329,78.7707727
242042,27.8837,79.9122
242127,27.8837,79.9122
242220,27.8837,79.9122
242221,27.8837,79.9122
242223,27.8837,79.9122
242226,27.8837,79.9122
242301,27.8837,79.9122
242303,27.8837,79.9122
242305,27.8837,79.9122
242306,27.8837,79.9122
242307,27.8837,79.9122
242401,27.8837,79.9122
242405,27.8837,79.9122
242406,27.8837,79.9122
242407,27.8837,79.9122
243001,28.3519373,79.41658495
243002,28.38784725,79.34708
243003,28.5488,79.4304381
243004,28.29,79.41
243005,28.34451,79.43134667
243006,28.37212945,79.44335985
243122,28.4033,79.430438
243123,28.5686,79.5635
243126,28.43935305,79.5166386
243201,28.7745,79.495
243202,28.5477,79.4561
243203,28.578898,79.548788
243301,28.367,79.385746
243302,28.5621,79.5634
243303,28.6495,79.4212778
243401,28.5405,79.32506
243402,28.63135,79.4407
243403,28.186945,79.2577885
243407,28.54061467,79.63105417
243501,28.3104585,79.29174855
243502,28.6888085,79.563835
243503,28.7895487,79.5798798
243504,28.491325,79.4568674
243505,28.725,79.337
243506,28.5763835,79.459146
243601,28.0231889,79.13134155
243630,28.09308885,79.4027477
243631,27.8620473,79.31498175
243632,28.3859864,78.9438813
243633,28.1488553,78.9232237
243634,28.1299426,79.24036605
243635,28.0143976,79.40635035
243636,27.9582216,78.9231205
243637,27.8923239,79.2245045
243638,28.06916955,78.7440186
243639,28.0104551,78.9966774
243641,27.7904036,79.2675125
243720,28.293445,78.9445667
243722,28.1634433,78.4913063
243723,28.2854682,78.7190365
243724,28.2553025,78.8076728
243725,28.2487466,79.0447306
243726,28.1764838,79.0758037
243727,28.3198109,78.3856659
243751,28.2968098,78.4566575
244001,28.8381667,78.77
244102,28.82641276,78.67626243
244103,29.0439722,78.7511944
244104,28.80540152,78.93310354
244105,28.83,78.77
244221,28.90434484,78.46809048
244222,28.8349375,78.47203796
244223,28.8381667,78.3734167
244225,28.8381667,78.3734167
244231,28.9535833,78.2593333
244235,28.8381667,78.3734167
244236,28.9,78.46
244241,28.8381667,78.3734167
244242,28.9,78.46
244245,28.8915,78.4691667
244251,28.83810953,78.37340239
244255,28.9,78.46
244301,29.04390481,78.75110629
244302,29.04293792,78.75100845
244303,28.54905555,78.56510834
244304,28.9044,78.4673
244401,29.04390802,78.75111049
244402,28.95030056,78.83000556
244410,28.39702288,78.62405065
244411,28.83,78.77
244412,29.04024826,78.75007465
244413,28.6628,78.3534
244414,29.04390802,78.75111049
244415,28.62,78.77
244501,29.061,78.62683302
244504,28.83,78.77
244601,29.19420185,78.86100232
244602,29.23511573,78.75511573
244701,28.61007191,79.16107191
244712,29.39,79.66
244713,29.2486409,78.9908364
244715,29.4384665,79.1239775
244716,29.283141,79.056035
244717,29.124,78.5624
244720,29.1569,79.056
244901,28.80529204,79.01801623
244921,28.61060524,79.16960524
244922,28.61014382,79.16214382
244923,28.61061888,79.16961888
244924,28.61,79.16
244925,28.97110944,78.93990444
244926,28.7536944,79.0526944
244927,28.61,79.16
244928,28.6106944,79.1696944
245101,28.7068325,77.774134
245201,28.723571,77.878173
245205,28.79652141,78.050928
245206,28.83539,77.75069
245207,28.754079,77.97311
245208,28.6621865,78.064803
245301,28.63381442,77.6536125
245304,28.71399135,77.661129
246001,30.1473109,78.77488372
246113,30.05118,78.730121
246121,29.892504,78.670087
246123,30.11097047,78.92518805
246124,29.864575,78.607243
246125,30.0962872,79.0176363
246127,29.80677268,78.60934703
246128,29.928605,78.635911
246129,29.870608,78.977858
246130,30.149973,78.983261
246131,29.924899,78.826938
246141,30.428495,78.909635
246142,29.4907778,78.7643333
246144,29.762765,78.858844
246146,30.198352,78.78233
246147,30.17216699,78.86798713
246148,25.521384,81.099609
246149,29.75154014,78.52616289
246150,29.829764,79.053206
246155,29.790529,78.724947
246159,30.141415,78.749746
246161,29.73867697,79.01290596
246162,29.96238545,78.8664
246163,29.985599,78.736285
246164,30.10527763,78.87839771
246165,30.06705,78.821275
246166,30.084989,78.764623
246167,29.99531777,78.849589
246169,28.237987,83.995588
246171,30.2861667,78.988208
246172,29.91703252,78.70948131
246173,29.99931922,78.57935445
246174,30.196682,78.804283
246175,30.010973,78.691635
246176,30.037079,78.804283
246177,29.87921167,79.0044776
246178,30.222732,78.816132
246179,29.77204587,78.87317854
246193,29.8634962,78.68504635
246194,30.182977,78.695179
246275,29.912585,79.087101
246276,29.829764,79.053206
246277,29.771657,79.041905
246278,29.89331422,79.02547268
246279,29.700599,79.081452
246285,30.007717,79.132274
246401,30.436789,79.3187675
246419,30.484195,79.0763333
246421,30.4121255,79.0214695
246422,30.7445022,79.49342365
246424,30.29370767,79.562382
246425,30.413814,79.089219
246426,30.2756794,79.20074665
246427,30.074328,79.612677
246428,30.0616575,79.295134
246429,30.289886,79.152139
246431,29.98350945,79.3228585
246435,30.285296,79.457028
246439,30.562764,79.096984
246440,30.167309,79.163568
246441,30.0054668,79.5693128
246442,30.3502668,79.058679
246443,30.585124,79.5523055
246444,30.190842,79.323319
246445,30.284557,78.981174
246446,30.29304,79.285986
246448,30.3442778,79.0103056
246449,30.288625,79.390901
246453,30.176225,79.360271
246455,30.2610965,79.4225635
246469,30.5147338,79.1535075
246471,30.5770556,79.027632
246472,30.456743,79.439446
246473,30.368873,79.201934
246474,30.218081,79.2622395
246475,30.378881,78.96559
246481,30.111652,79.4732
246482,30.029366,79.5387685
246483,30.4913297,79.6310279
246486,29.9773344,79.3098795
246487,30.20159,79.2007
246488,30.2208277,79.3042741
246495,30.43623,79.3836295
246701,29.3722475,78.146823
246721,29.5114475,78.1320833
246722,19.2895,78.4385
246723,29.6287222,78.10936665
246724,29.3735278,78.4385
246725,29.141743,78.273254
246726,29.262294,78.283919
246727,19.2895,78.4385
246728,29.3374722,78.226612
246729,29.171511,78.293882
246731,29.499761,78.221981
246732,29.601278,78.226966
246733,19.2895,78.4385
246734,19.2895,78.4385
246735,19.2895,78.4385
246736,29.078568,78.232796
246737,29.3735278,78.1348056
246745,19.2895,78.4385
246746,19.2895,78.4385
246747,19.2895,78.43820833
246749,29.632704,78.300163
246761,19.2895,78.4385
246762,19.2895,78.4385
246763,29.552983,78.333794
246764,29.381374,78.302422
247001,29.9647642,77.5483594
247002,29.9780404,77.5038933
247120,30.086837,77.6178125
247121,30.2235505,77.62941725
247122,30.3160989,77.6460028
247129,30.1435172,77.7266088
247231,30.1086432,77.4687631
247232,30.0131501,77.4002185
247340,29.8502743,77.35592585
247341,29.7295028,77.2362044
247342,29.9316866,77.28074225
247343,29.6695316,77.3223915
247451,29.8183062,77.4960078
247452,29.7129231,77.4077974
247453,29.68634985,77.4981582
247551,29.8436628,77.6315295
247552,30.0995407,77.8245959
247554,29.6927788,77.6773943
247656,29.7892222,77.9153
247658,30.79,78.018
247661,29.952,77.8315
247662,30.059794,77.8159035
247663,29.77055,78.1237
247664,29.8165139,77.9188139
247665,29.8068222,77.838995
247666,29.7192,77.3806
247667,29.8635278,77.8956
247668,29.857,77.874
247669,29.9642948,77.6704151
247670,29.7,77.84675
247671,29.8515028,78.06015
247771,29.297459,77.302251
247772,29.6009825,77.508942
247773,29.527556,77.225325
247774,29.3737115,77.2157205
247775,29.3232557,77.3146835
247776,29.451412,77.312714
247777,29.550182,77.394362
247778,29.629158,77.234615
248001,30.31932465,78.03477929
248002,30.2871111,77.9960278
248003,30.3657,78.0292222
248005,30.2702426,78.0785
248006,30.33273615,77.994125
248007,30.3541,77.969268
248008,30.3164,78.1086
248009,30.36,78.07
248011,30.3553056,77.8543611
248012,30.29759165,78.04741945
248013,30.37,78.1
248014,30.3301147,78.05765275
248015,30.2995556,78.0849083
248016,30.2599222,78.11683335
248018,30.321915,78.026619
248019,30.2662,78.1062
248020,30.3248,78.0417
248121,30.283875,74.0367778
248122,30.4392778,78.0861944
248123,30.6987861,77.8706862
248124,30.7101,77.9668
248125,30.4786055,77.8150028
248140,30.1734,78.1087
248142,30.468305,77.774993
248143,30.19812,78.219
248145,30.18108335,78.2106389
248146,30.3096389,77.9943611
248158,30.5782622,77.8695946
248159,30.5207361,77.84587695
248165,30.6086137,77.78092797
248171,30.33445835,78.01514165
248179,30.4568056,78.0741
248195,30.3445278,78.0333056
248196,30.43095,78.01754
248197,30.3680436,77.8201
248198,30.48425,77.7557
248199,30.48365,77.93591
249001,30.37623615,78.4419741
249121,30.3089683,78.567094
249122,30.231945,78.6044
249123,30.33468,78.5107083
249124,30.3795,78.4673611
249125,30.514141,78.6274612
249126,30.22204585,78.6792089
249127,30.21,78.67
249128,31.0631452,78.1065505
249130,30.38005022,78.46825666
249131,30.360959,78.4311401
249132,30.5116416,78.3624198
249135,30.8195972,78.6185556
249136,30.9947,78.9398
249137,30.20134725,78.2961944
249141,30.8642241,78.2347984
249145,30.34580243,78.39485841
249146,30.240674,78.4766152
249151,30.70874312,78.35359389
249152,30.69808238,78.29856108
249155,30.42965721,78.65872249
249161,30.2312155,78.748329
249165,30.51214807,78.49617388
249171,30.7847888,78.13921335
249175,30.2322958,78.3507988
249180,30.4957804,78.1623187
249181,30.4089166,78.61699455
249185,30.8761076,78.09454385
249186,30.56893062,78.00444303
249192,30.107355,78.4511374
249193,30.7530368,78.4552266
249194,30.7551553,78.61008085
249196,30.5841654,78.3260984
249199,30.3200082,78.4267814
249201,30.10622165,78.29378845
249202,30.06831945,78.2671111
249203,30.0747222,78.2856111
249204,30.0588333,78.24
249205,30.02,78.2086944
249206,30.79,78.018
249301,30.1459023,78.59946092
249302,30.1242778,78.3301667
249304,30.0794826,78.361467
249306,30.0304362,78.24087545
249401,29.951359,78.162828
249402,29.93058335,78.015
249403,29.9359167,78.1028056
249404,29.92,78.1243056
249405,29.9022222,77.9347361
249407,29.63,78.1165833
249408,29.8754,78.1454111
249410,29.9823056,78.1898056
249411,29.9913333,78.1924722
249412,29.979459,78.04773
250001,29.00776945,77.72
250002,28.97637273,77.69463982
250003,28.9893,77.724
250004,28.945,77.785
250005,28.9737222,77.6411111
250101,28.8438,77.327495
250103,28.9301595,77.6450135
250104,28.87280555,77.9402639
250106,28.8937,77.8934
250110,29.07,77.7179765
250205,28.9004,77.60169
250221,29.13,77.70227
250222,29.11,77.78535
250223,29.19502165,77.7063
250341,29.08,77.62
250342,29.18085,77.61077
250344,29.13,77.52
250345,29.08731945,77.38
250401,29.11284845,77.8778675
250402,29.0664215,77.9218611
250404,29.15,77.999155
250406,28.97,77.95173
250501,28.9673472,77.54
250502,29.03,77.53
250601,28.98,77.29
250606,29.01675,77.40685
250609,28.94233335,77.225
250611,29.08647,77.25062
250615,28.91,77.3673889
250617,29.204654,77.18025
250619,29.0347778,77.2095872
250620,29.1462222,77.3231
250621,29.14380555,77.27979165
250622,29.18229,77.4098
250623,29.2039,77.2828
250625,29.227,77.3324
250626,28.93,77.4578056
251001,29.4735147,77.70770775
251002,29.2856,77.42
251003,29.408105,77.685807
251201,29.268038,77.733969
251202,29.552968,77.676344
251203,29.356995,77.7138915
251301,29.4651695,77.490524
251305,29.4789075,77.4133815
251306,29.464348,77.5725965
251307,29.573441,77.771148
251308,29.47442,77.8679635
251309,29.284249,77.46812
251310,29.58316,77.85326
251311,29.528532,77.579605
251314,29.34246,77.8483889
251315,29.2859356,77.9460739
251316,29.4338475,77.9368345
251318,29.330575,77.533197
251319,29.4133145,77.4553945
251320,29.306304,78.004266
251327,29.642794,77.911669
261001,27.5325,80.8987
261121,27.766679,80.733321
261125,27.5667,80.6832
261131,27.5211568,80.740687
261135,27.7842,80.90625
261136,27.57735,80.5806
261141,27.6537819,80.475751
261145,27.59535,80.98765
261151,27.569,80.412
261201,27.49352422,80.99668059
261202,27.7683576,80.7343452
261203,27.30009637,81.13267767
261204,28.802,79.025
261205,27.499,80.99443
261206,27.8182407,80.6076942
261207,27.71092308,80.90362
261208,27.4992,80.9944
261301,27.28081098,80.92364098
261302,27.2296023,80.8475893
261303,27.28494753,80.83690123
261304,27.172559,80.859988
261401,27.4293,80.53
261402,27.4293,80.53
261403,27.32777,80.56273
261404,27.56628,80.683293
261405,27.4029,80.6874
261501,27.91,80.61
261502,27.855,81.195
261505,27.81,80.33
261506,28.085,80.7872675
262001,28.6297,79.84095
262121,28.632186,79.802979
262122,28.49847,80.245
262123,27.8837,79.9122
262124,28.51373667,80.14858067
262201,28.25959,79.78077
262202,28.62089266,79.81330549
262203,28.4542659,79.8063021
262302,28.4854819,79.8037145
262305,28.74066,80.12296667
262308,28.94651745,79.9300952
262309,29.0698333,80.11275
262310,29.164421,80.087285
262311,28.9370663,79.73331945
262401,29.1917854,79.1689623
262402,29.0947361,79.5281528
262405,28.954268,79.69931
262406,28.61897,79.574135
262501,29.605845,80.1940675
262502,29.581748,80.195088
262520,29.540676,80.2657168
262521,29.5653125,80.314626
262522,29.6605075,80.0395
262523,29.3,80.1
262524,29.40105,80.145
262525,29.445,80.125
262526,28.5725556,80.1731389
262527,29.49,80.03
262528,29.38,79.99
262529,29.517,80.1765
262530,29.55513,80.2103056
262531,29.7750045,80.04784645
262532,29.74945,79.9175
262533,29.8643,80.051
262534,29.712637,80.043468
262540,29.6244265,80.2669445
262541,29.7084,79.9687
262542,29.697995,80.208427
262543,29.743641,80.3340278
262544,29.81,80.33
262545,30.02495,80.5345
262546,30.1519361,80.85703335
262547,29.7695,80.6453
262550,29.77644445,80.2828472
262551,29.7967,80.1995
262552,29.8277785,80.1407105
262553,30.009,80.14314
262554,30.0594,80.268
262555,29.9526615,80.2714885
262561,29.403,80.0901
262572,29.817415,79.9366
262576,29.811564,80.4307778
262580,29.41,79.88
262701,27.95813475,80.74
262702,27.894921,80.8072675
262721,27.85,80.845
262722,27.87,81.09
262723,27.98,81.06
262724,28.11,81.0372
262725,27.87,80.75
262726,28,80.925
262727,27.81,80.51
262728,27.909921,80.925
262801,28.2,80.45
262802,28.05,80.44
262803,28.205,80.335
262804,27.955,80.26
262805,27.93,80.51
262901,28.22,80.6
262902,28.42,80.62
262903,28.21,80.845
262904,28.59,80.38
262905,28.33,80.92
262906,28.4,80.94
262907,28.19,80.96
262908,28.56,80.71
263001,29.3774,79.4463
263126,29.2956195,79.5582367
263127,29.34255,79.48115
263128,29.32515045,79.45915355
263132,29.3866528,79.5883472
263134,29.570327,79.4183411
263135,29.5068009,79.473086
263136,29.35,79.58
263137,29.43,79.61
263138,29.5316625,79.55
263139,29.2119167,79.520648
263140,29.31977225,79.23698545
263141,29.234,79.479
263142,29.1121,79.5237
263145,29.028039,79.447197
263148,28.91,79.51
263149,29.0157,79.2905
263150,29.063482,79.331106
263151,29.0055,79.6550833
263152,29.0577924,79.2676318
263153,28.9902555,79.3854525
263156,29.3795,79.5416
263157,29.2808182,79.750731
263158,29.4719009,79.5589391
263159,29.398924,79.300504
263160,29.0472093,79.3582861
263601,29.60020879,79.6619889
263619,29.63597,79.6728605
263620,29.8454167,79.6004167
263621,29.7443,79.4652
263622,29.49789032,79.9553118
263623,29.49795431,79.95446584
263624,29.59822972,79.66110212
263625,29.4687431,79.8456277
263626,30.16235,80.02621
263628,29.7744903,79.7732142
263629,29.808779,79.61401025
263630,29.7647222,79.75187
263631,29.8105879,79.8282656
263632,30.10466,79.85275
263633,29.9463902,79.9029957
263634,29.9463892,79.9029973
263635,29.89610353,79.61887536
263636,29.78158175,79.60387545
263637,29.78166144,79.60380432
263638,29.75901,79.6145
263639,29.8110024,79.6038772
263640,29.81008928,79.82746413
263641,29.89561883,79.62024913
263642,29.84037195,79.77649945
263643,29.59790207,79.66016987
263645,29.64519058,79.42820242
263646,29.64336893,79.43217507
263651,29.6104,79.4507
263652,29.643368,79.432176
263653,29.64336959,79.43217441
263655,29.78335147,79.60123803
263656,29.88354128,79.35163438
263658,29.88334093,79.34999238
263659,29.6433689,79.4321751
263660,29.64336783,79.43217617
263661,29.84257141,79.21357731
263663,29.64336817,79.43217583
263664,29.64337017,79.43217383
263665,29.70325,79.4413
263667,29.64336794,79.43217606
263676,29.58661,79.60553
263678,29.59790107,79.66017087
263679,29.94664467,79.90305227
263680,29.6433681,79.4321759
271001,27.13090593,81.9415089
271002,27.14267,81.9903
271003,27.13036115,81.9440112
271122,27.2663944,81.898477
271123,27.040572,82.00300325
271124,26.9726415,82.11454765
271125,27.1139232,81.8722315
271126,27.1305556,81.8071979
271129,26.935832,82.174083
271201,27.431741,82.193532
271202,27.285308,82.043438
271203,27.59316,82.56952
271204,27.36447335,81.954495
271205,27.514268,82.296682
271206,27.57052,82.67266
271207,27.68224,82.200238
271208,27.524631,82.412973
271209,27.3574167,82.0688056
271210,27.50458,82.529139
271215,27.502678,82.646142
271301,27.098261,82.141843
271302,27.051271,82.232523
271303,26.848765,82.096541
271304,26.8741667,82.1501667
271305,26.980992,82.368921
271306,27.171017,82.282295
271307,27.105916,82.347902
271308,27.068,82.2339167
271309,26.89597,82.0450278
271310,27.04907953,82.1127516
271311,27.090907,81.627432
271312,27.064721,82.4714465
271313,26.960841,82.493437
271319,26.8892005,82.20121745
271401,26.97702,81.89481
271402,26.90507165,81.8650011
271403,26.871164,81.975998
271502,27.1166875,81.7294945
271503,27.2314905,81.7793855
271504,27.01686,81.78061835
271601,27.1661944,82.086839
271602,27.1967835,82.15543365
271603,27.241024,82.16778
271604,27.275608,82.448593
271607,27.366501,82.2998611
271609,27.279654,82.337632
271801,27.57416028,81.59452682
271802,27.5892,81.60394
271803,27.703964,81.704842
271804,27.647858,81.82107
271805,27.46715,82.00858
271806,27.466707,81.748619
271821,27.583307,81.599993
271824,27.587756,81.387368
271825,27.539708,81.485565
271830,27.847799,81.472525
271831,27.703965,82.036479
271835,27.54235,81.81897
271840,27.703965,81.934447
271841,27.865947,81.496748
271845,27.503681,81.9480245
271851,27.814,81.31461
271855,28.0523,81.33294
271861,27.56355,82.16852
271865,27.85445,81.52151
271870,27.4838343,81.7914272
271871,27.4254,81.77415
271872,27.348282,81.6647778
271875,27.821176,81.53083665
271881,27.8659438,81.4967482
271882,27.7828333,81.5521111
271901,27.1237724,81.5210051
271902,27.39585,81.47279
271903,27.5442,81.6494
271904,27.18499035,81.526716
272001,26.7935565,82.72899063
272002,26.91956548,82.73584519
272123,26.7474975,82.2252658
272124,26.817649,82.7633145
272125,26.89378206,82.94484188
272126,26.9095255,82.9249055
272127,27.7772585,82.2572439
272128,26.7242655,82.43891575
272129,26.79927283,82.3181375
272130,26.79267483,82.47022455
272131,26.7540655,82.58168265
272148,26.9791854,82.8579045
272150,26.95977233,82.81610267
272151,27.0290415,82.80362529
272152,27.06983194,82.9623804
272153,27.17546631,82.93038593
272154,27.08187043,83.06553886
272155,26.79267455,82.47022914
272161,26.1068385,82.3647094
272162,26.05505419,83.01672675
272163,26.90828842,82.57148684
272164,26.667386,83.003892
272165,26.54146006,83.00793945
272171,26.6597824,82.822072
272172,26.633325,82.990725
272173,26.7527235,83.13403
272175,26.78978343,83.07598521
272176,27.08185813,83.06553112
272177,26.817512,82.2252658
272178,26.86378152,82.41442091
272181,26.87173389,82.513004
272182,26.851401,82.72582525
272189,27.19578945,82.64816015
272190,26.929438,82.714613
272191,27.17434525,82.65321613
272192,27.32954091,82.694461
272193,27.085854,82.6503855
272194,26.81758143,82.7632874
272195,26.9815485,81.7608494
272199,26.817513,82.20550915
272201,27.271652,82.802114
272202,27.378885,83.10872543
272203,27.30143667,83.094761
272204,27.345715,83.124141
272205,27.39116667,82.95969233
272206,27.37411813,83.15251806
272207,27.27720436,83.084889
272208,27.19103264,83.12418755
272270,26.99899388,83.0421135
272271,26.974408,83.199708
272301,26.639009,82.68320032
272302,26.73069057,82.68056757
273001,26.75396418,83.37326772
273002,26.75875,83.55232
273003,26.7910833,83.3866944
273004,33.256565,77.6934465
273005,26.74425923,83.35692223
273006,26.772,83.3857778
273007,26.83554,83.338861
273008,26.7487115,83.391133
273009,26.7513889,83.3815833
273010,26.731289,83.43318
273011,26.79,83.38229
273012,26.7624861,83.37894445
273013,26.8357345,83.40077865
273014,26.7636944,83.3972778
273015,26.767456,83.339529
273016,26.749645,83.373168
273017,26.7276944,83.3853889
273151,27.0555385,83.736515
273152,26.82868257,83.52971386
273155,27.129685,83.385616
273157,27.1987454,83.1967664
273158,27.03084213,83.275687
273161,27.1170905,83.3520765
273162,27.260872,83.399185
273163,27.14948456,83.75974822
273164,27.422376,83.42013
273165,26.9385675,83.298006
273201,26.64967357,83.58627986
273202,26.684689,83.546345
273203,26.5827718,83.585862
273207,27.186987,83.607153
273209,26.758544,83.214227
273211,26.4448855,83.4736755
273212,26.6559688,83.25112051
273213,26.501626,83.202743
273301,26.96865583,83.59841683
273302,27.0828305,83.6541635
273303,27.144604,83.5336715
273304,27.309173,83.72557
273305,27.427564,83.690684
273306,26.9150225,83.47474
273308,27.4734548,83.4648802
273309,27.306503,83.331588
273310,26.9983816,83.466906
273311,27.381776,83.747802
273312,27.248509,83.572481
273401,26.668,83.336188
273402,26.29893,83.450349
273403,26.511519,83.278961
273404,26.703129,83.382945
273405,26.661789,83.577621
273406,26.63014547,83.29621732
273407,26.45287325,83.2578066
273408,26.439855,83.3853889
273409,26.39874983,83.30436233
273411,26.4366944,83.4433889
273412,26.857138,83.0591895
273413,26.53066,83.403629
274001,26.21,83.26
274149,26.73,83.29
274182,26.35,83.77
274201,26.73,83.29
274202,27.63,83.29
274203,26.73,83.29
274204,26.73,83.29
274205,27.63,83.29
274206,26.73,83.29
274207,26.74,83.74
274208,26.73,83.29
274301,26.73,83.29
274302,27.26,83.86
274303,26.7,83.8
274304,26.7532778,83.9775
274305,26.9,83.85
274306,26.73,83.29
274307,26.7446,83.886
274308,26.7446,83.886
274309,26.7446,83.886
274401,26.73,83.29
274402,26.73,83.29
274403,26.21,83.26
274404,26.5,83.77
274405,26.62,83.89
274406,26.72,84.23
274407,26.73,83.29
274408,26.62,83.89
274409,26.64,84.32
274501,26.39,83.83
274502,26.2,83.96
274505,26.28,83.89
274506,26.29,83.95
274508,26.16,83.96
274509,26.29,83.92
274601,26.28,83.72
274602,26.18,83.87
274603,26.48,83.16
274604,26.25,83.78
274701,26.29,83.92
274702,26.57,83.77
274703,26.73,83.42
274704,26.57,83.77
274705,26.13,83.87
274801,26.675,83.605
274802,28.7,77.1
274806,26.73,83.29
274807,25.63,84.71
274808,26.29,83.92
275101,25.9454152,83.5551944
275102,25.98,83.625
275103,25.94,83.55
275105,25.94,83.47
275201,25.5765,83.5731944
275202,25.8018889,83.4235
275203,25.74175,83.3714444
275204,25.67322222,83.30341667
275205,25.6750556,83.3775
275301,25.84,83.85
275302,26.18,82.91
275303,20.12,10.22
275304,26.11,83.54
275305,25.86,83.52
275306,30.1,20.1
275307,25.29,83.08
276001,26.052616,83.1773889
276121,23.14,11.215
276122,20.1,69.3014
276123,12.16681,77.10656
276124,26.1543889,83.3596944
276125,12.16681,77.10656
276126,30.1,20.1
276127,21.6097,69.1269
276128,12.16681,77.10656
276129,30.1,20.1
276131,30.1,20.1
276135,12.16681,77.10656
276136,19.1183,63.58215
276137,12.16681,77.10656
276138,19.2154,78.1251
276139,24.3256,75.125
276140,12.16681,77.10656
276141,10.2,20.1
276142,10.2,20.1
276143,25.95,83.23
276201,12.16681,77.10656
276202,12.16681,50.1
276203,12.16681,60.1
276204,12.16681,77.10656
276205,12.16681,77.10656
276206,26.09,83
276207,12.16681,77.10656
276208,12.16681,75.09
276288,26.06,83.06
276301,12.16681,77.10656
276302,12.16681,30.2
276303,12.16681,77.10656
276304,26.07,82.87
276305,26.04,83.05
276306,24.18214,86.28694
276402,30.1,20.1
276403,30.1,20.1
276404,30.1,20.1
276405,30.1,20.1
276406,30.1,20.1
277001,25.7669474,84.1469806
277121,25.825,84.015
277123,25.82,84.02
277124,25.885,84.11302455
277201,25.755,84.445
277202,25.87,84.21
277203,25.8,84.2156692
277204,25.75,84.53
277205,25.7744167,84.4139722
277207,25.955,84.1616111
277208,25.755,84.455
277209,25.74,84.38
277210,25.83316405,84.285
277211,25.83,84.31
277213,25.925,84.17
277214,25.764,84.56
277216,25.725,84.475
277219,25.9052227,84.26
277301,25.8458192,84.120967
277302,25.9345554,84.09
277303,26.045,84.05
277304,25.88,84.11
277401,25.7513018,84.2300987
277402,25.74619545,84.29752775
277403,25.77,84.34
277501,25.62,83.97
277502,25.705,84.02
277503,25.78,84.0581565
277504,25.66,84
277506,25.758,84.11
281001,27.4852372,77.688055
281003,27.5190556,77.6733056
281004,27.47247776,77.69277776
281005,27.47,77.69
281006,27.47,77.69
281104,27.49,78.01
281121,27.47,77.69
281122,27.47,77.69
281123,27.47,77.69
281201,27.47061944,77.69149444
281202,27.47,77.69
281203,27.47,77.69
281204,27.47,77.69
281205,27.47,77.69
281206,27.4715486,77.6917361
281301,27.47,77.69
281302,27.49,78.01
281303,27.43889,77.71972
281305,27.47,77.69
281306,27.6,78.05
281307,27.49,78.01
281308,27.47,77.69
281401,27.47088491,77.69099206
281403,27.47,77.69
281404,27.4710324,77.6911574
281405,27.47,77.69
281406,27.47,77.69
281501,27.47,77.69
281502,27.47,77.69
281504,27.47,77.69
282001,27.1399047,78
282002,27.19048515,78
282003,27.18786536,78.01397468
282004,27.1976175,78.0147778
282005,27.21800307,78.01094547
282006,27.17976725,78.05520775
282007,27.2256778,77.9353938
282008,27.160152,77.982412
282009,27.11665905,78.00491935
282010,27.090312,77.99888755
283101,27.1916738,77.73054335
283102,27.077125,77.9064731
283103,24.6588328,78.965648
283104,26.8684871,78.5896227
283105,27.1727597,77.8796019
283110,27.0816089,77.6622026
283111,27.0294684,78.2390705
283112,26.9507181,78.04381645
283113,26,78
283114,26.8346776,78.7405357
283115,26.86299855,77.5848651
283119,27.01694515,77.8283895
283121,26.9420149,77.8281514
283122,27.0964784,77.7852574
283123,26.8872241,78.3735653
283124,26.9771815,77.9453091
283125,27.02329,78.09799475
283126,27.3051284,78.0301991
283130,24.36414,78.86229
283135,24.23555,78.112222
283136,24.2361335,78.2512225
283141,24.1933364,78.027054
283142,24.478952,78.4512368
283145,24.235789,78.32574
283151,24.335897,78.3214578
283152,24.1524857,78.15558
283201,27.3312836,78.1728312
283202,27.2333127,78.1621437
283203,24.4995154,78.33311385
283204,24.6657234,78.33461635
283205,27.126702,78.4802172
283206,27.564895,79.568541
283207,24.621177,78.222779
284001,25.43954003,78.5793048
284002,25.46036585,78.57841445
284003,25.4557778,78.5545833
284120,25.4407778,78.5765556
284121,25.51256,78.714875
284122,24.863,78.524275
284123,24.6923056,78.4200556
284124,24.5425,78.201
284125,24.6923056,78.4200556
284126,25.0390833,78.4323056
284127,25.4265,78.5998889
284128,25.4635,78.6185
284135,25.3920833,78.5552778
284136,25.0344,78.2304
284201,25.37182,78.7331944
284202,25.61624,79.16543
284203,25.51561,79.31839
284204,25.2438,79.13745
284205,25.25131778,79.06168417
284206,25.47383,79.1140972
284301,25.529825,78.767405
284302,25.7372,79.14074
284303,25.77256,78.95624
284304,25.84357297,78.90443777
284305,25.3043,78.4454
284306,25.84696,79.0568
284401,24.69191665,78.3674778
284402,24.6923056,78.4200556
284403,24.504695,78.31595
284404,24.223638,78.4808
284405,24.58029,78.687804
284406,24.409592,78.3171325
284419,25.44355,78.468835
284501,25.2728,81.3156
285001,26.042435,79.449
285121,26.21154,79.16854
285122,25.8731,79.4321
285123,26.15474,79.3337462
285124,26.40885,79.23551
285125,26.38134,79.44226
285126,26.274925,79.217625
285127,26.35143,79.17586
285128,26.25498,79.3840825
285129,26.325365,79.32808
285130,26.30816165,79.40444665
285201,25.88521,79.19712
285202,26.04987,79.58459
285203,26.121,79.458332
285204,26.12105,79.695505
285205,26.03378,79.1505
285206,26.12116,79.0351
285223,25.8615,79.2761
301001,27.5497222,76.6095278
301018,27.5149722,76.8449722
301019,28.21060835,76.85378055
301020,27.9020105,76.352151
301021,27.438273,76.857085
301022,27.4005833,76.285639
301023,27.674874,76.6123051
301024,27.56444545,76.3228415
301025,27.686507,76.852188
301026,27.551046,76.79424
301027,27.264288,76.218942
301028,27.607588,76.724994
301030,27.479909,76.6808054
301035,27.277911,76.926854
301401,27.951227,76.574831
301402,27.696206,76.3549978
301403,27.885637,76.6299444
301404,27.779284,76.6422222
301405,27.81677945,76.762507
301406,27.392524,76.6480055
301407,27.745285,76.4967915
301408,27.242117,76.6149439
301409,27.1825585,76.7033465
301410,27.210278,76.4085556
301411,27.92724685,76.8140695
301412,27.788354,76.464985
301413,27.2625185,76.7827
301414,27.31236,76.6246667
301415,27.182618,76.5029355
301416,27.5613889,76.6122222
301427,27.912247,76.436062
301604,27.522412,77.0005556
301701,27.869519,76.286287
301702,28.058062,76.707677
301703,28.039529,76.30231715
301704,28.108933,76.3781944
301705,28.012055,76.378198
301706,28.0217975,76.4678695
301707,28.067395,76.83277835
301708,28.106621,76.450524
301709,27.976211,76.265291
301713,27.9462005,76.20335085
301714,27.9494555,76.42746695
302001,26.91662037,75.80551853
302002,26.92291665,75.82194445
302003,26.91525,75.8366528
302004,26.9002222,75.825
302005,26.9036107,75.80177593
302006,26.91558658,75.78965578
302012,27.014451,75.716796
302013,26.98380555,75.78170835
302015,26.8800875,75.8008675
302016,26.9402778,75.792714
302017,26.84867165,75.82216115
302018,26.8472222,75.7933333
302019,26.91925,75.7196389
302020,26.8756984,75.7568514
302021,26.9116667,75.74
302022,26.77685085,75.83860165
302026,26.847506,75.6981944
302027,26.96581555,75.9651915
302028,27.003906,75.910031
302029,26.80898605,75.76650715
302031,26.89088995,73.2473581
302033,26.84304165,75.7632778
302034,26.91925,75.7196389
302037,26.91925,75.7196389
302038,27.061886,75.920646
302039,26.9653611,75.7727778
302041,26.920651,75.748382
302042,26.853545,75.636444
302044,26.953393,75.702683
302046,26.92098,75.79422
302047,26.84961,75.76349
302048,27.047906,75.756643
302049,26.917791,75.803439
303001,27.3785995,76.5496815
303002,27.1328889,75.962656
303003,27.4328056,76.2370556
303004,26.7715447,76.265291
303005,26.292818,75.595347
303006,26.5780278,75.6447222
303007,26.732591,75.5420556
303008,26.6611828,75.2440436
303009,26.7236705,75.31477939
303012,26.8718333,75.990071
303102,26.260803,75.513113
303103,27.020781,76.370597
303104,26.91925,75.7196389
303105,27.23289895,76.11284415
303106,27.5860833,76.0740278
303107,27.6068056,76.0885
303108,27.684418,76.179105
303109,26.953292,76.0123
303110,27.17314895,76.15101085
303119,27.533964,76.042092
303120,26.739159,76.123605
303121,26.91925,75.7196389
303122,26.91925,75.7196389
303123,26.732591,76.152288
303124,27.0332058,75.763919
303301,26.5744885,76.12736695
303302,26.014,75.101
303303,26.912969,76.33054645
303304,26.92309785,75.01321515
303305,23.6860422,74.66531435
303313,27.058405,76.5752778
303315,27.1455,76.5103889
303323,22.266032,76.4805833
303325,26.986175,76.35514995
303326,26.732591,76.152288
303327,26.98770195,76.45720305
303328,26.910915,75.377652
303329,26.9719722,75.3807222
303338,26.874851,75.401694
303348,26.79219444,75.20652778
303501,26.8067955,76.28957455
303502,26.87423965,77.292154
303503,26.52807,76.239222
303504,27.3042516,76.1789155
303505,27.016378,76.938379
303506,26.739159,76.123605
303507,26.739159,76.123605
303508,26.014,75.101
303509,26.87181695,76.49391195
303510,26.739159,76.123605
303511,26.6230482,76.3739281
303601,27.36257845,75.8360739
303602,26.014,75.101
303603,27.146981,75.490303
303604,26.014,75.101
303701,27.078315,75.646992
303702,26.739159,76.123605
303704,27.098307,75.7672185
303706,26.98509895,75.5797538
303712,26.739159,76.123605
303801,27.1809795,75.6050715
303803,27.309129,75.7066145
303804,26.739159,76.123605
303805,27.1520833,75.8085278
303806,27.2178869,75.812632
303807,26.796899,75.072797
303901,26.62993645,75.905827
303903,26.6887055,75.8865858
303904,26.825301,75.6917145
303905,26.732558,75.771528
303908,26.635173,76.100101
304001,26.11579,75.789472
304021,26.3203025,75.8853465
304022,26.3975815,75.814171
304023,25.960404,76.165331
304024,25.95024,75.943421
304025,26.420569,76.0602965
304026,25.898951,75.789472
304501,26.31017,75.449767
304502,26.3528235,75.3543329
304503,26.357178,75.196393
304504,26.3903595,75.5401615
304505,26.05012,75.4849444
304507,26.3103056,75.352878
304801,26.424367,75.684807
304802,25.933395,75.845421
304803,25.83324,75.516024
304804,25.814807,75.3877485
305001,26.4520139,74.6369778
305002,26.39883335,74.65831665
305003,26.4193,74.6294833
305004,26.48803225,74.61936995
305005,26.44195,74.5756
305006,26.4641,74.6087
305007,26.45334725,74.6513889
305009,26.5088611,74.6755556
305012,26.3611941,74.6469717
305021,26.6003293,74.6105123
305022,26.4889528,74.5553139
305023,26.51425,74.7402528
305024,26.4729,74.7152
305025,26.4023,74.7747
305026,26.5574444,74.4666944
305201,26.27618305,74.34980585
305202,26.2009385,74.4322655
305203,26.26,74.56
305204,26.38,74.4009722
305205,26.3153,74.6371
305206,26.36655,74.5438
305207,26.31,74.445
305401,26.2933,74.69165
305402,26.29755,74.8061865
305403,26.06027222,75.01018334
305404,25.96,75.15
305405,25.97,75.15
305406,26.09,75.22
305407,25.76,75.23
305408,25.9924,75.02
305412,26.3,74.73
305415,26.04,75.28
305601,26.3,74.73125
305621,26.05095,74.771825
305622,26.05055555,74.77033333
305623,26.0918885,74.473
305624,25.98008,74.67
305625,25.94,75
305627,26.3,74.73
305628,26.05,74.77
305629,25.925,74.7
305630,26.09,74.61
305631,26.09,74.371
305801,26.5866389,74.93585
305802,26.5094,74.8566
305811,26.62601,74.73445
305812,26.6815,74.9552
305813,26.4384,75.0786
305814,26.825388,74.883606
305815,26.696366,74.806845
305816,26.6537,74.995
305817,26.632134,74.871447
305819,26.1981611,74.53161945
305901,26.1,74.3223611
305921,25.74,74.095
305922,25.92224167,74.21160167
305923,25.895,74.19
305924,25.9065528,74.1320161
305925,26,74.2875105
305926,25.7954015,74.05
305927,26.0469167,74.23
306001,25.7618,73.59905
306021,25.6364111,73.6366784
306022,25.49285,73.75025
306023,25.6831,73.78122
306101,26.041306,74.02374
306102,26.0413045,74.0237385
306103,25.88455,73.7488611
306104,26.00734,73.60605
306105,26.0413055,74.06230005
306114,25.8276738,73.6661585
306115,25.27097167,73.56539033
306116,25.23356347,73.23759317
306119,25.5111955,73.3575935
306126,25.5383,73.1654558
306301,26.38901,73.9685
306302,26.2056,73.936392
306303,26.203107,73.936393
306304,26.041307,74.023736
306305,26.10109723,73.95503195
306306,25.9528075,73.79245
306307,26.0042,73.92255
306308,26.29316425,73.9363915
306401,25.7719167,73.3180556
306421,25.954427,73.133317
306422,25.6202111,73.29549445
306501,25.74605,73.4197
306502,25.270969,73.541738
306503,25.539891,73.47955
306504,24.85383,73.16635
306601,25.34635,73.35645
306602,25.5353333,73.1303215
306603,25.270971,73.565391
306604,25.4336762,73.492355
306701,25.18535825,73.29113678
306702,25.2709705,73.5653915
306703,25.27171113,73.56546537
306704,25.21378735,73.41445115
306705,25.20561665,73.35857165
306706,25.12906025,73.30760605
306707,25.195907,73.29107
306708,25.1590505,73.0908035
306709,25.18895,73.4268
306901,25.2272043,73.0305556
306902,25.1580316,73.09615916
306912,25.1590495,73.0908045
307001,24.8702235,72.805757
307019,24.70678145,73.0187355
307022,24.78044,73.006582
307023,24.672028,72.903975
307024,24.588722,72.963623
307025,24.39,73.14
307026,24.482398,72.76697
307027,25.125367,73.062973
307028,25.0838889,72.968202
307029,25.590445,72.8020535
307030,25.379638,72.940335
307031,24.8227,73.123493
307032,24.518714,72.898609
307043,25.0217545,72.9120965
307501,24.609382,72.72298
307510,24.54078,72.79275
307511,24.682615,72.64797095
307512,24.730968,72.548581
307513,24.620673,72.360711
307514,24.597586,72.506433
307515,24.836544,72.430281
307801,25.023811,72.771477
307802,24.882452,72.597375
307803,25.010035,72.4782485
311001,25.34737539,74.63670556
311011,25.360653,74.748337
311021,25.872236,74.603809
311022,25.86251295,74.7072025
311023,25.843621,74.8097653
311024,25.6795815,74.5673525
311025,25.2128885,74.6871585
311026,25.572417,74.457264
311030,25.7422545,74.710815
311201,25.623839,75.300394
311202,25.565274,75.126861
311203,25.4950495,75.2508164
311204,25.827817,74.426998
311301,25.72,74.304142
311302,25.8368611,74.332402
311401,25.5027645,74.7055425
311402,25.3511007,74.39656455
311403,25.435707,74.498237
311404,25.609655,74.9094456
311407,25.79444,74.96127034
311408,25.598336,74.77017
311601,25.2600556,74.9851598
311602,25.157293,75.2683178
311603,25.409385,74.927616
311604,25.2037454,75.068722
311605,25.404106,75.151649
311606,25.288533,75.3003919
311801,25.249276,74.29568
311802,25.2723,74.4790665
311803,25.41168,74.117149
311804,25.529966,74.19253
311805,25.304861,74.158541
311806,25.151023,74.2195075
312001,24.88544445,74.62231945
312021,24.9211111,74.6280556
312022,24.991854,74.79807
312023,24.978376,75.058379
312024,24.698056,74.35496105
312025,24.8563275,74.620256
312027,24.640763,74.4188535
312201,24.84705185,74.47916
312202,24.8845,74.32673
312203,25.0610833,74.388256
312204,24.833925,74.2108611
312205,24.768913,74.195187
312206,25.148959,74.4466945
312207,24.937612,74.479065
312401,24.3485,74.4233265
312402,24.5070833,74.3313889
312403,24.40637205,74.488463
312404,24.4599755,74.407126
312601,24.6177145,74.700102
312602,24.6821667,74.506777
312603,24.5702715,74.455494
312604,24.3959755,74.7226525
312605,24.0289905,74.77891565
312606,24.6986586,74.9041528
312612,24.811262,74.637115
312613,24.7560833,74.5799167
312614,24.5340556,74.564724
312615,23.8732715,74.808526
312616,24.153273,74.741964
312617,25.1131667,72.8190278
312619,23.695802,74.833167
312620,24.704672,74.704628
312622,24.756,74.6062778
312623,24.420238,74.75749
312624,23.807553,74.5629685
312625,24.0858395,74.366112
312626,23.952921,74.435034
312627,25.11659,74.5915
312628,24.038991,74.658552
312629,23.918674,74.708791
312901,25.0438898,74.6001315
313001,24.5822222,73.6983333
313002,24.56725,73.7262778
313003,24.555,73.795
313004,24.5915278,73.6918611
313011,24.67,73.64
313022,24.6226528,73.9
313024,24.5993611,73.82
313026,24.015,73.905
313027,24.16,74.04
313031,24.5166389,73.62
313038,24.03,74.10558335
313201,24.72,73.8478889
313202,24.76,73.7499167
313203,24.79,73.98
313204,24.825,73.86994445
313205,24.72,74.08
313206,24.86,74.02
313207,25.02,74.21
313211,24.92,74.09
313301,24.9282222,73.81
313321,25,73.64
313322,24.905,73.69
313323,24.99,73.91
313324,25.075,73.83
313325,25.035,73.55
313327,25.16,74.02
313328,25.08,74.1
313329,25.01729165,74.055
313330,25.21,73.99
313331,25.5,73.96
313332,25.365,73.92
313333,25.28,73.74
313334,25.185,73.825
313341,25.625,73.945
313342,25.0162222,73.91
313601,24.66,74.03
313602,24.5850556,74.03
313603,24.555,74.17
313604,24.33,74.232605
313701,24.24,73.38
313702,24.36,73.49
313703,24.375,73.9394605
313704,24.9898889,73.42
313705,24.733962,73.525
313706,24.38,74.075
313708,24.7807575,73.4048555
313801,24.265,73.665
313802,24.09,73.68944445
313803,24.02,73.57
313804,23.975,73.46
313805,24.005,73.76
313806,24.0030093,73.7580733
313901,24.335,73.7579861
313902,24.14075,73.82594445
313903,24.0577222,73.8572778
313904,24.21,73.82
313905,24.23,73.9
313906,24.565,73.365
314001,23.8507222,73.694823
314011,23.895015,73.601017
314021,23.95449335,74.08699605
314022,23.87899,74.200201
314023,23.848218,73.9873333
314024,23.7807015,74.0073825
314025,23.6756111,74.0234444
314026,23.54231235,74.00801565
314027,23.6069715,73.943677
314028,23.7920965,73.9160202
314029,23.719939,73.933053
314030,23.471385,73.919816
314031,23.63321895,74.06712385
314032,23.7629722,74.087248
314034,23.915948,73.915407
314035,23.548899,73.9719835
314036,23.85918,73.821516
314037,23.7608275,73.812498
314038,23.8638365,74.074156
314401,23.663918,73.879934
314402,23.6174225,73.7727282
314403,23.559848,73.690796
314404,23.695627,73.7145305
314406,23.519723,73.789158
314801,23.794412,73.494608
314804,23.827788,73.5962465
321001,27.21170835,77.5100972
321021,27.262,77.526
321022,27.634667,77.231893
321023,27.763047,77.244767
321024,27.528206,77.108244
321025,27.2985,77.5275
321026,27.2315,77.415
321028,27.0955,77.2795
321201,27.313756,77.329571
321202,27.3700735,77.419254
321203,27.480088,77.326699
321204,27.666434,77.123246
321205,27.453209,77.072995
321206,27.367996,77.2414595
321301,27.05656945,77.48
321302,27.1135,77.360754
321303,27.169,77.366
321401,26.942539,77.2933056
321402,26.9850955,77.4368765
321403,26.9472125,77.492323
321404,27.003391,77.5936111
321405,26.872095,77.38983
321406,27.015752,77.0518889
321407,27.125718,77.063461
321408,27.029541,77.1859
321409,26.9264205,77.077593
321410,26.941748,77.346389
321411,26.866279,77.191787
321601,27.11025305,77.1601323
321602,27.229141,77.237641
321605,27.318328,77.0763611
321606,27.240314,77.0118245
321607,27.36490335,76.9066825
321608,27.000484,76.892273
321609,27.167224,76.845067
321610,26.9777575,76.825244
321611,26.8956205,76.8663305
321612,26.9588333,76.938379
321613,26.739159,76.123605
321614,27.192278,77.131259
321615,27.14546605,77.0200433
321633,27.361254,76.755793
321642,27.155812,77.188993
322001,26.004463,76.3355075
322021,25.993125,76.38506945
322023,26.327862,76.204228
322024,26.242525,76.300042
322025,26.039087,76.680522
322026,25.868199,76.3821
322027,26.1119328,76.364452
322028,26.204681,76.4703889
322029,26.112126,76.499683
322030,26.354345,76.352151
322033,26.1795365,76.5979435
322034,26.1723375,76.466429
322201,26.4862764,76.7042015
322202,26.4296875,76.7567365
322203,26.3199545,76.648852
322204,26.615254,76.623942
322205,26.61285535,76.84276355
322211,26.621584,76.5588056
322212,26.594608,76.472214
322213,26.790304,76.676749
322214,26.4577755,76.5359632
322215,26.705918,76.634247
322216,26.741522,76.774048
322218,26.284141,76.771163
322219,26.53773,76.8867222
322220,26.69422095,76.90415115
322230,26.7386111,76.978708
322234,26.618388,76.972947
322236,26.755717,77.11397
322238,26.7894555,76.8256045
322240,26.953475,76.4698333
322241,26.522661,76.9866275
322242,26.626309,77.2014545
322243,26.2800475,76.920587
322249,26.385059,77.073715
322251,26.3279635,77.20105265
322252,26.79769355,77.1782045
322254,26.82234,76.972947
322255,26.4553333,76.868786
322701,26.142985,76.2837004
322702,26.1390605,76.15851045
322703,26.1744392,76.08455
322704,26.21321745,76.0561644
323001,25.447897,75.649903
323021,25.31545,75.767673
323022,25.200168,75.556782
323023,25.549032,75.4988611
323024,25.529604,75.5356567
323025,26.19101595,75.4497665
323026,25.965384,75.639457
323301,25.416794,75.998569
323303,24.7274722,74.3231111
323304,24.9415735,75.3149755
323305,24.8827778,74.6225
323307,24.852632,75.60975
323601,25.2997778,75.9351944
323602,25.398815,75.896963
323603,25.5562355,76.16927785
323613,26.823767,75.76622
323614,25.89931145,76.0761055
323615,26.1188333,75.7189444
323616,25.591089,75.963741
323801,25.8104495,75.870824
323802,25.649332,75.795284
323803,25.531236,75.885346
324001,25.2093148,75.86221297
324002,25.21819445,75.8888889
324003,25.15555556,75.8711111
324004,25.1325,75.8941667
324005,25.1465,75.85565275
324006,25.17291665,75.83680555
324007,25.16756945,75.85873615
324008,25.2,75.8288889
324009,24.632217,75.89043
324010,24.95,75.79
325001,25.07,75.97
325003,24.966438,75.93
325004,25.53,76.38
325009,25.715,76.425
325201,25.25,76.03
325202,25.14,76.3
325203,25.16,76.11
325204,25.31,76.18
325205,25.06,76.53
325206,25.28,76.3525139
325207,24.9,76.4324722
325208,25.1803611,76.19529165
325209,25.13,76.37
325214,25.41,76.47
325215,25.295,76.555
325216,25.09,76.69
325217,25.175,77.145
325218,24.9,76.61
325219,24.74,76.665
325220,24.64,76.93
325221,24.59,76.68
325222,25.23,76.495
325223,24.83,76.54
325224,25.025,76.835
325601,24.985,76.23
325602,24.88,76.12
326001,24.5895278,76.253705
326021,24.46757805,76.3154135
326022,24.2850556,76.2350833
326023,24.504777,76.1715833
326033,24.387339,76.577601
326034,24.1549861,76.0312222
326035,24.535,76.4285
326036,24.34,76.13
326037,24.2335331,76.7784265
326038,24.7371595,76.374642
326039,24.283894,76.4740255
326501,24.53,76.025
326502,24.425823,75.898744
326512,24.33,75.83
326513,24.275,75.95
326514,23.979372,75.788671
326515,23.8913925,75.600269
326516,23.9402778,75.693619
326517,24.719625,76.09
326518,24.81,75.885
326519,24.63305555,75.975
326520,24.72105555,75.93
326529,24.64,75.86
326530,24.6687361,76.04691665
327001,23.575278,74.478913
327021,23.7664444,74.265084
327022,23.62453,74.165099
327023,23.752149,74.386604
327024,23.59125,74.1755
327025,23.6247695,74.2744185
327026,23.66213,74.505329
327027,23.8133905,74.4685365
327031,23.396891,74.071124
327032,23.494931,74.077744
327034,23.525665,74.191518
327601,23.277031,74.1805105
327602,23.244615,74.302288
327603,23.4661667,74.297154
327604,23.4267222,74.371943
327605,23.7618611,74.173906
327606,23.344107,74.294221
327801,23.1994444,74.467392
328001,26.719655,77.89229915
328021,26.6472639,77.6116705
328022,26.765571,77.534046
328023,26.875052,77.810996
328024,26.846511,77.919545
328025,26.8659495,78.1314995
328026,26.5012825,77.3575709
328027,26.8321925,77.716341
328028,26.5736715,77.797494
328029,26.7605585,78.053441
328030,26.745342,77.822471
328031,26.615175,77.4864975
328041,26.721859,77.700334
331001,28.3589495,74.995114
331021,28.2189167,74.9530833
331022,28.118746,74.653218
331023,28.701085,75.382024
331024,28.158716,75.007197
331025,28.275966,75.293497
331026,28.3935325,75.2209855
331027,28.2414182,75.1607015
331028,28.34164405,75.27199805
331029,28.463792,75.1394805
331031,28.4628889,75.064
331301,28.5505425,75.568425
331302,28.824575,74.8476111
331303,28.394349,75.412621
331304,28.6750725,74.9802005
331305,28.462884,75.453408
331402,28.3896667,74.6020278
331403,28.427142,74.439209
331411,28.6975015,74.3708235
331501,27.8533889,74.3024722
331502,27.8160278,74.4364722
331503,27.8038056,74.4085556
331504,28.3027222,74.9670833
331505,28.2902778,74.9613889
331506,27.7248889,74.7242778
331507,27.6965556,74.468
331517,27.7653611,74.1655833
331518,28.2902778,74.9613889
331701,28.89720395,75.327088
331801,28.2247778,74.1063
331802,28.038508,74.427648
331803,28.0736,73.9613
331811,28.05825,73.8036
332001,27.6166211,75.12299085
332002,27.5081639,75.01
332003,27.61627,75.15244
332021,27.5198584,75.1539017
332023,27.438764,75.07042615
332024,27.6938333,75.1847541
332025,27.3873985,74.93256845
332026,27.61233415,74.80172665
332027,27.65378405,75.26840905
332028,27.5306721,74.8448648
332029,27.65345705,74.74177965
332030,27.4650266,74.8609324
332031,27.7874063,75.1924755
332041,27.6313333,74.9997758
332042,27.5685277,75.0063489
332301,27.94741875,74.95859815
332302,28.1419666,74.9026082
332303,27.96151335,75.1257857
332304,28.01232815,74.8196407
332305,28.02951785,75.089048
332307,28.1095904,75.08475
332311,27.84846365,74.99685405
332312,27.7335281,74.89167
332315,27.7211197,75.0691389
332316,27.83812885,75.1862861
332317,27.82693185,74.9136981
332318,27.76131375,74.81447875
332401,27.9018743,75.11582855
332402,27.4863401,75.38345295
332403,27.5293565,75.2581148
332404,27.3674117,75.53094495
332405,27.5751999,75.3383027
332406,27.4326709,75.1870051
332411,27.4310961,75.4636099
332601,27.3307425,75.3063992
332602,27.3816734,75.4057222
332603,27.38822895,75.62327235
332701,27.43744375,75.85416025
332702,27.3114487,75.1866111
332703,27.2305531,75.2151918
332705,27.6425094,75.8940592
332706,27.6463881,75.6164442
332707,27.4876818,75.8572595
332708,27.58654585,75.6688102
332709,27.6036944,75.5211189
332710,27.2219294,75.2770721
332711,27.8322706,75.8446802
332712,27.4293756,75.7117454
332713,27.7575045,75.8010962
332714,27.6357862,75.7253265
332715,27.48375385,75.60631635
332716,27.837924,75.709432
332718,27.80144935,75.9726454
332719,27.5323488,75.74653735
332721,27.5992122,75.4169918
332722,27.5100984,75.5260509
332742,27.17342215,75.1673025
332746,28.0450195,75.9609355
333001,28.114995,75.4014722
333010,28.172283,75.234617
333011,28.2064805,75.3358495
333012,27.92448415,75.5386985
333020,28.012595,75.631974
333021,28.001529,75.475114
333022,27.846214,75.510391
333023,28.200375,75.472196
333024,28.1317955,75.528645
333025,28.29199,75.440181
333026,28.23964,75.656693
333027,28.176201,75.652948
333028,28.096821,75.5909005
333029,28.3114722,75.75621
333030,28.3455556,75.682138
333031,28.414208,75.639601
333032,27.8564444,75.436713
333033,28.321628,75.8600575
333034,28.2610278,75.9586389
333035,28.30200805,75.60150605
333036,27.989554,75.917092
333041,28.065341,75.303246
333042,27.861617,75.300401
333053,27.849004,75.62961
333055,27.871539,75.665791
333302,27.7371111,75.594591
333303,27.7326875,75.402572
333304,27.800065,75.323779
333305,27.924749,75.414861
333307,27.729129,75.458651
333308,27.79621439,75.38914144
333501,27.8911916,75.75873808
333502,28.208329,75.853807
333503,27.99517,75.813077
333504,28.0707778,75.8255278
333514,28.048883,75.7156944
333515,28.1808365,75.9870515
333516,28.116466,75.847705
333517,28.156505,75.745739
333701,27.9795964,75.19106595
333702,27.9025556,75.2276389
333704,28.069712,75.186466
333705,27.9479444,75.250667
333707,27.972348,75.335296
333801,27.741964,75.672174
334001,28.022005,73.3021454
334002,28.0208232,73.3158222
334003,28.0208333,73.3158333
334004,28.0254778,73.3022
334006,28.08765565,73.18704875
334021,28.6512377,73.29935
334022,28.0783574,73.4239
334023,28.7044444,72.6565
334024,28.1010455,73.0051055
334025,27.63924955,73.805785
334201,27.92633675,73.51156
334202,27.9317,73.6639
334302,27.7734,72.9283
334303,27.71503245,72.7145447
334305,28.0594,72.4376499
334401,27.9830556,73.2986111
334402,27.8432,73.3443
334403,27.9741667,73.2986111
334601,28.3611,73.4688797
334602,28.3393,73.8911111
334603,28.541157,73.7491667
334604,28.8314,73.90654415
334801,27.73215,73.3745
334802,27.6435,73.7065
334803,27.5682889,73.3391
334804,27.79345,73.04935
334808,28.4679839,72.739359
335001,29.929271,73.842642
335002,29.841057,73.879739
335021,29.414116,73.3612918
335022,29.829276,73.765637
335024,29.669214,73.4505395
335025,29.7567694,73.90582065
335027,29.934542,73.615191
335037,29.774155,74.210034
335038,29.935372,73.7114945
335039,29.518316,73.575877
335040,29.784736,73.5805755
335041,29.6873535,73.6482865
335042,29.650009,73.7833324
335051,29.458141,73.466949
335061,28.0414444,72.4264167
335062,29.9112605,74.1584935
335063,29.796357,74.448166
335064,29.792498,74.248745
335065,29.557776,74.5927755
335073,29.868311,73.465694
335501,29.0498205,75.174137
335502,28.91575,75.099075
335503,29.049071,75.36472
335504,29.180009,74.979762
335511,29.185187,75.267734
335512,29.636531,74.297166
335513,29.575647,74.379204
335521,29.0672,74.32329
335522,28.930703,74.209623
335523,29.152575,74.726022
335524,29.2730334,74.4023609
335525,29.515,74.5888611
335526,29.5564167,74.5040278
335701,29.19184,73.20496
335702,29.308821,73.697244
335703,29.0726667,73.1153333
335704,29.2114435,73.6256895
335707,29.903523,73.879739
335708,28.8383925,72.8868358
335711,29.903523,73.879739
335801,29.4954845,74.1951895
335802,29.59877,74.136475
335803,29.4852778,74.0738889
335804,29.322227,73.879739
335805,29.175288,74.060856
335901,30.122598,73.896299
341001,27.21485,73.69555
341002,27.4071664,73.7585
341003,27.325463,73.576557
341020,27.1991,73.2832
341021,27.1599,73.6452
341022,27.3679,73.9786
341023,27.262,74.1965
341024,27.1997222,73.7297222
341025,27.0106111,73.7672778
341026,27.0579167,73.824
341027,27.1915,73.9405
341028,26.9114444,73.8425
341029,27.54535,73.6684
341030,27.1414444,74.12625
341031,26.6344361,74.27420835
341301,27.639,73.9915
341302,26.2575,73.7538
341303,27.4234878,74.5755995
341304,27.6511409,74.5111849
341305,27.32683165,74.439
341306,27.64735777,74.40126213
341307,27.399516,74.5756015
341309,27.399519,74.575597
341316,27.46245,74.317047
341317,27.38445,74.33613055
341318,27.26645,74.48455
341319,27.1860833,74.5059
341501,26.8893,74.42035
341502,27.04225,74.6642389
341503,26.8771,74.3295
341504,27.0350135,74.4585
341505,27.0375,74.7241667
341506,27.2741,74.6524673
341507,27.1253,75.12452355
341508,27.15945,74.8630556
341509,27.19265,75.0447
341510,26.64325,74.026243
341511,26.736025,73.91551945
341512,26.8151,74.6576
341513,26.558663,74.1892
341514,26.7833333,74.0833333
341515,26.7363333,74.602
341516,27.3405278,74.8550992
341517,27.4525833,74.399993
341518,26.47013,74.06145
341519,27.24585,74.9993
341520,26.967165,74.547925
341521,26.793686,74.264842
341533,27.04869,74.9148
341551,27.3860565,74.6561015
342001,26.2902639,73.01847225
342002,26.273036,73.02042
342003,26.2717222,73.0036389
342005,26.2284545,73.0149167
342006,26.298251,73.0398611
342007,26.3210556,73.0474444
342008,26.2581795,72.978504
342011,26.2657459,73.04339215
342012,26.1909722,72.9354444
342013,26.198702,73.002253
342014,26.2389529,72.9772
342015,26.32535,73.148454
342016,26.21502,73.04824
342017,26.26293135,72.96552115
342021,26.60143604,72.27895128
342022,26.3474,72.3271
342023,27.31995,72.6504
342024,26.23895357,73.02430273
342025,26.59915,72.26676
342026,26.3318889,73.0424722
342027,26.33160925,73.1485125
342028,26.4355,72.3449
342029,26.700007,73.2824201
342030,26.46672,73.11524
342032,26.68775,72.69804
342037,26.61821,73.24365
342301,27.1236111,72.3769444
342302,27.04925,72.56155
342303,26.726009,72.909991
342304,26.35172515,73.047943
342305,26.53625,72.96655
342306,26.3379,73.0305
342307,27.371253,72.353361
342308,27.1343889,72.4146111
342309,26.84991897,72.43648141
342310,27.563571,72.255207
342311,27.1987778,72.8482222
342312,27.14024969,73.05320026
342314,26.7849,72.21996
342601,26.38358232,73.54278318
342602,26.17924948,73.70372535
342603,26.64636217,73.49304783
342604,26.48301,73.78973
342605,26.1844,73.49945
342606,26.41896356,73.4248
342801,26.3285,73.08025
342802,27.53812,72.81079
342901,26.79278,73.52002
342902,26.6863,73.723
343001,25.308007,72.628006
343002,25.313845,72.637292
343021,25.376599,72.398179
343022,25.31338,72.202104
343023,25.224945,72.3108925
343024,25.139294,72.681677
343025,25.198618,72.538229
343027,24.819018,71.483059
343028,25.181748,72.434691
343029,25.014785,72.289643
343030,25.078638,72.111993
343032,25.2183985,72.020248
343039,24.7751655,72.287451
343040,24.781589,72.077546
343041,24.8362255,71.7462385
343042,25.481958,72.581851
343048,24.664344,72.2434935
343049,24.8892425,72.261546
344001,25.73917,71.39722
344011,25.8389,71.3268
344012,25.5231665,71.27755
344021,25.8178238,72.5766704
344022,25.83157695,72.24035203
344024,25.81944,72.21556
344025,25.7685182,72.111847
344026,26.022351,72.578073
344027,25.82069712,72.43232616
344031,25.24814,71.76273
344032,25.92403925,72.26052781
344033,25.56825,71.940468
344034,25.8934255,71.81925
344035,25.90815,71.5343
344037,26.24765,71.8157
344043,25.5260246,72.41821
344044,25.651524,72.40922005
344501,25.93483,70.5248
344502,25.7036,70.9380845
344701,26.1897462,71.359189
344702,25.47695,71.0348
344703,25.67048,71.6715
344704,25.15761,71.3936
344705,26.237376,71.212961
344706,24.98517,71.07355
344708,25.49418782,71.41313033
344801,25.5162135,72.1995405
344802,26.049171,72.065279
345001,26.870012,70.803076
345021,26.91578926,70.90843393
345022,27.369167,70.498698
345023,27.0950055,71.87405
345024,26.660863,71.872867
345025,26.535247,71.727198
345026,26.731587,71.585077
345027,26.496124,71.20421
345028,27.56522,71.4847
345031,27.035847,71.517216
345033,27.282051,71.233778
345034,26.61474,70.709829
360001,22.30183438,70.80034178
360002,22.2831973,70.80028828
360003,22.33963985,70.80739685
360004,22.24835555,70.7609856
360005,22.27111675,70.74515665
360006,22.3135,70.78816665
360007,22.2995278,70.7753889
360008,22.298479,70.799963
360020,22.2097214,70.9208993
360021,22.27847415,70.5595382
360022,22.1929837,70.8013872
360023,22.193524,70.5912252
360024,22.1749958,70.79637655
360025,22.1438735,71.00573065
360026,22.15572,70.7706884
360028,22.351554,70.802923
360030,22.03422115,70.8849227
360035,22.13525,70.6349444
360040,22.0095278,71.090809
360045,21.8290735,71.02635
360050,22.147486,71.35925
360055,22.1748585,71.3725625
360060,22.1014958,71.0951815
360070,22.083694,70.695698
360110,22.4246023,70.5739352
360311,21.968629,70.798616
360320,22.1777328,70.40157365
360325,22.2986944,70.7997778
360330,21.865165,70.865967
360360,21.678533,70.5857078
360370,21.740677,70.618522
360375,21.7790956,70.6042349
360380,21.82815785,70.6934195
360405,21.93652,70.4997
360410,21.7912235,70.4740835
360421,21.68603335,70.370625
360430,21.63773,70.2769425
360440,21.7641944,70.3766944
360450,21.93652,70.556985
360452,21.9577,70.37773
360460,21.7803,70.099899
360465,21.818941,70.956909
360470,21.922468,70.9039764
360480,21.9392947,70.205115
360485,21.7421,70.758477
360490,21.746179,70.2782295
360510,21.955,69.735
360515,22.025,69.88
360520,22.03,70.13
360530,21.9009722,69.99
360531,21.84,69.86
360540,22.09519,70.515
360545,21.7488225,69.6835235
360550,21.6913331,69.752435
360570,21.6483125,69.874717
360575,21.6390556,69.6069444
360576,21.516503,69.8061095
360577,21.66695,69.6814
360578,21.6278611,69.6343611
360579,21.734153,69.556694
360590,21.852406,69.581239
361001,22.4699861,70.06275
361002,22.4855833,70.1354444
361003,22.4855833,70.1354444
361004,22.45519445,70.0462222
361005,22.4618333,70.0647778
361006,22.43,69.99
361007,22.47980555,70.0937361
361008,22.4800417,70.0627639
361009,22.4935185,70.0471576
361010,22.36,69.72
361011,22.613175,70.2915455
361012,22.325,70.071801
361013,22.26999,70.245
361110,22.43,70.24
361120,22.49279165,70.155
361130,22.4,70.33
361140,22.39,69.86
361142,22.4855833,70.1354444
361150,22.5296667,70.0441944
361160,22.14,70.31
361162,22.23,70.46
361170,22.21,69.99
361210,22.55,70.4185556
361220,22.69,70.54
361230,22.59042,70.174776
361240,22.735,70.4482515
361250,22.66,70.325
361280,22.285,69.856211
361305,22.2053,69.55
361306,22.075,69.605
361310,22.28,69.55
361315,22.12,69.3
361320,22.025,69.425
361325,21.95,69.5
361330,22.389446,69.239853
361335,22.25,69.07
361345,22.39,69.04
361347,22.38345,69.058403
361350,22.4749444,69.0731111
362001,21.51355735,70.46071208
362002,21.53947575,70.3938274
362011,21.6165675,70.4058611
362015,21.473526,70.44774315
362020,21.5573769,70.7685701
362030,21.5881528,70.64681705
362037,21.5499603,70.4500135
362110,21.44379345,70.63755115
362120,21.344445,70.639708
362130,21.335805,70.763396
362135,21.168616,70.5709844
362140,21.00713235,70.6685323
362150,21.04102475,70.5280274
362205,21.4609855,70.3962147
362215,21.3672853,70.3517189
362220,21.30815265,70.16784075
362222,21.3906583,70.2332746
362225,21.148343,70.1409885
362226,21.18945,70.073399
362227,21.2299196,70.2547987
362230,21.316003,69.9603056
362240,21.222491,70.0507825
362245,21.1624129,70.3329152
362250,21.0629356,70.223968
362255,21.0194378,70.334731
362260,21.3116424,70.4463107
362263,21.3974471,70.5184702
362265,20.9437283,70.3580833
362268,20.90390305,70.5338218
362269,20.9823796,70.4178153
362275,20.8222095,70.5702681
362310,21.60545905,70.49650395
362315,21.6399532,70.53051885
362510,20.7550846,71.0459606
362520,20.713943,70.975823
362530,20.92696935,70.9492493
362540,20.729103,70.990904
362550,20.82556995,71.1558184
362560,20.8487159,71.0367624
362565,20.94232655,71.08395395
362570,20.72330635,70.8960936
362610,21.4780351,70.27545915
362620,21.511482,70.0103795
362625,21.433596,70.116892
362630,21.4936685,70.1680235
362640,21.589865,70.201891
362650,21.62008,69.970294
362710,20.9017337,70.7302128
362715,20.831001,70.68622
362720,20.8189968,70.77102415
363001,22.729384,71.634011
363020,22.68115,71.61305
363030,22.72087,71.6996
363040,22.7982,71.54635
363110,22.8891,71.6942
363115,22.9546,71.9192
363310,23.0008,71.4593139
363320,22.8912,71.6039
363330,22.97245,71.164
363351,23.00095,71.1596
363410,22.4392,71.6317
363421,22.57115,71.8364
363423,22.5457,72.0604
363427,22.7248611,71.8572
363430,22.5235,71.4791
363435,22.5541,71.5438
363440,22.36445,71.4144
363510,22.6978,71.4236
363520,22.3528,71.1949
363530,22.6145,71.2105
363621,22.5910774,70.96341205
363623,22.3135,70.7881666
363630,23.0149609,70.8739173
363641,23.0841143,70.5360816
363642,22.8882578,70.8624964
363643,22.7873066,70.8023378
363650,22.5604354,70.6836694
363655,22.82,70.54
363660,22.97552085,70.60219365
363670,23.0614585,70.7149271
363745,23.0619,71.7697
363750,23.37725,71.8562
363755,23.36145,71.6511
363760,22.97748055,71.6609528
363765,23.2092,71.8227
363775,22.8705,71.8318
363780,23.4397,71.6273056
364001,21.772779,72.1467
364002,21.736042,72.158377
364003,21.7663,72.1179
364004,21.76953425,72.1120597
364005,21.76078275,72.1903802
364006,21.778953,72.1345195
364050,21.5939915,72.1529565
364060,21.726619,72.0641195
364070,21.605902,72.245967
364081,21.41263,72.169807
364110,21.668924,72.231178
364120,21.4887195,72.155611
364130,21.186468,71.963689
364135,21.21,72.061597
364140,21.342459,72.023455
364145,21.331507,71.874604
364150,21.425586,72.074455
364210,21.713632,71.838449
364230,21.71747,71.708829
364240,21.692493,71.935635
364250,21.70056715,71.8896331
364260,21.599375,71.973797
364265,21.5100645,71.7223675
364270,21.536632,71.8156944
364275,21.595824,71.645309
364280,21.21,71.641816
364290,21.110994,71.7330075
364295,21.2325865,71.853512
364310,21.973453,71.883832
364313,21.982284,71.983916
364320,21.855858,71.721268
364330,21.861122,71.8063611
364505,21.50286,71.5764019
364510,21.39,71.714196
364515,21.342107,71.3059722
364521,21.4287075,71.314017
364522,21.220727,71.3524783
364525,21.3894444,71.535673
364530,21.1948705,71.4696249
364710,22.1172935,71.6606157
364720,22.2743525,71.5386635
364730,21.8718395,71.49474
364740,21.793566,71.610235
364750,21.9682778,71.538046
364760,22.021743,71.742022
364765,22.023355,71.628647
365220,21.6683908,71.512358
365410,21.8430556,71.1604477
365421,21.85600035,71.30279595
365430,21.646887,71.286485
365435,21.7677465,71.3907045
365440,21.4717512,70.9420483
365450,21.68529005,70.9905917
365455,21.6603283,71.1411382
365456,21.569964,70.9457635
365460,21.7401498,71.1286015
365480,21.6883611,70.847725
365535,21.5346725,71.4080428
365540,20.872131,71.2164444
365541,21.1671855,71.29301
365550,21.009312,71.254011
365555,21.0759049,71.55827035
365560,21.04893535,71.4243285
365601,21.6080588,71.2270155
365610,21.5203666,71.1135225
365620,21.7364341,71.1953508
365630,21.4159722,71.163602
365635,21.302665,71.27183
365640,21.287311,71.068068
365645,21.38982715,70.8838276
365650,21.12513,71.2365625
365730,20.9464845,71.24878
370001,23.41276045,69.687837
370015,23.2255315,69.6696565
370020,23.256348,69.873142
370030,23.209798,69.377148
370040,23.2163902,69.603582
370105,23.2096003,69.792148
370110,23.107723,69.994355
370115,23.299233,70.030961
370130,23.061062,69.873525
370135,23.43747,70.4610425
370140,23.355341,70.324165
370145,23.366092,70.7056945
370150,23.245772,70.538393
370155,23.54551935,70.86848
370160,23.3759262,70.2507762
370165,23.613902,70.630602
370201,23.1017355,70.1505965
370203,23.2197778,69.7785278
370205,23.037508,70.0786288
370210,23.2469444,69.6731944
370230,23.2469444,69.6731944
370405,22.87702735,69.6117745
370410,22.9135915,69.8353794
370415,22.9031765,69.6935075
370421,22.843082,69.742096
370425,22.990593,69.70114
370427,23.1132875,69.6413665
370430,23.079667,69.5883109
370435,22.884516,69.534689
370445,23.101026,69.3723065
370450,23.009261,69.1458255
370455,22.8474945,69.4821785
370460,22.901152,69.4099245
370465,22.875931,69.330962
370475,22.8984035,69.1793535
370485,23.0209125,69.4856865
370490,23.0843895,69.0245665
370510,23.7967059,69.733693
370601,23.6803965,68.708045
370605,23.505883,69.138002
370610,23.2362252,69.3753072
370615,23.2197778,69.590176
370620,23.3913515,69.035036
370625,23.5166008,69.024892
370627,23.720073,68.8708725
370630,23.597192,68.891337
370641,23.1715475,68.77156
370645,23.1402045,68.9162425
370650,23.231483,69.1123105
370655,23.421574,68.7605835
370660,23.315482,68.940546
370665,23.4045425,69.3382905
370670,23.387185,69.11958135
370675,23.319764,69.313083
380001,23.02455995,72.58661354
380002,23.028048,72.59878
380003,23.04,72.59
380004,23.04228833,72.583415
380005,23.102683,72.589897
380006,23.018508,72.569819
380007,23.007355,72.560181
380008,22.998855,72.614369
380009,23.0374775,72.5668045
380010,23.018508,72.569819
380011,22.998855,72.601144
380012,23.052198,72.555163
380013,23.052198,72.555163
380014,23.038852,72.568768
380015,23.027696,72.534717
380016,23.046493,72.6060135
380018,23.025874,72.624663
380019,23.1011715,72.5752055
380021,23.013413,72.611874
380022,23.010425,72.586792
380023,23.0163995,72.626339
380024,23.0277775,72.6255635
380026,23.001736,72.6454545
380027,23.063327,72.581808
380028,22.9977245,72.592377
380049,23.033766,72.662334
380050,22.985094,72.611236
380051,23.004847,72.520865
380052,23.045133,72.531672
380054,23.044141,72.522147
380055,22.995413,72.528221
380057,23.020833,72.473889
380058,23.031364,72.451198
380059,23.0522235,72.490298
380060,23.097919,72.5146505
380061,23.068571,72.543114
380063,23.03219,72.578457
382006,23.211262,72.635214
382007,23.2096095,72.65233525
382010,23.22032533,72.654679
382016,23.2344005,72.64873925
382021,23.2344155,72.665716
382028,23.258407,72.6331555
382030,23.227056,72.659067
382041,23.251184,72.673767
382042,22.981267,72.5517295
382045,23.249441,72.702508
382050,23.165464,72.679741
382055,23.12411,72.41121
382110,22.92,72.24
382115,23.0090972,72.27169445
382120,23.25,72.19
382122,23.2578819,72.4728966
382130,23.295,72.015
382140,23.28,72.14
382145,23.395,72.245
382150,23.11066665,72.105
382170,23.03,72.26
382210,22.9701365,72.4780055
382213,22.94,72.43885
382220,22.81469445,72.34
382225,22.725,72.405
382230,22.57,72.2526885
382240,22.71,72.27
382245,22.38,71.8
382250,22.68,72.185
382255,22.47,72.09
382260,22.8,72.46
382265,22.615,72.441199
382305,23.08,72.49
382308,23.11,72.91
382315,23.22,72.9
382320,23.3299125,72.7351965
382321,23.33,72.77519
382330,23.082874,72.667409
382340,23.084117,72.649641
382345,23.057684,72.6406715
382350,23.041585,72.642871
382355,23.182433,72.525
382405,22.962597,72.575012
382415,23.020521,72.659728
382418,23.005161,72.653415
382419,23.185824,72.619231
382421,23.163758,72.5976665
382422,23.24,72.58
382423,23.18,72.503051
382424,23.1102395,72.5836495
382425,22.877825,72.541372
382426,23.150142,72.6404935
382427,22.902852,72.5952235
382428,22.876669,72.463567
382430,23.033152,72.711379
382433,22.971551,72.795944
382435,22.920627,72.686032
382443,22.983023,72.597173
382445,22.954613,72.639879
382449,22.97854005,72.66713895
382450,22.17,71.879868
382455,22.775,72.33
382460,22.5,72
382463,22.28,72.165
382465,22.4633605,72.22
382470,23.111883,72.56382
382475,23.086591,72.638998
382480,23.074716,72.572032
382481,23.081193,72.55128
382501,23.163873,72.5395307
382610,23.266403,72.677393
382620,23.292107,72.639754
382630,23.312227,72.595575
382640,23.2795905,72.5712215
382650,23.37,72.6654605
382721,23.2411389,72.4995
382722,23.136068,72.472412
382725,23.2283405,72.4922065
382729,23.27,72.44
382735,23.365,72.35
382740,23.16,72.49
382810,23.5,72.65
382835,23.45,72.729215
382845,23.415,72.56
382855,23.48,72.71
383001,23.60372965,72.96327705
383002,23.5857,72.9867
383006,23.731236,72.984196
383010,23.6772,73.038683
383030,23.582801,73.1017
383110,23.746318,72.954177
383120,23.5089055,72.8713615
383205,23.391033,72.857
383210,23.482772,72.97263
383215,23.322043,72.9497
383220,23.652,72.854502
383225,23.7487,72.838801
383230,23.807578,72.897699
383235,23.9486675,72.986285
383240,23.674049,73.163774
383245,23.764702,73.261793
383246,23.8329755,73.3269925
383250,23.634439,73.311179
383251,23.6546666,73.465263
383255,24.067685,73.063402
383260,23.2626055,73.154385
383270,24.181277,73.012855
383275,24.000095,73.126159
383276,23.544126,73.207234
383305,23.39785,73.031855
383307,23.349186,73.109313
383310,23.3606611,73.20975835
383315,23.4607215,73.336567
383316,23.4827895,73.1965425
383317,23.5291565,73.317933
383320,23.586923,73.218663
383325,23.2130895,73.1465695
383330,23.16215,73.227574
383335,23.3023,73.3642
383340,23.1683056,73.314864
383345,23.355561,73.4653384
383350,23.5159805,73.538799
383355,23.6900425,73.3590805
383410,23.807728,73.0668475
383421,23.7492875,73.09712
383422,24.37019,73.065615
383430,23.8530675,72.9877615
383434,23.929,72.87444
383440,23.9038375,73.112278
383450,23.821009,73.1623995
383460,24.003388,73.342869
383462,23.941951,73.3646065
384001,23.588593,72.422116
384002,23.6230185,72.2446645
384003,23.35,72.36
384005,23.63868,72.332593
384012,23.588142,72.370791
384110,23.81575,72.271431
384120,23.702892,72.389034
384130,23.8686145,72.45274
384135,23.86216,72.34879
384140,23.8676415,72.406298
384151,15.5934,72.9524
384160,23.758101,72.357849
384170,23.802397,72.396151
384220,15.5934,72.1128
384221,15.5934,72.5192
384225,19.63161665,72.7225
384229,15.5934,72.5192
384230,15.5934,72.511
384240,15.5934,72.7228
384241,15.5934,72.668
384245,15.5934,71.8677
384246,23.4697,72.6904
384255,15.5934,71.9752
384260,15.5934,72.2607
384265,23.8509444,72.13
384266,23.9,72.15
384272,15.5934,72.7262
384275,15.5934,72.4279
384285,15.5934,72.9687
384290,15.5934,72.301
384305,23.608195,72.531172
384310,23.7268215,72.465387
384315,23.6998435,72.5539295
384316,23.705143,72.516169
384320,23.7767,72.555458
384325,23.91582,72.635375
384330,24.024696,72.761435
384335,23.847147,72.720061
384340,24.013674,72.717844
384345,23.8368,72.585449
384355,23.773616,72.663241
384360,23.971093,72.816305
384410,23.5204085,72.235509
384412,23.604864,72.207138
384415,23.532631,72.042471
384421,23.442789,72.315562
384430,23.4712045,72.213801
384435,23.494891,72.359231
384440,23.29681,72.323178
384441,23.217083,72.387346
384445,23.166031,72.25815175
384450,23.3834855,72.443737
384455,23.448243,72.400063
384460,23.517976,72.451169
384465,23.4505495,72.5204825
384470,23.49685,72.546803
384515,23.5986155,72.6969105
384520,23.596169,72.668922
384530,23.584108,72.604995
384540,23.6434785,72.709099
384550,23.543604,72.719022
384560,23.688705,72.771039
384565,23.529176,72.5855545
384570,23.57787,72.751092
385001,24.173023,72.443623
385010,24.266227,72.403028
385110,24.266035,72.931654
385120,24.1484425,72.766601
385130,24.407992,72.636629
385135,24.371783,72.533793
385210,24.0349025,72.406656
385310,24.5403575,72.0123285
385320,24.0712745,71.5759665
385330,24.1850105,71.7694805
385340,15.5934,71.973
385350,15.5934,71.1681
385360,15.5934,72.3286
385410,24.089616,72.484236
385421,24.018601,72.537523
385505,24.376372,72.334929
385506,24.320495,72.315393
385510,24.219613,72.314521
385515,24.106265,72.275191
385520,24.085342,72.340435
385530,24.1969945,71.9896495
385535,24.305383,72.14194
385540,24.176786,72.155371
385545,24.5101665,72.271008
385550,24.046818,71.933697
385555,23.9662865,71.8384275
385560,23.8922095,71.7773495
385565,24.439123,71.715713
385566,24.572175,71.5285695
385570,24.182549,71.3868775
385575,24.295766,71.444415
385581,24.311674,71.822033
387001,22.73104933,72.8638
387002,22.6931389,72.8774
387003,22.700001,72.870003
387105,22.937797,72.866721
387110,15.5934,72.9882
387115,22.700008,72.866692
387120,15.5934,72.7046
387130,15.5934,73.1972
387210,22.5797,72.69777
387220,22.5478952,72.8429714
387230,22.684938,72.8292135
387240,22.53664406,72.72115938
387305,15.5934,73.0468
387310,22.5702472,72.95061945
387315,22.7525,72.6844722
387320,22.1873,72.7047665
387325,22.7525,72.6844722
387330,22.7314,72.9387909
387335,15.5934,72.3468
387340,15.5934,73.2799
387345,22.63542,72.799203
387350,22.938,72.905
387355,22.6416174,72.8295155
387360,22.73735,72.9049
387365,22.95296667,72.999384
387370,22.66369125,72.88275115
387375,22.476647,72.799204
387380,22.641973,72.7213245
387411,22.7525,72.6844722
387430,22.54202,72.6853
387510,15.5934,72.664
387520,22.611441,72.664
387530,15.5934,72.5757
387540,22.79105,72.81457025
387550,15.5934,72.664
387560,15.5934,72.664
387570,15.5934,73.0141
387610,15.5934,72.9689
387620,15.5934,73.163
387630,19.2458,72.9928
387635,22.7525,72.7657
387640,15.5934,73.1325
387650,23.1198,73.0638
387710,15.5934,74.2744
388001,22.5551792,72.96290014
388110,22.5307389,72.9744861
388120,22.5490278,72.9259444
388130,22.5038,72.87
388140,22.40498245,72.88065135
388150,22.4884,72.799203
388160,22.476645,72.799206
388170,22.31312125,72.61940075
388180,22.48882464,72.6579797
388205,22.63,73.05
388210,22.6227222,73.1394
388215,22.7254,73.0789
388220,22.6943333,73.1136
388225,22.7607528,73.1454
388230,22.7268,73.2117
388235,22.8763,73.3215
388239,22.8688611,73.3530278
388245,22.8095778,73.33365
388250,22.81795,73.2201
388255,22.9501,73.3178
388260,23.22,73.49
388265,22.750563,72.68360453
388270,23.1055657,73.4808
388305,22.46985,73.022649
388306,22.46281945,73.0750472
388307,22.41321725,73.03347087
388310,22.5591944,72.9641389
388315,22.5670472,72.92111945
388320,22.55854165,72.99903055
388325,22.54690835,72.89260555
388330,22.3423,73.081
388335,22.566,73.0213
388340,22.5426972,72.98906945
388345,22.5158,72.9139005
388350,22.46665,72.9808005
388355,22.516899,72.946968
388360,22.5982,72.9641389
388365,22.555,73.1084
388370,22.519,72.99135
388410,22.7525,72.6844722
388421,22.601219,72.790291
388430,22.5591944,72.8993
388440,22.476648,72.799203
388450,22.47799102,72.79968422
388460,22.491325,72.743325
388465,22.5591944,72.9641389
388470,22.5591944,72.9641389
388480,22.45375,72.8239502
388510,22.34,73.0055556
388520,22.305,72.98
388530,22.325,72.89941665
388540,22.4115833,72.9276
388543,22.397181,72.944366
388545,22.45886,72.858833
388550,22.3131204,72.6194016
388560,22.44755,72.91195
388570,22.3594,72.823952
388580,22.3131205,72.6194015
388590,22.398449,72.899308
388610,22.313122,72.6194
388620,22.31457338,72.62040116
388625,22.31312033,72.61940167
388630,22.3362605,72.6176005
388640,22.3131206,72.6194014
388710,22.81273415,73.75672
388713,22.796396,73.47787
389001,22.768,73.6217
389002,22.8704,73.57765
389110,23.0617105,73.8557875
389115,22.952765,73.84351
389120,22.80156,73.786065
389130,22.8373899,73.912851
389140,22.8363,74.00857
389146,22.89891245,74.04881745
389151,22.8321667,74.25825
389152,22.74193,74.1971832
389154,22.798494,74.340122
389155,22.68191225,74.2882856
389160,22.8677,74.2408
389170,23.10664715,74.172845
389172,23.2401979,74.0281537
389175,23.0593908,73.96614
389180,22.99911,74.1567
389190,23.14532,74.01818
389210,22.943,73.5713
389220,23.0032,73.5182
389230,23.1609,73.629
389232,23.353968,73.6111995
389235,23.1929849,73.733701
389250,23.327039,73.8038966
389260,23.198495,73.902231
389265,23.19954,73.80155
389310,22.614866,73.524
389320,22.659,73.4596111
389330,22.5991,73.459
389340,22.715106,73.5201
389341,22.654948,73.6633545
389350,22.44716,73.48264
389360,22.4848,73.5522
389365,22.570995,73.6489788
389370,22.9277,73.6085
389380,22.6544633,73.9058712
389382,22.64215915,74.08084665
389390,22.3688,73.70077
390001,22.2978361,73.20215693
390002,22.3035833,73.1976944
390003,18.9576111,73.15729165
390004,15.5934,73.1802
390006,22.3035833,73.1976944
390007,22.30410553,73.16341297
390008,22.3271018,73.1895287
390009,22.2653611,73.1947389
390010,18.92524165,73.04771665
390011,22.2781944,73.1944722
390012,18.94679165,73.3838472
390013,22.3035833,73.1976944
390014,22.3035833,72.9091
390016,22.3035833,73.1976944
390017,22.2959722,73.21525
390018,22.3178333,73.1976389
390019,22.307,72.9091
390020,22.31416665,73.1780139
390021,22.3035833,73.1976944
390022,22.33335805,73.15993055
390023,22.3213611,73.154
390024,22.3415,73.1786944
390025,22.2983333,73.21375
390026,22.3035833,73.1976944
391101,22.3035833,73.1976944
391105,15.5934,73.3674
391107,15.5934,73.3115
391110,15.5934,73.5933
391115,15.5934,73.2578
391120,15.5934,73.1775
391125,15.5934,73.455
391130,15.5934,73.40155
391135,15.5934,73.5717
391140,15.5934,73.2397
391145,15.5934,73.242
391150,15.5934,73.4152
391152,15.5934,73.2983
391156,15.5934,73.586
391160,15.5934,73.586
391165,15.5934,73.9032
391168,15.5934,74.0194
391170,15.5934,74.0649
391210,15.59,72.94
391220,15.59,73.18
391240,15.59,73.32
391243,15.59,73.94
391244,15.59,73.16
391250,15.5934,73.0205
391310,15.59,73.82
391320,22.3035833,73.1976944
391330,15.59,73.11
391340,15.59,73.46
391345,22.3524722,73.14025
391350,18.98175,73.294622
391410,21.83,73.48
391421,22.3035833,73.04
391430,15.59,72.82
391440,15.59,72.92
391445,16.54,73.47
391450,15.59,73.04
391510,15.59,73.52
391520,15.59,73.26
391530,15.59,73.78
391740,22.3035833,72.87
391745,15.59,73.16
391750,22.3754722,73.1570833
391760,15.59,73.34
391761,15.59,73.49
391770,15.59,73.36
391774,15.59,73.34
391775,15.59,73.35
391776,22.445154,73.19986
391780,15.59,73.12
391810,22.168577,72.857391
392001,21.7006712,72.9853
392011,21.714125,73.059561
392012,21.7520465,72.9618705
392015,21.733931,72.983172
392020,21.7951,72.9306
392025,21.904976,72.941157
392030,21.772879,73.132434
392035,22.009624,72.943523
392040,21.976233,72.64148
392110,21.958967,72.8705
392130,21.7171515,72.7417
392135,21.714171,72.65235
392140,21.849755,72.799093
392150,22.086903,72.795674
392155,22.0946515,72.6260845
392160,21.703867,72.895414
392165,21.7971875,72.6803295
392170,22.149076,72.636293
392180,22.1704645,72.7463465
392210,21.82487,73.071046
392215,21.83437,73.111066
392220,21.914292,73.073799
392230,21.9634255,73.0142495
392240,21.8737,73.0316
392310,18.8084028,73.06680555
393001,21.634669,73.044
393002,21.606434,73.0125
393010,21.6619475,73.030035
393017,21.765543,73.188512
393020,21.6166425,72.9168385
393025,21.493643,73.913374
393030,21.526841,72.809196
393040,21.672941,73.601824
393041,21.5317425,73.606339
393050,21.468645,73.766445
393105,21.8644715,73.205985
393110,21.676505,73.154577
393115,21.741747,73.2585655
393120,21.808585,73.281834
393125,21.5523285,73.2523805
393130,21.590893,73.389052
393135,21.559106,73.177825
393140,21.841513,73.36963
393145,21.9016145,73.4850095
393150,21.940458,73.544586
393151,21.9018225,73.7023055
394101,21.1984722,72.8342778
394105,21.214501,72.8490839
394107,21.2401667,72.8529167
394110,21.3931739,72.9257925
394112,21.40231,73.127584
394115,21.542429,72.9635315
394120,21.4532914,72.92842837
394125,21.4037,73.0361
394130,21.3166667,72.877653
394140,21.28166135,73.09616325
394150,21.3186,72.92655
394155,21.306,73.02135
394160,21.25399012,73.30197682
394163,21.29975,73.2312
394170,21.3717419,73.0557774
394180,21.2667011,72.9633062
394185,21.2623083,72.9526934
394190,21.275909,72.933861
394210,21.148882,72.846705
394221,21.1395,72.8405
394230,21.10033,72.85695979
394235,21.2766091,72.9684235
394240,20.97183123,73.16176467
394245,20.921705,73.1161
394246,21.088521,73.44873
394248,20.9189,73.22445
394250,21.02248957,73.14225343
394270,21.1645126,72.7430944
394305,21.1291938,72.9873824
394310,21.08885,72.9823672
394315,21.07184455,72.9773
394317,21.3993508,72.7968568
394320,21.2702532,72.9624538
394325,21.1927,72.97395
394326,21.23045,72.970551
394327,21.102636,72.573324
394330,21.270254,72.962453
394335,21.21760648,73.2265
394340,21.11703011,73.10766989
394345,21.13186915,73.097799
394350,21.0522072,73.08579715
394352,21.04795,73.02494
394355,21.178599,73.13645
394365,20.97728,73.364345
394370,21.47656663,74.19771238
394375,21.1927,73.7491
394380,21.51253,74.14925925
394405,21.276074,72.988868
394410,21.485889,73.094758
394421,21.42647,73.165938
394430,21.396276,73.163418
394440,21.424856,73.320757
394445,21.43824,73.53585
394510,21.18626365,72.7493802
394515,21.1673056,72.7006667
394516,21.1984722,72.8342778
394517,21.1974136,72.661391
394518,21.1984722,72.8342778
394520,21.35167635,72.9835129
394530,21.356461,72.676695
394540,21.3718425,72.78867955
394550,21.0875556,72.728927
394601,21.082261,73.055644
394620,21.113743,73.104525
394630,20.95980007,73.28199986
394633,20.94871,73.35204
394635,20.88889,73.2989
394640,21.0491244,73.2603115
394641,21.01645,73.3023
394650,21.11167895,73.4004175
394651,21.11715,73.3647828
394652,21.11715,73.40385
394655,21.0479,73.396984
394660,21.142349,73.48505
394670,20.9755,73.83544
394680,21.1950724,73.57205425
394690,20.82315,73.27597
394710,20.763,73.79185
394715,21.08852,73.44873
394716,20.89698,73.73358
394720,20.62582,73.708053
394730,20.62582,73.7023
394810,21.4791275,72.814379
395001,21.18793055,72.81272225
395002,21.1820651,72.82606205
395003,21.1995,72.8323889
395004,21.2265677,72.8253813
395005,21.240085,72.75369
395006,21.2145833,72.8529167
395007,21.124211,72.78693115
395008,21.21975,72.8485833
395009,21.19768107,72.79927037
395010,21.1992778,72.8921527
395011,21.1984722,72.8342778
395012,21.1984722,72.850773
395013,21.209979,72.849768
395014,21.19043,72.81306
395015,21.19853,72.8342
395017,21.6305,72.4818
395023,21.1295,72.8525278
396001,20.61409833,72.928784
396002,20.595155,72.934971
396007,20.577263,72.967415
396020,20.5456525,72.9230085
396030,20.596461,72.91948
396035,20.6347795,72.97575
396040,20.625,73.13
396045,20.630434,73.034624
396050,20.507693,73.204823
396051,20.5725745,73.252365
396055,20.554437,73.068441
396060,20.68,73.22
396065,20.41352,73.211646
396067,20.3060395,73.266216
396105,20.276126,72.88624
396110,20.745,72.945
396115,20.467785,72.862272
396120,20.2158285,72.7947245
396125,20.5014745,72.974163
396126,20.414352,73.120208
396130,20.294686,72.780643
396135,20.256046,72.75848
396140,20.324967,72.786552
396145,20.42832,72.991319
396150,20.195058,72.818713
396155,20.30766,72.872225
396165,20.2341995,72.8490145
396170,20.1737745,72.746004
396171,20.164658,72.772515
396180,20.487203,72.868452
396185,20.4622065,72.9169845
396191,20.381824,72.933819
396193,20.325233,72.975391
396195,20.355137,72.9249035
396210,20.438533,72.85483
396215,20.405736,72.877171
396220,20.40381,72.834721
396230,20.14149,73.062664
396235,20.268414,72.943104
396240,20.212819,73.012486
396310,20.8,72.94
396321,20.77,72.96
396325,20.75,73
396350,20.86,72.99
396360,20.81,73.02
396370,20.84,72.98
396375,20.694394,72.969196
396380,20.79,72.975
396385,20.709867,72.9015105
396403,20.89,72.86
396406,20.855,72.91
396409,20.79,73.065
396412,20.835,72.845
396415,21.04,72.945
396418,20.985,73.015
396421,20.95,72.9
396427,20.97,72.94
396430,20.86,73.075
396433,20.91,73.035
396436,21.005,72.84
396439,20.9197,72.84775
396445,20.95,72.93
396450,20.925,72.915
396460,20.82,72.89
396463,20.925,72.975
396466,20.92,73.09
396469,20.96,73.04
396472,20.885,72.945
396475,21.02,72.99
396510,20.8306,73.24691
396521,20.74,73.06
396530,20.83,73.09
396540,20.73,73.21
396560,20.81,73.18
396570,20.83,73.215
396580,20.735,73.36
396590,20.825,73.35
400001,18.93783978,72.83493246
400002,18.9453469,72.8286241
400003,18.96304633,72.82543147
400004,18.95765876,72.8211128
400005,18.91263223,72.81428198
400006,18.9547167,72.804095
400007,18.9610152,72.81434825
400008,18.96887374,72.82675305
400009,18.9640277,72.8408333
400010,18.96992706,72.8412154
400011,18.97822383,72.82449981
400012,18.99993983,72.83899075
400013,18.99515805,72.82735048
400014,19.01843055,72.8475139
400015,18.9771667,72.8494167
400016,19.03613576,72.84312644
400017,19.04233335,72.8517361
400018,19.0059287,72.8169197
400019,19.0280127,72.8526739
400020,18.94255075,72.82768975
400021,18.926986,72.82495005
400022,19.050085,72.8652615
400024,19.0604024,72.88009
400025,19.01296515,72.8327554
400026,18.96855563,72.80560541
400027,18.9766944,72.8319444
400028,19.020867,72.83946233
400029,19.08172371,72.86285285
400030,19.01700003,72.81746297
400031,19.0136684,72.85462607
400032,18.9284535,72.828388
400033,18.9864251,72.84267397
400034,18.97698072,72.81682857
400035,18.9434653,72.7943262
400037,19.02352777,72.86342593
400042,19.1421845,72.9390674
400043,19.0573022,72.92327545
400049,19.11104205,72.82540345
400050,19.05655497,72.83378181
400051,19.05964668,72.84793118
400052,19.06797565,72.83619102
400053,19.12610786,72.83170155
400054,19.08746811,72.8369547
400055,19.08099379,72.84262467
400056,19.10394965,72.8402899
400057,19.10250912,72.84862455
400058,19.12435161,72.83989647
400059,19.11621313,72.88241487
400060,19.131378,72.862351
400061,19.12832682,72.83262529
400063,19.15880285,72.85137725
400064,19.18713233,72.84490353
400065,19.155325,72.8777778
400066,19.23406697,72.861781
400067,19.2093233,72.8261997
400068,19.2479668,72.8604623
400069,19.12020154,72.84989092
400070,19.068507,72.877811
400071,19.0566895,72.898216
400072,19.111024,72.8903405
400074,19.04390087,72.89490007
400075,19.08556355,72.9159093
400076,19.128885,72.9193519
400077,19.0778085,72.8985117
400078,19.1495941,72.93709353
400079,19.10565915,72.9222214
400080,19.1747552,72.95146098
400081,19.1671731,72.9621856
400082,19.17058185,72.93324545
400083,19.11692995,72.9374729
400084,19.097937,72.904307
400085,19.0175278,72.8561944
400086,19.08591305,72.9108719
400087,19.1347854,72.8997298
400088,19.04905555,72.91606945
400089,19.0658206,72.90042775
400091,19.232127,72.840368
400092,19.229244,72.855374
400093,19.11746614,72.8650562
400094,19.0380031,72.9248323
400095,19.19359195,72.80941955
400096,19.12439627,72.87342281
400097,19.18196455,72.85098715
400098,19.07326791,72.86072952
400099,19.09893564,72.86330704
400101,19.207864,72.869733
400102,19.1412917,72.85242915
400103,19.245663,72.851596
400104,19.1668611,72.83561059
400111,18.9391666,72.8375555
400114,19.0160278,72.8458611
400118,18.96854498,72.8220289
400150,19.0571566,72.8297226
400153,19.128258,72.832642
400160,19.13144444,72.85013889
400167,19.204004,72.849998
400171,19.05688889,72.89811111
400183,19.11438889,72.93977778
400186,19.08633333,72.90822222
400193,19.658886,72.51501856
400201,19.20819444,72.86986111
400601,19.1931667,72.97771293
400602,19.2164589,72.91724555
400603,19.183125,72.97615275
400604,19.1860556,72.9577778
400605,19.1934722,72.9898333
400606,19.2060278,72.9669444
400607,19.2385833,72.9935833
400608,19.2183427,72.9780777
400609,19.19918,72.9794
400610,19.23125,72.9737778
400612,19.1837702,73.0439
400614,19.02308335,73.04254165
400615,19.2706164,72.9581107
400701,19.1243889,72.9976111
400702,18.8771075,72.9281575
400703,19.07510187,73.00725927
400704,18.9049861,72.91679165
400705,19.06409,73.010679
400706,19.03941667,73.0190648
400707,18.87,72.92
400708,19.1511528,72.99231945
400709,19.1035,73.0044167
400710,19.1100556,73.0175
401101,19.29918105,72.83599585
401102,19.6033485,72.8338234
401103,19.8814722,72.7540473
401105,19.3096389,72.8549722
401106,19.28705535,72.7878366
401107,19.2790833,72.8774167
401108,19.27908333,72.85672222
401201,19.3687693,72.7951812
401202,19.38172225,72.8300972
401203,19.42067995,72.79790495
401204,19.4873336,73.0322261
401205,19.3603,72.8727
401206,19.4958056,73.01575
401207,19.34830285,72.8189501
401208,19.3942114,72.8633635
401209,19.4253889,72.8274167
401301,30.4281697,73.61550585
401302,19.4601389,72.7508611
401303,19.4772391,72.91579
401304,19.2997986,72.8785103
401305,19.46929435,72.8296901
401401,19.4120271,72.88518565
401402,19.6461389,72.7236944
401403,19.7223894,72.928887
401404,19.6982778,72.7689167
401405,19.7028286,72.7776873
401501,19.7978824,72.7606389
401502,19.8286055,72.7134107
401503,19.8862591,72.6890255
401504,19.8130556,72.730405
401506,19.7983333,72.7445278
401601,19.9792778,72.7200608
401602,19.9812401,72.76503345
401603,19.90729575,73.1965418
401604,19.88531525,73.34393705
401605,19.8004427,73.0943056
401606,20.1164659,72.9194798
401607,19.9066502,72.96494425
401608,19.9714444,72.7468611
401701,19.8101598,72.8907998
401702,20.0805833,72.7261667
401703,20.05775,72.7516944
402101,18.07903045,73.2009282
402102,18.0986201,73.32027265
402103,18.142095,73.3046507
402104,18.2333341,73.28019905
402105,18.1454767,73.0854903
402106,18.57079095,73.1071513
402107,18.75050765,73.07159185
402108,18.6824167,73.0007381
402109,18.4419649,73.0641503
402110,18.0483172,73.0472853
402111,18.2928,73.1295603
402112,18.3280033,73.21639265
402113,18.0962314,73.0030153
402114,17.99527805,73.0422694
402115,18.0775402,73.3343502
402116,18.43543785,73.14255195
402117,18.1975849,73.2472054
402120,18.3470692,73.2971347
402122,18.1652218,73.1723779
402125,18.5784444,73.0960278
402126,18.4951675,73.17657425
402201,18.6418056,72.8723611
402202,18.5298399,72.9254497
402203,18.5610406,72.9797029
402204,18.6288807,72.9019996
402207,18.694533,72.860186
402208,18.7280489,72.8694903
402209,18.6723979,72.9025591
402301,18.0460076,73.3995453
402302,18.12538015,73.49488785
402303,17.95185095,73.47192945
402304,18.4432561,73.20559945
402305,18.193065,73.4062404
402306,18.12982785,73.5673218
402307,17.9392051,73.3895833
402308,18.4112699,73.3016002
402309,18.0982204,73.4525453
402401,18.34288315,72.94355165
402402,18.26040655,72.9502258
402403,18.200765,72.9604953
402404,18.14995445,72.98447475
403001,15.4971652,73.83324773
403002,15.4707265,73.8269809
403004,15.4698515,73.8029935
403005,15.4817056,73.8432143
403006,44.32228885,45.0668998
403101,72.98,15.61
403102,15.5531117,73.8892767
403103,44.8349829,45.13949655
403104,44.947065,45.08023835
403105,43.88404165,45.02518055
403106,15.5338611,73.9510833
403107,73.02,15.77
403108,44.256545,45.01061155
403109,15.5018552,73.8047164
403110,43.78495835,45.06154165
403114,73.14,16.27
403115,44.2673729,45.05588985
403201,15.47306601,73.87022101
403202,15.4645534,73.8587148
403203,15.4421021,73.893379
403204,15.4263216,73.8990009
403206,15.4594471,73.8124613
403401,73.82,15.83
403402,15.5016444,73.9133377
403403,15.527641,73.904069
403404,74.43,16.33
403406,74.1,15.44
403409,15.386036,74.0312696
403410,72.2,15.55
403501,15.5462476,73.8233046
403502,44.7418451,44.74394575
403503,72.3,16.08
403504,72.04,16.115
403505,72.2,15.88
403506,72.31,15.93
403507,72.515,16.185
403508,73.46,15.8
403509,44.4367213,44.7995763
403510,44.35597215,45.10931915
403511,74.52,16.37
403512,73.03,16.35
403513,72.17,16.055
403515,44.6543512,44.6439364
403516,44.65209725,44.66534015
403517,73.03,16.3
403521,15.525781,73.8288592
403522,15.529082,73.827078
403523,73.27,24.2
403524,73.71,15.7
403525,15.5081,73.8343
403526,15.6138764,73.823873
403527,44.78664095,44.7130447
403529,15.5825117,73.954443
403530,73.635,16.07
403601,15.27255903,73.95873908
403602,15.2923922,73.966067
403701,15.1805381,73.9711474
403702,74,15.02
403703,73.14,15.78
403704,74.175,15.255
403705,72.3,15.52
403706,73.29,15.34
403707,72.09,15.92
403708,72.2,15.55
403709,15.2905965,74.0138056
403710,73.9,15.4
403711,15.39811521,73.84914371
403712,15.3447024,73.8985128
403713,73.56,15.765
403714,73.44,14.54
403715,15.209997,73.97772
403716,15.27470134,73.9575601
403717,15.2063333,73.9508056
403718,44.275404,44.84475675
403719,15.3049283,74.0014617
403720,15.31410971,73.9857194
403721,15.2316925,73.9429611
403722,15.3496014,73.9311858
403723,73.56,15.2
403724,15.2242319,73.9480591
403725,15.23823014,73.9814002
403726,15.3816529,73.8783786
403728,44.08479505,44.88093005
403729,15.2567908,73.9846528
403731,15.18612012,73.94713971
403801,15.3851944,73.8390139
403802,15.3978056,73.8107778
403803,15.4126389,73.7903889
403804,15.4083307,73.7887679
403806,15.3704088,73.8374243
410101,19.04,73.3174444
410102,18.9853889,73.2707778
410201,18.91,73.32
410202,18.8192588,73.2851919
410203,18.8147778,73.3035139
410204,18.7765,73.3533889
410205,18.5765391,73.2540253
410206,18.96,73.1103889
410207,18.96,73.11
410208,19.0324205,73.0851725
410209,19.016,73.096
410210,19.0135,73.1710556
410216,18.8043889,73.3425278
410218,19.0267222,73.1048056
410220,18.36,72.93
410221,18.98118055,73.115
410222,18.8968333,73.1846389
410301,18.758242,73.374866
410302,18.76254,73.389066
410401,18.737946,73.4002
410402,18.7267285,73.376345
410403,18.760134,73.41495
410405,18.7613535,73.54064
410406,18.6437,73.5307
410501,18.739566,73.860331
410502,19.209286,73.828987
410503,19.014637,73.932729
410504,19.176601,73.9785205
410505,18.850516,73.87572
410506,18.75628485,73.5564552
410507,18.7562807,73.6751111
410508,18.91627,74.066145
410509,19.1123244,73.6659585
410510,18.892297,74.091315
410511,19.184029,73.927032
410512,18.949945,73.905853
410513,18.9428345,73.775661
410515,19.038692,73.9161855
410516,19.0755755,73.781016
410517,19.074113,74.041224
411001,18.50801389,73.87875695
411002,18.51337508,73.85633513
411003,18.5505833,73.8685278
411004,18.5130926,73.83603703
411005,18.52713173,73.8512563
411006,18.56025,73.89202778
411007,18.5525581,73.82009345
411008,18.5395,73.8183611
411009,18.4953611,73.8562639
411011,18.52074867,73.8626749
411012,18.58120834,73.83231945
411013,18.507744,73.917306
411014,18.55550595,73.92581206
411015,18.58013485,73.876467
411016,18.53508335,73.8302361
411017,18.61691666,73.70611111
411018,18.63302778,73.81701389
411019,18.65429165,73.79748611
411020,18.5588984,73.83418545
411021,18.536729,73.7950556
411022,18.50205556,73.9085
411023,18.469355,73.7779444
411024,18.4452222,73.7858056
411025,18.383859,73.716387
411026,18.629616,73.83598834
411027,18.57663889,73.81197222
411028,18.49806717,73.93093934
411030,18.51185493,73.85010895
411031,18.583793,73.842542
411032,18.589195,73.92
411033,18.629822,73.782078
411034,18.604,73.82611111
411035,18.65388889,73.78141667
411036,18.5321688,73.9288801
411037,18.48952,73.869603
411038,18.5093333,73.8146111
411039,18.62033333,73.84822222
411040,18.500563,73.885891
411041,18.48309725,73.83434725
411042,18.50101853,73.86132407
411043,18.4653611,73.8551111
411044,18.65888889,73.75027778
411045,18.5712778,73.7656944
411046,18.4478385,73.8555539
411047,18.61653928,73.94277234
411048,18.476484,73.897409
411051,18.47945,73.82996
411052,18.49104165,73.8231806
411057,24.8320525,74.112994
411058,18.4758056,73.7976667
411060,18.47065,73.92179
411061,18.591364,73.818627
411062,18.665889,73.778424
411067,18.563398,73.812891
411068,18.457955,73.79191
411069,18.56244,73.786839
411070,18.66482,73.841077
411071,18.516702,73.772024
411073,18.442955,73.844528
411074,18.5544722,73.8268889
411075,18.527388,73.850553
411076,18.4940278,73.8576667
411077,18.6393,73.7963
411078,18.6261,73.81963
411079,18.5594,73.8972
411080,18.5079,73.9172
411081,18.6533335,73.9075318
412101,18.6797778,73.733706
412102,18.124077,74.223435
412103,18.5093,74.32455
412104,18.38655,74.1577
412105,18.671866,73.907191
412106,18.742363,73.61045
412107,18.3811393,73.6234743
412108,18.5243759,73.5285835
412109,18.739086,73.7207865
412110,18.541738,74.025228
412112,18.3845,73.51174
412115,18.50305,73.6886389
412201,18.4843775,74.0407222
412202,18.503,74.144725
412203,18.49355,74.376878
412204,18.32747633,74.437192
412205,18.2903575,73.8702075
412206,18.143962,73.838231
412207,18.4630636,74.1342646
412208,18.6626389,74.16217235
412209,18.754321,74.223802
412210,18.82618184,74.37736262
412211,18.616834,74.399798
412212,18.2952086,73.63753933
412213,18.248905,73.83735
412214,18.485367,74.26839
412215,18.472217,74.420829
412216,18.6191505,74.068198
412218,18.84403185,74.2252028
412219,18.4135948,74.47094575
412220,18.65,74.23445
412301,18.34245,74.02755
412303,18.2874272,74.1607192
412304,18.2749028,74.315475
412305,18.206163,74.1548576
412306,18.105279,74.305229
412307,18.5097185,73.980826
412308,18.456311,73.977126
412311,18.2145469,74.03973655
412312,18.1485275,74.0836375
412401,18.3677,73.77395
412402,18.840506,73.907188
412403,18.83086725,74.0560227
412404,18.930962,73.786022
412405,18.923301,73.987598
412406,18.964326,74.0311
412408,19.067448,73.827203
412409,19.264288,73.93121515
412410,19.116293,74.17366
412411,19.177405,74.107811
412412,18.738736,74.053616
412801,18.13401345,73.960176
412802,18.0851529,74.14331
412803,17.964178,73.876255
412804,17.9605028,73.887451
412805,17.94595,73.8121
412806,17.91412,73.6334808
413001,17.6702037,75.8976759
413002,17.68315,75.895
413003,17.6659167,75.8943333
413004,17.6382761,75.9001322
413005,17.67491665,75.9148056
413006,17.6709444,75.9363611
413007,17.67803,75.90349
413008,17.5281916,75.8945256
413101,17.887104,75.029809
413102,18.15001,74.5760946
413103,17.98167635,74.98907
413104,18.113071,74.702248
413105,18.33441,74.7739175
413106,18.11531183,75.02789808
413107,17.806984,74.874835
413108,17.9654865,75.14858
413109,17.932114,74.705676
413110,18.15001,74.58329
413111,17.871752,74.840486
413112,17.836019,75.1428625
413113,17.7971265,75.0451135
413114,18.049976,74.906419
413115,18.0361255,74.828436
413116,18.0982249,74.51587935
413118,17.870313,75.006333
413120,18.11307233,75.02695467
413130,18.247155,74.70862
413132,18.20994,74.92693
413133,18.1775106,74.6069193
413201,18.72733335,75.31
413202,18.2525275,75.163129
413203,18.379492,75.190183
413204,18.665,75.53
413205,18.58,75.27
413206,18.289352,74.999589
413207,18.918898,75.324811
413208,18.0806395,75.41435105
413209,18.033966,75.546593
413210,18.25906,75.286656
413211,17.967846,75.206575
413212,18.053366,75.1227365
413213,17.80720571,75.64141743
413214,17.89729334,75.57835222
413215,17.5573,75.95805
413216,17.52091736,76.20099718
413217,17.5206025,76.2007055
413218,18.10683,75.77747
413219,17.52060483,76.20070283
413220,17.52060475,76.20070325
413221,17.4786506,75.7571256
413222,17.7499193,75.86062495
413223,18.173581,75.264677
413224,17.68715835,75.932035
413226,17.520605,76.200703
413227,17.38335,76.1772
413228,17.5894505,76.0864685
413229,18.928425,75.444939
413248,17.80614375,75.64109915
413249,19.0589245,75.415397
413250,18.109573,75.495389
413251,18.277596,75.279062
413252,18.200703,75.399509
413253,17.80614467,75.64109823
413255,18.10683,75.77747
413301,17.931866,75.401312
413302,17.892278,75.314979
413303,17.84343,75.40899
413304,17.713856,75.348505
413305,17.495191,75.448128
413306,17.607813,75.075716
413307,17.405468,75.141603
413308,17.378319,75.047421
413309,17.296728,75.2084315
413310,17.678375,75.081826
413314,17.312884,75.039358
413315,17.788911,75.276111
413317,17.540056,75.26249
413319,17.4233785,75.525369
413322,17.346821,75.4045375
413324,18.27805,75.07627
413401,18.19855,75.68201
413402,18.08356,75.85024
413403,18.45455,75.9005
413404,18.64387,75.7643
413405,18.1860719,76.0419349
413406,18.47061,75.47855
413409,18.34321,75.71905
413410,18.02,75.63935
413411,18.22947,75.683737
413412,17.935,75.2974
413501,18.2279,76.0567
413502,18.2894279,75.4379986
413503,18.2279,76.0567
413504,18.4495119,75.6758187
413505,18.2279,76.0567
413506,18.1860719,76.0419349
413507,18.57205757,76.01791224
413508,18.2786911,76.0536239
413509,18.1925889,76.0552255
413510,18.397685,76.580966
413511,18.509648,76.84572
413512,18.4264686,76.573632
413513,17.9569,76.64951
413514,18.8259024,74.3792597
413515,18.70073263,76.933605
413516,18.07315206,76.59324238
413517,18.3710497,77.134958
413518,18.393384,77.11265
413519,18.26226093,77.08254813
413520,18.24979619,76.50024667
413521,18.1286527,76.7503278
413522,18.115836,76.752844
413523,18.700007,76.933293
413524,18.4189,76.8419
413525,18.571706,76.017701
413526,18.460327,75.657496
413527,18.10683,75.77747
413528,18.571708,76.017699
413529,18.09575,76.2627
413530,18.115835,76.752845
413531,18.37795,76.50265
413532,18.10683,75.77747
413534,18.62373876,75.60041136
413544,18.8259034,74.3792587
413581,18.4189,76.8419
413582,18.191025,76.0332512
413601,18.0199847,76.0654763
413602,17.80464,76.2162
413603,18.010041,76.0710641
413604,17.86390493,76.47858079
413605,17.835784,76.624013
413606,17.83233052,76.62501286
413607,18.1286527,76.7503278
413608,18.18519,75.44966
413623,17.88086,75.94216
413624,18.010041,76.0710641
413625,18.561451,75.912161
413626,18.391472,75.869928
413701,18.55,74.64
413702,18.71,74.59658335
413703,18.845,74.635
413704,19.31,74.75
413705,19.39929518,74.66629335
413706,19.43989042,74.497437
413707,19.76834697,74.6186896
413708,19.82947399,74.56982816
413709,19.62740695,74.66038236
413710,19.53434516,74.54645412
413711,19.52278257,74.47378317
413712,19.5892633,74.503481
413713,19.5841252,74.46926663
413714,19.524659,74.386604
413715,19.559435,74.641873
413716,19.46689947,74.674441
413717,19.57729,74.707369
413718,19.7027465,74.70491614
413719,19.69119315,74.5505031
413720,19.6085513,74.6264359
413721,19.522715,74.7285748
413722,19.34980968,74.63324897
413723,19.722442,74.62121878
413725,19.60361809,74.805017
413726,18.43,74.52
413728,20.085,74.525
413736,19.57767543,74.432045
413737,19.612866,74.540469
413738,19.482851,74.37398244
413739,19.622903,74.742485
413801,18.457878,74.5788333
413802,18.3952645,74.531992
414001,19.09491366,74.73875352
414002,19.07,74.775
414003,19.1162222,74.7353611
414005,19.08,74.73
414006,19.065,74.825
414101,18.86,74.86
414102,19.065,75.075
414103,19.075,74.56
414105,19.41,74.76
414106,19.22,75.14
414110,19.15,74.71
414111,19.15,74.71
414113,19.23,75.41
414201,19.05,74.825
414202,18.95983715,75.0419925
414203,18.807373,75.197468
414204,18.831688,75.554201
414205,18.999191,75.60626
414208,18.845202,75.124437
414301,18.895,74.425
414302,18.81,74.29
414303,19.05,74.41
414304,19.11,74.34
414305,19.05,74.23
414306,18.92,74.23
414401,19.04,75.25
414402,18.5,75.66
414403,18.37,75.02
414501,19.23,74.93
414502,19.16,75.15
414503,19.32,75.55
414504,19.28,75.4663337
414505,19.18,73.11
414601,19.23,74.81
414602,19.4316666,74.9059166
414603,19.58027,75.0124073
414604,19.42553769,75.07499921
414605,19.45292595,75.03549659
414606,19.36,74.92
414607,19.245,74.64
414609,19.4839824,74.9479018
414701,18.5495278,74.5819167
415001,17.6881944,74.007132
415002,17.691409,73.991677
415003,17.690931,74.026895
415004,17.672428,74.0348887
415010,17.7495015,74.142105
415011,17.77975,74.068199
415012,17.87972247,74.59025693
415013,17.69140729,74.00093171
415014,17.37703417,73.90125073
415015,17.733701,73.9848093
415019,17.5903611,74.1095159
415020,17.78995,73.98765
415021,17.7412923,74.170666
415022,17.7308965,73.93079
415023,17.67376465,74.4112343
415101,16.9093068,73.89875715
415102,17.5482876,74.4589221
415103,17.245487,74.038825
415104,17.20447205,74.1535854
415105,17.8309,73.7458
415106,17.4020054,74.20192
415107,17.511257,74.1434575
415108,17.1861711,74.0911805
415109,17.28650688,74.18142113
415110,17.2888336,74.18139843
415111,17.28650733,74.18142067
415112,17.2381,73.943227
415114,17.3000038,74.1092889
415115,17.3021,74.1595833
415116,17.5182312,74.2073211
415122,18.1162,73.88921
415124,17.29741545,74.1694575
415202,17.92675,73.32718
415203,17.93305,73.22515
415205,17.3651,73.9826981
415206,17.3770374,73.9012505
415207,17.3770329,73.901252
415208,17.97395,73.249994
415209,17.305698,74.021199
415211,17.3186937,73.95486655
415212,17.5903611,74.4530556
415213,18.0432403,73.2940052
415214,17.54905,73.28145
415301,17.4219063,74.93996188
415302,17.17,74.29
415303,17.21,74.3608817
415304,17.29,74.33100953
415305,17.3,74.4
415306,17.34965655,74.86438785
415307,17.27,74.73
415308,17.42,74.94
415309,17.26,74.71
415310,17.26,74.71
415311,17.2743889,74.5386111
415312,17.461263,74.6452778
415313,17.126137,74.35899745
415315,17.51,74.93
415401,16.97,74.2074771
415402,17.00439995,74.0063363
415403,17.55,74.14
415404,17.2238517,73.8144919
415405,18.97,73.14
415406,17.0908519,74.20606185
415407,17.03,74.21
415408,17.01,74.11
415409,17.02,74.28
415410,17.09,74.14
415411,16.94,74.29
415412,16.90638985,74.1767678
415413,17.05571345,74.2735184
415414,17.0663923,74.2870152
415415,18.97,73.14
415418,16.912905,74.133335
415501,17.698334,74.1650901
415502,17.6654706,74.3616728
415503,17.6544385,74.3675364
415504,17.5744585,74.1637695
415505,17.65502898,74.36620245
415506,17.62896385,74.3950232
415507,17.539127,74.527731
415508,17.772776,74.54810835
415509,17.7076824,74.5438995
415510,17.532739,74.3310556
415511,17.6544373,74.1809465
415512,17.45349,74.3289
415513,17.8469091,74.55821
415514,17.8797231,74.5902563
415515,17.90095015,73.96138135
415516,17.946428,73.975314
415517,17.977474,73.987342
415518,17.691409,74.064546
415519,17.5563278,74.03735
415520,17.419943,74.0009455
415521,18.07225,74.13675
415522,17.67985,74.07045
415523,17.98502327,74.43535057
415524,17.856813,74.14793
415525,17.7200697,74.1441641
415526,18.115486,74.0692985
415527,17.6047232,74.3616718
415528,18.0178385,74.304249
415530,17.8480895,73.997035
415536,17.968439,73.96565
415537,17.922511,74.218257
415538,17.65443863,74.36753627
415539,17.2865098,74.1814182
415540,17.633234,74.6165305
415601,17.4358,73.659323
415602,17.44709975,73.6363474
415603,17.6844,73.3841
415604,17.53330711,73.51669289
415605,17.5333065,73.5166935
415606,17.5333065,73.5166935
415607,17.35705,73.58897
415608,17.29725,73.5
415609,17.2739375,73.549825
415610,16.99196,73.29451
415611,17.1682,73.54635
415612,17.01779,73.27482
415613,17.2941,73.30795
415614,17.294072,73.219234
415615,17.1934,73.27669
415616,16.99022186,73.31201644
415617,17.0864,73.351
415619,17.0169036,73.4146668
415620,17.17135,73.3973
415621,17.7285,73.4569
415626,16.7842,73.36081
415628,17.3619,73.76096
415629,17.6781,73.63789
415634,17.546411,73.1587895
415635,16.86195,73.5490049
415637,17.1285677,73.45263415
415639,17.02025,73.3424651
415640,17.8379955,73.40544375
415641,16.55595,73.41202
415643,16.75905,73.5490069
415701,17.477552,73.447
415702,17.4773928,73.3576
415703,17.48419307,73.19103706
415705,17.409436,73.203702
415706,17.59315,73.16245
415708,17.6529,73.4768
415709,17.71971283,73.39712169
415710,17.72845,73.3146
415711,17.99329,73.31131
415712,17.76305,73.1987
415713,17.75311633,73.18805747
415714,17.86065,73.15235
415715,17.7195586,73.554246
415716,17.7531195,73.1880543
415717,17.918444,73.063854
415718,17.58685,73.66135
415719,17.54865178,73.27961756
415720,17.7292004,73.16192475
415722,17.71955835,73.39680685
415724,17.4828925,73.2589305
415726,17.35705,73.3543
415727,17.6214,73.351
415728,17.33815,73.24762
415729,17.658283,73.1339832
415730,17.33626,74.03393
415801,16.97664,73.7315
415802,16.861951,73.5490039
415803,17.01395,73.50665
415804,17.09362,73.6579
415805,16.656047,73.517871
415806,16.645534,73.4387175
415807,17.33626,74.03393
416001,16.56198209,74.18915674
416002,16.84280564,74.29555377
416003,16.7196943,74.23757
416004,16.6803498,74.2665333
416005,16.70635733,74.26114789
416006,16.7341925,74.2445048
416007,16.6602212,74.2100451
416008,16.68959859,74.24540693
416010,16.691976,74.197204
416011,16.6734379,74.2023726
416012,16.69198252,74.21843012
416013,16.6606484,74.2404443
416101,16.7767883,74.5516376
416102,16.7263174,74.5446724
416103,16.7374842,74.6028466
416104,16.6957309,74.6008396
416105,16.7031852,74.687228
416106,16.6852089,74.5882336
416107,16.5888343,74.5794752
416108,16.614612,74.6219036
416109,16.7454929,74.4272874
416110,16.8092795,74.4211781
416111,16.8259756,74.4410788
416112,16.8358902,74.3142044
416113,16.86073005,74.20092215
416114,16.8772921,74.19135
416115,16.68483086,74.45794549
416116,16.7108591,74.4300295
416118,16.7207433,74.3559083
416119,16.7057422,74.3032045
416120,16.7520389,74.594828
416121,16.7077167,74.4784208
416122,16.7609628,74.2748775
416138,16.7060959,74.4425711
416143,16.633166,74.4952116
416144,16.771471,74.570418
416146,16.7264156,74.4841774
416201,16.8077079,74.1112159
416202,16.6568727,74.3668517
416203,16.6250072,74.3979424
416204,16.7278047,74.1165042
416205,16.7164,74.0496
416206,16.5941235,73.8537785
416207,16.5707415,74.2044895
416208,16.42926,74.1373715
416209,16.3169212,74.1436311
416210,16.17642975,74.0616284
416211,16.5333989,74.1105988
416212,16.38960685,73.9904716
416213,16.8749768,74.0383777
416214,16.9103806,74.0456539
416215,16.9056538,73.9484157
416216,16.5769624,74.3134711
416218,16.3353359,74.2845364
416219,16.3980269,74.1905129
416220,16.2403524,74.2609525
416221,16.4798369,74.1551763
416223,16.3289644,74.1285927
416229,16.7144726,74.2087276
416230,16.7786004,74.0518024
416231,16.3642423,74.010363
416232,16.5422852,74.2568773
416234,16.6382341,74.2815485
416235,16.425417,74.295442
416236,16.6088574,74.3604169
416301,16.9499525,74.40067065
416302,16.855,74.50917865
416303,16.98,74.47
416304,16.9057393,74.6034376
416305,16.88501,74.5383715
416306,16.93836615,74.645
416307,16.9850969,74.6213603
416308,17.09,74.45
416309,17.1166,74.4331
416310,17.09086765,74.46067285
416311,17.13,74.731538
416312,17.04,74.61
416313,16.49,74.23
416314,17.08,74.62
416315,16.88109355,74.42274005
416316,17.0004643,74.4533985
416317,17.140631,74.684295
416401,16.81,74.7218688
416402,16.44,73.84
416403,17.14,74.97
416404,17.05,75.2181495
416405,17.05,74.87
416406,16.886579,74.5888864
416407,16.8696689,74.71768005
416408,17.0265794,74.6848833
416409,16.7835038,74.67147245
416410,16.8237081,74.6455752
416411,16.98135785,74.965
416412,17.06,75.52
416413,17.27,75.6
416414,16.8195447,74.6411504
416415,16.815,74.57
416416,16.854391,74.5786111
416417,16.8794792,74.4632958
416418,16.891861,74.909139
416419,16.66,74.55
416420,16.91,74.64
416436,16.87,74.62
416437,16.8495235,74.6857496
416501,16.2433317,74.388843
416502,16.22553558,74.35406242
416503,16.1453592,74.3370064
416504,16.0592986,74.3253026
416505,16.1203891,74.2100165
416506,16.1647766,74.4680757
416507,15.903283,74.327347
416508,15.9915043,74.3846305
416509,15.89400295,74.15209535
416510,15.9108056,73.8230833
416511,15.83526175,73.8928165
416512,15.6875981,74.0092418
416513,15.7457691,73.7321854
416514,15.79426705,73.81214015
416515,15.8559722,73.6902222
416516,15.8807093,73.6525001
416517,15.745825,73.6730528
416518,15.8021148,73.6829627
416519,16.0445022,73.8148023
416520,15.9910221,73.6965058
416521,16.1315471,73.7677222
416522,15.9387822,73.5459901
416523,15.977939,73.50283985
416524,16.0024722,73.5827681
416525,16.01781945,73.6316069
416526,16.1829848,74.2846565
416527,15.810374,74.19737
416528,15.98373865,73.6939231
416529,15.84046365,73.72848825
416531,15.99461,73.9348057
416534,16.10226635,73.6362928
416549,15.75755088,74.0539222
416550,15.9108056,73.9586002
416551,16.2127946,74.4300353
416552,15.54355,74.17293
416601,16.3860043,73.7360553
416602,16.2796522,73.66732
416603,16.1620735,73.6370152
416604,16.0850556,73.5865653
416605,16.0364547,73.5023922
416606,16.0578056,73.46725
416608,16.17202615,73.5405138
416609,16.2545528,73.813535
416610,16.37687495,73.5905131
416611,16.3441093,73.495091
416612,16.3780833,73.4100833
416613,16.37063775,73.37878655
416614,16.21869445,73.482375
416615,16.2987992,73.412625
416616,16.2560606,73.5691803
416620,16.2241443,73.7588952
416623,16.4148056,73.4534722
416626,16.0979217,73.4587031
416628,16.1753892,73.7213
416630,16.2820094,73.4516608
416632,16.1754997,73.8578056
416701,16.86195125,73.54899453
416702,16.65612012,73.51788119
416703,16.5387898,73.6208056
416704,16.65604645,73.51776955
416705,16.70555,73.596
416707,16.44098,73.84388
416709,16.138468,73.765554
416712,16.90065,73.524902
416713,16.76215,73.45035
416801,16.44179465,73.62743015
416803,16.4938333,73.4780278
416804,16.4980736,73.3975118
416805,16.4602043,73.4017403
416806,16.5240346,73.32928465
416807,16.5007222,73.3851111
416810,16.4681047,73.7760703
416811,16.4837592,73.5333405
416812,16.0805486,73.6886442
416813,16.57215695,73.76
421002,19.23590973,73.16166667
421004,19.2109722,73.1576667
421005,19.1986389,73.1608889
421101,19.3981454,73.18254945
421102,19.27405,73.173
421103,19.2412071,73.1290546
421201,19.2182389,73.08665
421202,19.2215556,73.0830556
421203,19.2148889,73.1058889
421204,19.1784722,73.0597075
421301,19.2448056,73.1317778
421302,19.2939256,73.0482827
421303,19.6667452,73.1545062
421305,19.1713889,73.0818889
421306,19.2174722,73.169525
421308,19.181,73.0818889
421311,19.2576389,73.074462
421312,19.52895035,73.1001623
421401,19.2514865,73.387887
421402,19.3504,73.6022
421403,20.0771,75.0291
421501,19.20786113,73.18150927
421502,19.2148611,73.1837222
421503,19.17188,73.2971
421505,19.19915485,73.2053115
421506,19.1881944,73.1914444
421601,19.43462295,73.325624
421602,19.64511825,73.4743
421603,19.545009,73.4047222
421605,19.29611075,73.2026418
422001,20.0082,73.80645
422002,19.9967445,73.7787375
422003,20.068,73.8102837
422004,20.13451185,73.82522245
422005,19.988439,73.720725
422006,20.00505,73.78625
422007,20.10618585,73.80645
422008,19.98615,73.7862
422009,19.9396483,74.53971025
422010,19.9214389,73.7654287
422011,19.988439,73.720725
422012,19.988439,73.720725
422013,20.03025,73.6953
422014,19.997406,73.784508
422101,19.96415,73.87045
422102,19.8975196,73.9458905
422103,19.83311415,74.00979875
422104,19.8448439,74.26386
422105,19.9416457,73.83484485
422112,19.8355584,74.0542379
422113,19.9122326,73.91203065
422201,20.0358261,73.972186
422202,20.22481405,73.8271934
422203,19.916958,73.54974
422204,20.09005,73.40222
422205,20.24905595,73.9240008
422206,20.07853,74.1048596
422207,20.10084045,73.88395
422208,20.30019,73.4905
422209,20.1391613,74.109816
422210,20.0428,74.03215
422211,20.57316,73.58846
422212,19.88545,73.5336
422213,19.9988,73.53116
422214,19.88545,73.5336
422215,20.33555,73.6751
422221,19.988439,73.720725
422222,19.96224,73.86842
422301,19.96224,73.86842
422302,19.96224,73.86842
422303,20.03655,74.0995
422304,20.1561,74.1332
422305,20.080114,74.2279421
422306,20.175,74.2747
422308,19.96224,73.86842
422401,19.922885,73.8368452
422402,19.6973226,73.5609291
422403,19.63565,73.57093
422501,19.9272324,73.8330674
422502,19.8302219,73.82665
422601,19.607042,73.985108
422602,19.2824665,74.099402
422603,19.511496,74.0911435
422604,19.537529,73.816542
422605,19.5710325,74.21187671
422606,19.75127165,74.1079868
422608,19.6079803,74.19011315
422610,19.411871,73.993287
422611,19.7055705,74.264883
422620,19.392831,74.177575
422622,19.3515,74.29875458
423101,20.329957,74.24379
423102,20.4614982,74.20395
423104,20.306386,74.43975
423105,20.5905,74.67396
423106,20.306386,74.6559285
423107,19.70396419,74.47892525
423108,20.554431,74.36565
423109,19.78925,74.47437554
423110,20.4174,74.31845
423111,20.28205,74.03215
423117,20.3123035,74.1834435
423201,20.53695,74.45655
423202,20.554431,74.45877
423203,20.55775595,74.5195895
423204,20.590527,74.32855
423205,20.54994273,74.52874417
423206,20.54994165,74.52874525
423208,20.41735,74.4195
423212,20.48665,74.6149
423213,20.554431,74.2956765
423301,20.5905315,74.1987145
423302,20.59053,74.198714
423303,20.590529,74.23085
423401,20.0436275,74.42965
423402,19.998715,74.584775
423403,20.13725,74.59747
423501,20.5055,74.0456
423502,20.52125,73.9246
423601,19.913362,74.446701
423602,19.910234,74.355815
423603,19.91485632,74.5545931
423604,19.94432099,74.29437948
423605,19.81176868,74.3794985
423607,19.96171464,74.31753166
423701,19.90199765,74.7068355
423702,20.23685,74.39736
423703,19.9289259,74.717626
424001,20.9038843,74.7758722
424002,20.907284,74.741748
424004,20.90166855,74.78816395
424005,20.952624,74.77927
424006,20.780453,74.7234875
424101,20.45799367,75.00573633
424102,20.536202,75.105632
424103,20.605437,75.141835
424104,20.5835069,75.20355455
424105,20.669915,75.1826385
424106,20.5940445,74.947575
424107,20.6256192,75.02615985
424108,20.42021016,74.880841
424109,20.306387,74.655929
424119,20.474063,74.983915
424201,20.647863,75.353083
424202,20.654881,75.4461978
424203,20.5951472,75.47893515
424204,20.6713,75.6101
424205,20.7113089,75.6811561
424206,20.806596,75.770706
424207,20.6718,75.81949
424208,20.645831,75.881649
424301,20.8761625,74.878937
424302,20.8956005,74.588472
424303,20.94298,74.513788
424304,21.0290365,74.3068705
424305,21.144686,74.292197
424306,20.939873,74.092655
424307,21.063109,74.686961
424308,20.714792,74.826727
424309,21.1235625,74.800794
424310,20.901858,74.264089
424311,20.781803,74.842842
424318,20.9565525,74.894115
425001,21.00034906,75.56864118
425002,21.06929695,75.512355
425003,20.956038,75.6301615
425004,21.0035988,75.491717
425101,21.0411934,75.6073483
425102,21.0735545,75.6431745
425103,21.001502,75.443427
425104,21.037321,75.3573072
425105,21.0428345,75.231605
425107,21.243535,75.295782
425108,21.247575,75.251828
425109,20.9032205,75.3266415
425110,20.8202385,75.30220035
425111,20.824476,75.098871
425112,20.80672825,75.0771756
425113,20.9146374,75.0416633
425114,20.8477528,75.6539153
425115,20.779107,75.4558745
425116,20.8488075,75.47879825
425201,21.0452347,75.78270843
425203,21.050554,75.819568
425301,21.2728485,75.692493
425302,21.16149,75.61834
425303,21.221063,75.440445
425304,21.16295,75.77007
425305,21.0177,75.9104
425306,21.06360035,76.0249605
425307,21.04172,75.84514
425308,21.035231,75.923463
425309,21.001576,75.659778
425310,20.848686,76.007762
425311,20.966302,75.777962
425327,20.9992411,76.28686095
425401,21.062372,75.007625
425402,21.1557085,75.02388205
425403,21.1699,74.9250985
425404,21.210265,74.839822
425405,21.3649935,74.9181575
425406,21.2762565,74.7265815
425407,21.14245,74.673011
425408,21.324304,74.575133
425409,21.554408,74.486443
425410,21.446782,74.512733
425411,21.3812625,74.40276
425412,21.402435,74.210575
425413,21.5874475,74.1603135
425414,21.826216,74.223804
425415,21.594782,74.036034
425416,21.287965,74.023529
425417,21.187595,73.912884
425418,21.143636,73.831376
425419,21.573275,73.926892
425420,21.13549385,75.110195
425421,21.266137,74.984918
425422,21.545648,74.4486935
425423,21.460565,74.6277825
425424,21.582536,74.533222
425426,21.199465,73.9810385
425427,21.41385,74.770911
425428,21.543874,74.915484
425432,21.692038,74.457403
425442,21.60679,74.315335
425444,21.586779,74.6359365
425452,21.785047,73.97363805
425501,21.1104251,75.8783358
425502,21.14908,75.886683
425503,21.166074,75.862839
425504,21.2068536,75.8813148
425505,21.196704,75.92542
425506,21.167084,75.962007
425507,21.162419,75.993619
425508,21.334961,76.0329685
425524,21.2523,75.84509
431001,19.812216,75.6385995
431002,19.87540115,75.2845445
431003,19.89103,75.361234
431004,19.904718,75.313549
431005,19.875337,75.3397815
431006,19.8730451,75.3765221
431007,19.839774,75.406796
431008,19.8761713,75.463603
431009,19.855369,75.355309
431010,19.849602,75.339004
431011,19.833189,75.288641
431025,19.890768,75.361271
431101,20.01460545,75.20735
431102,20.07765,75.17912505
431103,20.2667072,75.1332928
431104,20.26670729,75.13329271
431105,19.6733502,75.3688999
431107,19.4579508,75.46045845
431109,19.69719393,75.01053827
431110,19.658167,75.0085319
431111,19.46667,76.52683
431112,20.2728,75.61775
431113,20.3000072,75.6499928
431114,20.30255,75.75195
431115,20.0839,75.0055
431116,19.92892376,74.71762814
431117,20.4177205,75.6987495
431118,20.580868,75.72432
431120,20.58438,75.617717
431121,19.6001538,75.5315927
431122,18.9907015,75.75873725
431123,18.734416,76.006749
431124,18.882672,76.111962
431125,18.8224785,75.7924115
431126,18.715482,75.735613
431127,19.312042,75.8156
431128,18.993155,76.301915
431129,19.208602,76.013622
431130,19.2531485,75.5515335
431131,19.1580615,76.2151905
431132,20.5307,75.82533
431133,19.69876284,75.00853146
431134,19.46667,76.52683
431135,20.300005,75.61775
431136,20.4742,75.54375
431137,19.460185,75.5588745
431142,19.187505,76.179059
431143,19.1513965,75.7586815
431144,18.9884125,76.0458315
431147,20.266708,75.133292
431148,19.545871,75.4169808
431150,20.51698,75.3453
431151,20.21615,75.4951005
431152,19.9386778,75.35724
431153,19.030266,75.8593475
431154,19.8761753,75.3433069
431202,19.86765734,75.71964334
431203,19.845908,75.906935
431204,19.6144902,75.7852108
431205,19.61427775,75.78500825
431206,20.27121,76.02243
431207,19.5231299,75.87067545
431208,19.35697,77.7825
431209,19.52277774,75.98686894
431211,19.3831314,76.0577602
431212,19.614277,75.607988
431213,20.3326,75.71382
431214,20.3326,75.71382
431215,20.30255,75.75195
431401,19.26674554,76.77093709
431402,19.22879,76.804655
431501,19.606765,76.249603
431502,19.519866,76.303457
431503,19.451658,76.435718
431504,19.676514,76.40424
431505,19.333825,76.501579
431506,19.2740975,76.352543
431507,19.3644115,76.183837
431508,19.4627595,76.699017
431509,19.640547,76.6643725
431510,19.7134985,76.656478
431511,19.182143,77.02303
431512,19.344402,77.1585895
431513,19.7860295,77.14728
431514,18.9363895,76.7185215
431515,18.8310385,76.5739555
431516,19.063175,76.498495
431517,18.728131,76.3320445
431518,18.651372,76.1709685
431519,18.720409,76.552173
431520,18.860669,76.528769
431521,19.115765,76.702547
431522,18.58962,76.59646
431523,18.640478,76.377335
431530,18.909825,76.4562765
431536,18.869299,76.884061
431537,19.300222,76.643257
431540,19.403394,76.831733
431541,19.167234,76.53656
431542,19.8000127,76.8470505
431543,19.424007,76.968723
431601,19.15362025,77.31172525
431602,19.158583,77.297244
431603,19.120564,77.34446
431604,19.1450665,77.3282705
431605,19.187622,77.303519
431606,19.1064147,77.28547055
431701,19.517759,77.364316
431702,19.659274,77.313596
431703,19.906239,77.017775
431704,19.287193,77.41609
431705,19.537617,76.986132
431707,18.9897505,77.31196915
431708,18.94526258,77.11513425
431709,18.9324045,77.543951
431710,18.795897,77.657741
431711,18.804905,77.80617
431712,19.477011,77.55888285
431713,19.3585665,77.608151
431714,18.8552815,77.1987945
431715,18.6842,77.405778
431716,18.653582,77.260036
431717,18.558811,77.526444
431718,18.477419,77.519842
431719,18.508636,77.3501735
431720,18.978554,76.977469
431721,19.83881201,77.99858
431722,18.812416,77.453235
431723,18.6394022,77.6146615
431724,19.843183,78.033878
431731,18.712936,77.704131
431736,18.731095,77.568158
431741,18.3492675,77.4490985
431742,18.757193,77.154487
431743,19.5664985,77.561214
431745,19.235905,77.489376
431746,18.8720185,77.33334135
431750,19.282032,77.302825
431801,19.184894,77.7042115
431802,19.3421705,77.7626435
431803,19.331521,78.04647
431804,19.687777,78.10129417
431805,19.818867,78.2164355
431806,19.1122275,77.4676045
431807,19.0587915,77.62625
431808,18.9425435,77.7217725
431809,18.8740765,77.7285865
431810,19.460463,78.158921
431811,19.537511,78.214381
440001,21.14014445,79.06988611
440002,21.15540137,79.11406425
440003,21.12283333,79.08502778
440005,21.85258333,79.05369444
440006,21.16488889,79.05241667
440007,21.16472222,79.03469444
440008,21.14641667,79.12127778
440010,21.13574537,79.05944445
440012,21.13702778,79.08063889
440013,21.175,79.062375
440014,21.17359722,79.09009722
440015,20.59136111,79.07104167
440016,21.1166667,78.0022222
440017,21.17059723,79.10766667
440018,21.15433931,79.09811677
440019,21.09330556,79.01
440020,21.12258333,79.07325
440021,21.129257,79.048969
440022,21.13683334,79.08009723
440023,21.137651,78.841096
440024,21.12170834,79.10749306
440025,21.11063889,79.06097222
440026,21.19238889,79.10386111
440027,21.11657878,79.09741334
440029,21.207769,79.184052
440030,21.16554164,79.07443057
440032,21.1521944,79.0691667
440033,21.1521944,79.0691667
440034,21.09908333,79.12216667
440035,19.98925,79.55677778
440036,21.10916667,79.02191667
440037,21.0987839,79.0985512
440038,21.1524,79.0693
441001,21.227531,79.190083
441101,21.4003695,78.965413
441102,21.264033,79.128746
441103,21.166503,78.651996
441104,21.145726,79.340219
441105,21.367456,79.109322
441106,21.335599,79.32684
441107,21.305863,78.9204444
441108,20.951305,79.026364
441109,21.159681,79.072307
441110,21.045894,78.943502
441111,21.267808,79.062034
441112,21.4609444,78.883201
441113,21.3443532,79.0488645
441122,20.94483465,78.9810858
441123,21.211481,79.068608
441124,21.0502704,79.0578503
441201,20.841517,79.519594
441202,21.085776,79.330009
441203,20.8480556,79.331447
441204,21.0583415,79.152822
441205,20.6134031,79.69
441206,20.56,79.83
441207,20.6200556,79.563154
441208,20.477793,79.966831
441209,20.551511,80.4062205
441210,20.993434,79.572285
441212,20.2339661,79.66
441214,20.736961,79.0691667
441215,20.2164646,79.804459
441217,20.411015,79.968229
441221,20.4888763,79.63
441222,20.2909429,79.6303048
441223,20.3604167,79.5845833
441224,20.06958335,79.6210684
441225,20.0618585,79.7840833
441226,19.95,79.7203565
441301,21.342199,78.3529325
441302,21.2765556,78.693762
441303,21.45516465,78.44738485
441304,21.407261,78.531
441305,21.3203889,78.45317
441306,21.39848835,78.6913775
441401,21.314262,79.2724225
441404,21.257709,79.21687
441501,21.22597685,78.88453615
441502,21.308956,78.831186
441601,21.45971945,80.192648
441614,21.46,80.16
441701,20.81,80.01
441702,20.88,80.127505
441801,21.35,80.16
441802,21.1167835,79.9850588
441803,20.757239,79.8834167
441804,21.089115,79.8044575
441805,20.875415,79.882883
441806,21.052228,80.1237525
441807,21.1852945,80.22
441809,21.032017,79.847881
441901,21.04,80.355
441902,21.3706309,80.26418015
441903,20.9129995,79.6937075
441904,21.1703022,79.65491445
441905,21.240807,79.687569
441906,21.150464,79.591243
441907,21.57043,79.7241667
441908,20.884642,79.725966
441909,21.3100556,79.672527
441910,20.79388,79.636837
441911,21.36,79.95
441912,21.4217395,79.707602
441913,21.016897,79.7481111
441914,21.3741703,79.5997348
441915,21.460166,79.838078
441916,21.317874,80.424307
441924,21.1044045,79.6790956
442001,20.7295868,78.60185
442003,20.73409725,78.59305555
442101,20.64706,78.4864775
442102,20.72845,78.71
442104,20.837825,78.6961611
442105,20.8159722,78.88525
442106,20.978855,78.44975735
442107,20.1668056,77.1065556
442111,20.7817778,78.6681944
442201,20.9487,78.232902
442202,21.2047647,78.1963299
442203,21.15514,78.47393
442301,20.55445,78.836188
442302,20.7252222,78.36597
442303,20.7153056,78.33925
442304,20.5842044,78.7423071
442305,20.64024935,78.689995
442306,20.61977,78.33728
442307,20.4380361,78.74464528
442401,19.95854915,79.29208055
442402,19.9400556,79.2952778
442403,19.7443666,79.26335555
442404,20.0529557,79.3220114
442406,19.9806111,79.22
442501,20.1171111,79.1494167
442502,19.9197222,79.1349028
442503,20.1315029,79.030486
442504,18.99349,80.142161
442505,19.9507821,79.12025
442507,19.8857423,79.309937
442603,19.930027,79.834576
442604,19.812735,80.045109
442605,20.2180193,79.9986987
442606,20.101038,80.193086
442701,19.876996,79.3849959
442702,19.67,79.67
442703,19.4240833,80.1
442704,19.67,80.27443
442705,19.36,79.99
442707,19.735164,79.8205695
442709,19.12,80.2
442710,19.390279,80.292059
442901,19.883838,79.385438
442902,20.08465845,79.14466545
442903,20.5271974,79.4545669
442904,20.4443632,79.4678697
442905,19.7412748,79.325431
442906,20.3094001,79.21
442907,20.31,78.98
442908,19.63318415,79.16
442914,20.266,79.0215833
442916,19.7509534,79.0182368
442917,19.78018055,79.13192195
442918,19.9063943,79.6215105
442919,19.6694095,79.997545
442920,20.6323,79.4
443001,20.53589999,76.18449753
443002,20.504584,76.1842975
443101,20.88385,76.179624
443102,20.79985,76.2046667
443103,20.67529682,76.20603791
443104,20.670556,76.033996
443106,20.487856,76.184293
443112,20.889759,76.18929
443201,20.2956345,76.247528
443202,20.21205857,76.37085857
443203,19.94649665,76.15007
443204,20.0975754,76.094656
443206,20.061218,76.1794722
443301,20.13966,76.5638
443302,19.976687,76.52403
443303,20.1849722,76.7216944
443304,20.3285,76.5733611
443308,19.9923,76.2729
443401,20.88514235,76.3365827
443402,20.5803,76.2154
443403,21.00683,76.44709665
443404,20.83004235,76.4593355
444001,20.71,77
444002,20.7172778,76.98033335
444003,20.815,77.12
444004,20.6736389,77.0113472
444005,20.72,77.03
444006,20.71075,76.99
444007,20.6968,76.9757
444101,21.09654165,77.08
444102,20.7250972,77.215
444103,21.14116665,76.8747222
444104,20.7,77.05
444105,20.505,77.54
444106,20.78,77.5
444107,20.71,77.36
444108,20.98,76.87
444109,20.75,76.87
444110,20.64,77.5690535
444111,20.9,77.05
444117,21.03,76.9928056
444126,21.1173611,76.95
444201,20.967552,76.73548
444202,20.64769,77.76826
444203,20.793708,76.695261
444204,21.1657,76.69265
444301,20.397755,76.46385
444302,20.66194445,76.855
444303,20.34849633,76.11315162
444304,20.8505278,76.5601944
444306,20.7345,76.44855
444311,20.86,76.81
444312,20.793708,76.695261
444401,20.55,77.08
444402,20.365,77.24
444403,20.265,77.43
444404,20.18,77.59
444405,20.48,77.18
444407,20.5684,77.24955
444409,20.21,77.325
444501,20.49,76.85
444502,20.5996528,76.85525
444503,20.25,76.975
444504,20.11,76.87
444505,20.14,77.16
444506,19.978625,76.705
444507,20.04,77.27
444510,20.03,77
444511,20.4,76.84
444601,20.93394445,77.74797225
444602,20.9,77.65
444603,20.9298611,77.7523056
444604,20.9530556,77.7595278
444605,20.9400833,77.7398611
444606,20.9285278,77.7516389
444607,20.8971111,77.7438611
444701,20.74,77.71
444702,21.5507639,76.94
444704,21.24,77.72
444705,21.125,77.255
444706,20.93,77.2
444707,21.21,77.95
444708,20.6165435,77.78033395
444709,20.84,78.12
444710,20.73,78.0943056
444711,20.8316944,78.2372778
444717,21.3460278,77.35
444719,21.47,76.825
444720,21.35,76.73
444723,21.23,77.625
444801,21.04,77.68
444802,20.94,77.5
444803,20.965,77.345
444804,21.06,77.55
444805,21.30078612,77.51550375
444806,21.25,77.51
444807,21.42,77.38
444808,21.26,77.36779165
444809,21.3225278,77.60975
444810,21.3378056,77.6792222
444813,21.54,77.3178889
444901,21.1,77.89
444902,21.04,77.99
444903,21.055,78.06754165
444904,20.875,77.945
444905,21.32,77.96
444906,21.45,78.31
444907,21.5221944,78.2902778
444908,21.44,78.18
444915,21.145,77.84
445001,20.4131111,78.13377771
445002,20.3941666,78.1291666
445101,20.6456388,78.14725
445102,20.4902222,77.86938881
445103,20.0628611,77.95125
445105,20.3850278,78.119
445106,19.95630551,78.1132222
445109,20.16663881,78.14980551
445110,20.21641661,78.90788881
445201,20.3475833,77.8628611
445202,20.31266661,77.7687222
445203,20.1051666,77.7135833
445204,19.9088611,77.5718055
445205,20.3850278,78.119
445206,19.6008611,77.69063881
445207,20.3850278,78.119
445209,19.7278611,77.44605552
445210,19.7514,75.7138
445211,19.68302773,77.56280552
445215,19.8983333,77.5514444
445216,19.92491667,77.57605556
445230,19.72275,77.87619441
445301,20.1406944,78.3125833
445302,20.0231944,78.5459444
445303,20.0986944,78.8323333
445304,20.0556239,78.95248391
445305,19.87130551,78.5759722
445306,19.9908,78.3394
445307,19.87269441,79.05383331
445308,20.27644441,78.71775
445323,19.7514,75.7138
445324,19.867843,78.739414
445401,20.3850278,78.119
445402,20.41955551,78.5156944
450001,21.88935,76.36135
450051,21.8271,76.6131
450110,22.0211,76.6073
450112,22.1324,76.4042
450114,22.18,76.2797
450116,22.03975,76.73265
450117,21.81378824,76.82155
450119,21.8229167,76.3519444
450221,21.4764,76.4794
450331,21.31287774,76.235858
450332,21.37865,76.62775
450337,21.6661,76.2855
450445,21.191899,76.2652
450551,22.1407,76.2532
450554,23.09205,76.49535
450661,21.6407,76.1452
450771,21.8074,76.279
450881,21.6603,76.5296
450991,21.9664,76.4561
451001,21.80335,75.58883335
451111,22.14,76.07235
451113,22.1222,75.708
451114,21.9882,75.8884
451115,22.35611275,76.03353335
451220,22.287,75.85885
451221,22.2092,75.6702
451224,22.28005,75.5724
451225,22.2038,75.84155
451228,22.0908,75.61635
451331,21.8882,75.9122
451332,21.6081116,75.942224
451335,21.9083,75.7484
451440,21.8465,75.4228
451441,21.697589,75.66482
451442,21.9027,75.3587
451447,21.8258,75.0319
451449,21.8349,75.2683
451551,21.9758,74.74
451556,22.0111,75.0935
451660,22.0845,75.3227
451666,21.61165,75.1532376
451770,21.68055,74.83496855
451881,21.74365,74.64365355
452001,22.7137361,75.8761389
452002,22.71175,75.84875
452003,22.7355778,75.87109445
452005,22.7261972,75.81415835
452006,22.7263333,75.8456944
452007,22.71799998,75.86030555
452009,22.6915972,75.82797225
452010,22.75741165,75.88077775
452011,22.741125,75.88408335
452012,22.4,75.49
452013,22.6693611,75.8135
452014,22.6989722,75.8575
452015,22.5883611,75.67970835
452016,22.719569,76.030487
452018,22.7175278,75.8963333
452020,22.6247235,75.973355
452999,22.7078056,75.8791667
453001,22.68,75.614989
453111,22.8294725,75.7619155
453112,22.7078056,75.846859
453115,22.83543,75.614989
453220,22.9706335,75.532876
453331,22.737989,75.568425
453441,22.5508889,75.762059
453446,22.34,75.47
453551,22.922584,75.79215235
453552,22.539009,75.911397
453555,22.7078056,75.8791667
453556,22.7078056,75.8791667
453661,22.558435,75.756046
453771,22.889313,75.95213
454001,22.60007721,75.30013363
454010,22.54968,75.551752
454111,22.856569,75.066561
454116,22.67356,74.891646
454221,22.414415,74.877213
454331,22.1830445,74.736247
454335,22.2414735,74.8872605
454441,22.747651,75.12243
454446,22.438863,75.158916
454449,22.269376,75.347412
454552,23.5881725,75.635446
454660,23.02251,75.132647
454665,22.895368,75.2
454773,22.6721845,75.463603
454774,22.62466105,75.5897853
454775,22.6173056,75.6865278
455001,22.96129679,76.05130879
455111,22.897666,75.733298
455115,23.019945,76.223288
455116,23.17987,76.334783
455118,23.029339,76.374581
455221,22.781719,76.230531
455223,22.849475,76.1521
455227,22.601855,76.383801
455332,22.678912,76.712006
455336,22.680507,76.7943505
455339,22.575999,76.99495
455440,22.6020745,76.564526
455459,22.497415,76.6831395
456001,23.1809167,75.7828611
456003,22.960942,75.7763333
456006,23.1809167,75.7765
456010,23.16700927,75.80339817
456221,23.34871,75.5642125
456222,23.19533,75.530904
456224,23.4938588,75.316437
456313,23.299247,77.088103
456331,24.7994825,75.5883765
456335,23.45404995,75.435929
456337,23.315959,75.479104
456440,23.63539,75.279988
456441,23.629575,75.76622
456443,23.4543835,75.719704
456550,23.491017,75.885346
456661,23.1809167,75.902771
456664,23.110325,75.978254
456665,23.257973,76.018882
456668,23.429578,76.0711667
456770,23.364447,76.1652175
456771,23.085907,75.37775
456776,23.4450065,75.2876705
457001,23.33003764,75.03023835
457111,23.33,75.03
457114,23.76025253,75.55021717
457118,23.72,75.37
457119,23.61,75.74
457222,23.45,75.06
457226,23.63990278,75.12092857
457331,23.36,75.42
457333,23.67094445,74.95025927
457336,23.73,75.18
457339,23.33,75.03
457340,23.72,75
457441,23.22,75.14
457550,23.45,74.92
457555,23.31,74.63
457661,22.76,74.59
457770,23.3,75
457772,22.7720833,74.5907778
457773,23.01025,74.7956389
457775,22.751,77.78096
457777,22.9073611,74.542
457779,22.90051786,74.54015278
457882,22.5276,74.3132
457885,22.5,74.14
457887,22.2718055,74.315551
457888,22.11,74.321005
457990,22.4198333,74.4198333
457993,22.6486,74.5214
458001,24.07,75.06
458002,24.06945618,75.07213964
458110,24.45277,75.1532
458113,24.476808,75.143741
458116,24.44332,75.2887
458118,24.47680738,75.14374163
458220,24.59415738,74.86270263
458226,24.85293533,74.90870062
458228,24.59415683,74.86270317
458330,24.59623208,74.86228552
458336,24.28174,74.871122
458339,24.2833809,74.99087
458389,23.577,76.5343
458441,24.45,74.8711225
458468,24.308435,74.882655
458470,24.5836,74.8068
458553,24.2833799,74.990871
458556,24.28338112,74.99086978
458558,24.15165,75.2146
458664,24.283381,74.990873
458667,23.8792,76.1979
458669,24.0822,76.517
458771,24.2055,75.83815
458775,23.8733,76.1722
458778,23.3747,76.2046
458880,24.3186,75.642
458883,24.18,75.6063
458888,24.095,75.59245
458895,23.2938,76.0333
458990,24.04465,75.3524444
460001,21.943842,77.85388
460004,21.8177285,77.93966544
460110,21.554174,77.89746156
460220,21.554409,77.593462
460225,21.8333,77.739486
460330,21.92319115,77.50734732
460440,22.22268068,77.875536
460443,22.08220723,77.9823882
460447,22.12943319,78.20261666
460449,22.193421,78.184943
460551,21.95887,78.229102
460553,21.9635975,78.0612695
460554,22.63402384,75.02666193
460557,21.703608,78.027384
460661,21.799183,78.352221
460663,21.908532,78.435404
460665,21.636948,78.2212075
460666,21.678233,78.182132
460668,21.56547362,78.12934618
461001,22.75731945,77.7257639
461005,22.7389167,77.7142222
461110,22.706496,77.739843
461111,22.61411145,77.76677695
461114,22.5947778,77.7820556
461115,22.5950556,77.7370556
461116,22.36,77.37
461122,22.5805833,77.8503889
461221,22.8,77.7833333
461223,22.4507222,77.4689722
461228,22.3671111,77.2211389
461331,22.33354165,77.0951528
461335,22.1542,77.0622
461441,22.1657778,76.8595556
461446,22.7539722,77.7356389
461551,22.75021,77.24593
461661,22.72565,77.7356389
461668,22.6908333,78.0832222
461771,22.6951389,78.1948889
461775,22.75634725,78.35543055
461881,22.45955555,78.43368055
461990,22.7677778,78.534
462001,23.26378969,77.39475397
462002,23.24,77.39
462003,23.2280139,77.40259725
462004,23.2370648,77.41830557
462008,23.2528889,77.41745835
462010,23.335,77.42991665
462011,23.23225,77.4288889
462016,23.225195,77.42125
462020,23.2,77.45
462022,23.2405833,77.4896
462023,23.2454722,77.4456667
462024,23.21,77.4435
462026,23.215,77.44
462027,23.2413611,77.4266111
462028,23.275121,77.506724
462030,23.27,77.32
462031,23.29,77.32
462033,23.3117778,77.3618889
462034,23.193453,77.344433
462036,23.33,77.27
462037,23.3013889,77.4241944
462038,23.35,77.42
462039,23.1918056,77.4326667
462040,23.24,77.45
462041,23.14,77.53
462042,23.141,77.42
462043,23.1917778,77.4799722
462044,23.185,77.32
462045,23.25,77.44
462046,23.0758783,77.5
462047,23.13,77.49
462057,23.2413611,77.4266111
462066,23.29,77.27
462099,23.2604722,77.3940556
462100,23.28851,77.39417
462101,23.49,77.3700833
462116,23.2010622,77.4252362
462120,23.807606,77.2750985
463106,23.63,77.396
463111,23.68,77.52
464001,23.52793765,77.94388
464111,23.843803,77.590597
464113,22.38535055,77.657899
464114,24.0628205,77.395525
464220,24.273777,77.979575
464221,23.933945,77.8594075
464224,24.18556415,78.0361965
464226,23.5573585,77.0322325
464228,24.2017,77.675254
464240,25.5881315,78.452721
464258,23.809541,77.46
464331,23.701342,78.11
464334,23.7641005,77.3713355
464337,23.9286855,78.18922
464551,23.3352575,77.7780895
464570,23.50605,78.5288
464573,23.317038,78.068046
464651,23.695389,77.6758333
464661,23.43939885,78.1845445
464665,22.977474,78.076603
464668,22.921095,78.234798
464671,23.10393,76.845202
464672,23.1476175,78.3220225
464770,25.7000095,78.908283
464774,23.327177,78.7329375
464881,23.5970187,78.377207
464884,23.4972525,78.2724955
464886,23.3015,78.5916
464986,23.133109,77.97101
464990,23.071909,77.70125
464993,23.0101,77.5992
465001,23.427294,76.27508
465106,23.2985,76.207353
465110,23.308246,76.371855
465113,23.201713,76.44185
465116,23.27256,76.585666
465118,23.164056,76.587567
465220,23.3728615,76.4577535
465223,23.422555,76.540153
465226,23.650892,76.337374
465227,23.46535135,76.587887
465230,23.597511,76.175476
465313,23.248238,75.447499
465333,23.175079,76.70875
465335,23.287112,76.738916
465337,23.328258,76.89858
465339,23.4210786,76.892273
465441,23.688009,76.079801
465445,23.83,76.195762
465447,23.929047,76.09
465449,23.8956875,76.4569885
465550,23.78812,75.870824
465661,23.999353,76.79775584
465667,23.3463,77.0382655
465669,23.800283,77.070837
465674,23.905832,76.925925
465677,24.076048,77.059325
465679,24.16098,76.58061
465680,23.543894,76.734843
465683,23.692187,76.674298
465685,23.718778,76.915229
465687,23.8051025,76.5603765
465689,23.9188235,76.462768
465691,23.932592,76.376734
465693,24.123968,76.3278025
465697,23.653109,76.541455
466001,23.203383,77.066415
466111,23.107973,77.2372735
466113,23.120214,76.907043
466114,23.0852665,76.7971245
466115,23.026642,77.020148
466116,23.429167,76.771163
466118,22.951866,76.508356
466120,22.818048,76.609652
466125,24.271445,76.683022
466221,23.067312,76.482335
466331,22.765933,77.300851
466445,22.7755408,77.6808018
466446,22.8844,77.5255
466448,22.906759,78.0155
466554,23.083044,77.021902
466651,23.3725975,76.9758165
466661,23.403134,77.181587
466665,23.569389,77.213547
470001,23.838805,78.75291
470002,23.84002348,78.73129918
470003,23.826583,78.77513
470004,23.844611,78.800773
470021,23.8660795,78.9160735
470051,23.644795,78.729229
470113,24.280157,78.207737
470115,23.906039,78.547747
470117,24.0373475,78.3331075
470118,24.205533,78.3742675
470119,23.754368,78.358622
470120,23.807364,78.583118
470124,24.220595,78.15099
470125,23.657007,78.591633
470221,23.6357935,78.8382645
470223,23.485814,78.945506
470226,23.378387,79.016474
470227,23.582428,79.106867
470228,23.719552,78.92741
470229,23.779512,79.143596
470232,23.760701,79.135616
470235,23.378649,78.763392
470335,24.036766,78.9468985
470337,23.956141,78.863743
470339,24.3393175,79.099806
470340,24.146107,78.9344817
470441,24.2082435,78.5836685
470442,24.0645415,78.6498065
470661,23.83450243,79.43991376
470663,23.687617,79.647404
470664,23.7984945,79.6817825
470666,23.923004,79.205636
470669,23.906379,79.048969
470672,23.796234,79.39442
470673,24.076238,79.3549
470675,23.972065,79.38879
470771,23.8657575,79.52662
470772,23.98497,79.624945
470775,24.1488595,79.631963
470776,24.27979,79.656102
470880,23.396198,79.43062
470881,23.5494611,79.7809875
471001,24.916356,79.592562
471101,24.73336,79.942925
471105,24.91099614,79.58777786
471111,25.06226073,79.43965477
471201,24.9655,79.3386
471301,24.69205,79.33545
471311,24.53118,79.3006
471313,24.5962,79.8
471315,25.25526,80.00277
471318,24.25014,79.24991
471405,24.58919,79.49925
471408,24.57755,79.64495
471411,25.0544,79.6247
471501,24.98846,79.83968
471510,24.17264923,79.21861231
471515,25.0891565,80.0031275
471516,25.150063,80.193372
471525,25.1304045,80.18475
471606,24.83012,79.931717
471625,24.492,80.24915
472001,24.72425,78.86785
472005,24.6288,78.8115
472010,24.6249,78.953582
472101,24.96906,78.7660395
472111,24.811,79.0573
472115,24.8775,79.08975
472118,25.0097,79.07575
472221,25.0922,79.21409
472246,25.4328,78.6695
472331,25.1073,78.83855
472336,25.2089,78.7894
472337,25.1893,78.6717
472339,24.97195,78.842
472442,24.5271,78.8071
472445,25.95885,78.9555
472447,25.2808,78.8857
473001,24.66526,77.360686
473101,24.395,77.44
473105,24.87985842,77.10864094
473106,24.796905,76.96556
473110,24.60955999,77.165
473111,24.485,77.145
473112,24.66526,77.360686
473113,24.76,77.36636473
473115,24.15,77.06
473118,24.29349515,77.05646207
473222,24.35402398,77.00315728
473226,24.4,77.22
473249,24.56,77.37
473287,24.20538125,77.20166643
473330,24.635,77.57937064
473331,24.5,77.73
473332,24.81,77.67
473335,24.83777482,77.82
473440,24.5040415,77.93
473443,24.42944542,78.130161
473444,24.54,78.11
473445,24.351175,77.96116823
473446,24.71,78.12961955
473447,24.962391,77.916763
473551,25.45,77.64
473585,24.98,78.21
473638,25.44209047,77.71024115
473660,25.4715195,78.16
473662,25.54,78.12
473665,25.425,78.265
473670,25.29,78.05
473770,25.27507626,77.6
473773,24.965,77.7060555
473774,25.18,77.52432875
473775,25.49016685,77.39
473781,25.125,77.78
473793,25.65840131,77.56496069
473865,25.68,78
473880,25.58013105,77.94
473885,25.01599066,77.47423576
473990,25.05,78.1
473995,25.185,78.18
474001,26.178647,78.144908
474002,26.230832,78.321936
474003,26.231554,78.247314
474004,26.230832,78.321936
474005,26.256627,78.208398
474006,26.228337,78.321936
474007,26.230832,78.321936
474008,26.230832,78.321936
474009,26.178647,78.144908
474010,26.220212,78.130787
474011,26.230832,78.321936
474012,26.178647,78.144908
474015,26.230832,78.321936
474020,26.2675765,78.3025715
475001,26.0992945,78.180668
475002,26.1544765,78.439049
475005,26.0163905,78.229102
475110,25.901392,78.19919
475115,25.987293,78.36288745
475220,25.8245395,78.105125
475330,26.101459,77.917073
475331,26.053282,77.937463
475335,25.802458,78.744787
475336,25.88385,78.710773
475661,25.6935,78.4609
475671,25.650388,78.602986
475673,25.9954765,78.651221
475675,25.889543,78.54621
475682,26.1863785,78.746177
475685,25.7884275,78.408395
475686,25.675,78.32021
476001,26.52551245,77.975386
476111,26.746065,78.246464
476115,26.69825895,78.3961691
476134,26.63697165,78.11944615
476219,26.471582,77.810787
476221,26.37497245,77.84352745
476224,26.34320205,77.6132658
476228,26.2353583,77.647557
476229,26.24193995,77.4350166
476332,25.977392,77.422292
476335,26.0547254,76.9954825
476337,25.761901,76.6782248
476338,25.9443539,76.8589642
476339,25.5216772,76.6635022
476355,25.5970135,77.054872
476444,26.40013415,78.1068125
476554,26.5729208,78.21892745
477001,26.55904044,78.78071978
477105,26.609014,78.759972
477111,26.710425,78.655574
477116,26.460356,78.434391
477117,26.4461225,78.2991495
477222,26.2657405,78.63603
477227,26.3437715,78.770706
477331,26.518208,78.96299
477332,26.522892,78.8624
477333,26.4409675,79.0189725
477335,26.3626625,78.928395
477441,26.3012845,79.0154415
477445,26.211042,78.919146
477446,26.1240825,78.8485665
477447,26.05676,78.898411
477449,26.027007,78.821441
477450,26.11,78.95
477555,26.676311,78.8083315
477557,26.474284,78.620338
477566,26.649181,78.953398
477660,26.581752,78.52144
480001,22.06048365,78.950037
480003,22.0533889,78.9378611
480105,21.77535408,78.685255
480106,21.672616,78.817912
480107,21.8763,78.873649
480108,21.5974315,78.912834
480109,21.597388,78.7324385
480110,21.914895,79.065212
480111,21.81,79.102142
480112,22.47216945,78.81587921
480115,22.104059,79.2520833
480221,22.308924,79.175311
480223,22.193876,79.024952
480224,22.61965059,79.05898294
480331,21.96548892,78.7729455
480334,21.684605,78.557568
480337,21.669635,78.588795
480338,21.617855,78.4540715
480441,22.1894444,78.786225
480442,22.10535,79.06409
480447,22.100265,78.6868615
480449,22.20391133,78.6921255
480551,22.13059887,78.57886432
480555,22.20173422,78.4125699
480557,22.20364546,78.78546
480559,22.44078004,78.58555321
480661,22.0984167,79.5494444
480667,22.03375,79.7445
480771,21.8128,80.1838
480880,22.9734,78.6568
480881,22.0984167,79.5494444
480882,22.2233,79.5364
480884,24.933,77.85
480886,22.9734,78.6568
480887,22.6163,79.47
480888,22.7513,79.72032
480990,22.2127,79.7385
480991,22.088,79.5518
480994,22.3706,79.91
480996,22.0882,79.5518
480997,22.6567,80.0666
480999,22.6032,79.8195
481001,21.812876,80.18383
481051,22.0253,80.7504
481102,21.4911,80.5829
481105,21.8128,80.1838
481111,22.1038056,80.5485833
481115,21.6267,80.33105
481116,22.5000278,80.7114444
481117,21.8114,80.1995
481222,21.5059,80.5481
481224,21.40234,80.43514
481226,21.72303,80.27384
481331,21.7620833,80.0564167
481332,21.78,80.25
481335,21.638729,80.180077
481337,21.52616,79.90131
481441,21.9366111,80.0496389
481445,21.7725,79.8039
481449,21.6463,79.6693
481551,22.1134,80.1357
481556,22.5755,80.2139
481661,23.967409,80.3683889
481662,23.35510815,78.51605757
481663,21.933194,80.491047
481664,22.80311845,80.6673695
481665,22.8068555,80.4058115
481666,23.866763,78.8418651
481668,22.48766867,80.3993795
481672,22.953507,80.682625
481768,22.96648713,80.237708
481771,22.6897869,80.536268
481776,21.88331533,80.475121
481778,22.605081,81.144579
481879,23.071613,80.94873
481880,22.9156295,81.0372345
481882,22.8153585,81.323524
481883,22.6136835,81.3082095
481884,22.6245495,81.5854255
481885,23.34635857,80.37560843
481990,23.330811,80.620335
481995,22.84678972,80.7800445
481996,26.258086,79.072979
481998,25.2341123,78.965019
482001,23.174721,79.954832
482002,23.1846942,79.9256111
482003,23.1598056,79.874391
482004,23.2043056,79.943054
482005,23.218408,80.061654
482007,23.161436,79.955222
482008,23.127662,79.930526
482009,23.2065139,79.98141665
482010,23.2371389,79.9757222
482011,23.1834722,79.9741667
482020,23.1339167,79.9626389
482021,23.0919999,80.0022
482051,23.002263,79.88628
482056,22.928589,79.9079595
483001,23.095804,80.052095
483053,23.167156,79.79325
483105,21.770719,79.801168
483110,23.243768,80.360297
483113,22.534771,79.412149
483119,23.470651,80.045109
483220,23.283343,79.990892
483330,23.657688,80.067459
483331,23.715862,79.9884025
483332,23.569858,80.38295
483440,23.6506435,80.226555
483442,23.655148,80.3323755
483501,23.828208,80.3918052
483504,23.8066511,80.3947119
483770,23.784894,80.703434
483773,23.63696,80.549401
483775,23.919331,80.574397
483880,24.03456,80.5577305
483990,23.85849,80.088373
484001,23.28943055,81.365
484110,23.18,81.385
484113,22.97,81.8734
484114,23.43905555,81.50681945
484116,23.155,81.615
484117,23.13169445,80.16841665
484120,24.577,77.7318
484220,23.1733611,81.6533889
484224,23.2386532,81.7
484330,23.0955,81.85
484334,23.32,81.92
484336,23.1590556,81.9403056
484440,23.28,82.1163611
484444,23.16,81.91
484446,23.195,81.98530555
484447,23.1579435,82.0603375
484551,23.345,81.139435
484555,23.35656945,80.9448121
484660,23.51,80.67
484661,23.5137,80.845385
484664,23.89,80.975
484665,23.6984,81.12075
484669,23.41540385,81.56
484770,23.49,81.4
484771,23.69,81.3587163
484774,23.965,81.37
484776,24.19,81.42
484881,23.0560948,81.34048
484886,22.769865,81.675
484887,22.865,81.695
485001,24.57936538,80.83074573
485005,24.579,81.832
485111,24.579,81.832
485112,24.579,81.832
485113,24.579,80.832
485114,24.579,81.832
485115,24.579,81.832
485221,24.579,81.832
485226,24.579,81.832
485227,24.579,81.832
485331,24.579,80.832
485334,24.579,80.832
485441,24.579,81.832
485446,24.579,80.832
485447,24.579,81.832
485551,24.579,81.832
485661,24.579,81.832
485666,24.579,80.832
485771,24.579,80.832
485772,24.579,81.832
485773,24.579,80.832
485774,24.579,80.832
485775,24.579,80.9689722
485778,24.579,80.832
485881,24.579,80.832
486001,24.53652222,81.29677777
486002,24.0588611,81.3116944
486003,24.53723333,81.3042
486005,24.53582,81.30336
486006,24.5373,81.3042
486111,24.5373,81.3042
486114,24.53724615,81.3042
486115,24.5373,81.3042
486117,24.53774111,81.30402555
486123,24.5373,81.3042
486220,24.5373,81.3042
486223,24.5373,81.3042
486226,24.5373,81.3042
486331,24.53727647,81.30443529
486333,24.5373,81.3042
486335,24.5373,81.3042
486338,24.53728,81.3042
486340,24.53728571,81.3042
486341,24.5373,81.3042
486440,24.53790152,81.30396212
486441,24.53697,81.303945
486445,24.5373,81.3042
486446,24.5373,81.3042
486447,24.53729231,81.3042
486448,24.5373,81.3042
486450,24.5373,81.3042
486550,24.53796167,81.30393833
486553,24.5373,81.3042
486556,24.5373,81.3042
486661,24.375,81.8863889
486666,22.9734,78.6568
486669,23.3021,81.3568
486670,24.4090833,81.8827778
486675,24.4090833,82.1
486771,24.42,81.71
486775,24.305,81.53
486776,24.315,81.405
486881,24.4047222,81.8783333
486882,24.470232,82.535303
486883,24.046711,82.209411
486884,23.9984,82.6993
486885,24.0915556,82.6498611
486886,24,82.39
486887,24.1595556,82.4900278
486889,24.22,82.691725
486890,24.1634565,82.6737483
486892,23.93095,81.922726
487001,22.9462778,79.1881944
487110,22.9462778,79.1881944
487114,22.9933056,79.3448333
487118,23.0645556,79.4834444
487221,22.9328889,79.0651667
487225,22.97,78.65
487330,22.75,77.72
487334,22.88,77.9
487337,23.39,79.53
487441,22.9462778,79.1881944
487551,22.5337222,78.45172225
487555,22.90474,79.45874
487661,22.9462778,79.1881944
487770,22.8306111,78.8244722
487881,22.832192,79.6748981
488001,24.5425,80.03
488050,24.41555,80.01385
488059,24.5708,80.1763
488220,24.8963989,80.2591567
488222,24.7215234,80.1860632
488333,24.5908447,80.382567
488441,24.46939722,79.96609556
488442,24.37925,79.4621
488443,24.0602,79.4621
488446,24.2499,79.8749
488448,24.1616,80.0564
490001,21.1549245,81.298095
490004,21.18472,81.34125
490006,21.11359,81.204745
490009,21.207662,81.425811
490011,21.181506,81.3155565
490020,21.170848,81.288396
490021,21.184935,81.4742165
490022,21.905665,81.605819
490023,21.2257,81.313198
490024,21.180922,81.3833255
490025,21.211966,81.419331
490026,20.948093,81.294965
490036,21.3159135,81.4526215
490042,21.2082175,81.497416
491001,21.186133,81.243623
491002,21.241883,81.313556
491107,21.114663,81.4007655
491111,21.171318,81.4704465
491221,21.0602095,81.3141535
491222,20.91939,81.337191
491223,20.953134,81.348192
491225,21.018493,81.243623
491226,20.747172,81.251883
491227,20.693685,81.403171
491228,20.599916,81.086368
491229,20.4943173,80.82575175
491230,20.4830365,81.1455555
491331,21.5546465,81.347535
491332,21.53741,81.532215
491335,21.7377665,81.5569005
491336,21.90419,81.3344375
491337,21.9058885,81.5692395
491338,21.735848,81.370188
491340,21.819541,81.752453
491441,21.1006352,81.0302172
491443,22.223389,81.412039
491444,21.0971129,81.09759
491445,21.188427,80.758788
491557,21.06940453,80.67344233
491558,20.966706,80.7981876
491559,22.2229045,81.385414
491661,20.9697696,80.85119707
491665,20.777,80.75509
491666,20.5794245,80.7464355
491668,21.1006352,81.00992
491771,20.8024088,81.0720155
491881,21.403315,80.92975
491885,21.5243535,80.99635875
491888,21.668349,81.0350276
491993,21.692597,81.4330455
491995,22.00972,81.23671005
491996,21.7974268,81.081754
492001,21.2363028,81.6420475
492002,21.093112,81.475138
492003,21.30833,81.61776
492004,21.2545694,81.65708335
492005,21.2433611,81.6360556
492008,21.2766389,81.6402778
492009,21.2571,81.6296
492010,21.194765,81.47849
492012,21.23784,81.70542
492013,21.23784,81.70542
492014,21.23784,81.70542
492015,21.5,81.5
492016,21.2433611,81.6360556
492017,21.2514,81.6296
492018,21.336591,81.409109
492099,21.3797778,81.5387222
492101,21.23784,81.603
492109,21.5,81.5
492112,21.5,81.5
493101,21.23784,81.70542
493111,21.5,81.5
493113,21.5,81.5
493114,21.5,81.2
493116,21.5,81.5
493118,21.5,81.5
493195,21.5,81.5
493196,21.5,81.5
493221,21.5,81.2
493222,21.5,81.2
493225,21.23784,81.70542
493228,21.5,81.5
493229,21.5,81.5
493331,21.5,81.5
493332,21.5,81.5
493335,21.5,81.5
493338,21.5,81.2
493344,21.23784,81.70542
493441,21.5,81.2
493445,21.5,81.5
493448,21.5,81.2
493449,21.5,81.2
493526,21.5,81.2
493551,21.5,81.5
493554,21.5,81.5
493555,21.5,81.5
493558,21.5,81.5
493559,21.23784,81.70542
493661,21.5,81.5
493662,21.5,81.2
493663,21.5,81.2
493770,21.5,81.5
493773,21.5,81.5
493776,21.5,81.5
493778,21.5,81.5
493881,20.58028,81.5143
493885,21.5,81.5
493887,20.50045,81.55447
493888,21.0293355,81.86955
493889,21.5,81.5
493890,21.5,81.5
493891,21.5,81.5
493992,21.5,81.5
493996,21.5,81.5
494001,19.073,82.005
494010,19.1505,81.54525
494111,18.432099,81.555
494114,17.9817074,81.310908
494115,18.662905,81.697779
494122,18.3484,81.35
494220,19.4355,81.296
494221,19.6309,82.1326
494222,19.2112,82.14733
494223,19.13,81.568
494224,19.1764,81.914
494226,19.4974,81.5141
494228,19.81354,81.63415
494229,19.7201585,81.659835
494230,19.9743,81.4389
494237,19.58935,81.61892
494331,20.083057,81.5814
494332,20.3008,81.5242
494333,20.449238,81.61
494334,20.2163,81.490921
494335,20.29619,81.659866
494336,20.370533,81.42448
494337,20.48442645,81.35
494347,20.0534,81.7772
494441,19.0025,81.363
494442,19.0183,81.849
494444,18.7805,80.821
494446,18.82,80.33
494447,18.5222,80.7699
494448,18.767,80.5461
494449,18.84,81.36
494450,19.01453,81.031665
494552,18.746,81.37
494553,18.775,81.28
494556,18.6255,81.245
494635,20.306215,81.03492
494661,19.654647,81.2028125
494662,19.4387,81.1744
494665,20.0519,80.930811
494669,20.097903,81.04153
494670,20.3090639,81.295
494771,20.1545,80.60925
494776,20.02348,81.62135
494777,19.8057015,80.656382
495001,22.08650708,82.1507883
495002,22.086649,82.144576
495003,22.1070756,82.0475175
495004,22.05943,82.16828
495006,22.09492562,82.181736
495009,22.1712555,82.14573
495112,22.2150395,82.0313965
495113,22.290797,81.969846
495115,22.2709005,81.641865
495116,22.44325585,82.05160835
495117,22.739491,81.874337
495118,22.99938785,82.05516625
495119,22.786685,82.0226415
495220,22.0132,82.060904
495222,22.0005319,82.063904
495224,21.933137,82.090618
495330,22.136799,81.863413
495334,22.068542,81.6617225
495335,22.010712,81.852488
495442,22.28410194,82.15918929
495444,22.462893,82.561011
495445,22.5133705,82.496657
495446,22.274227,82.54699
495447,22.4037905,82.610303
495448,22.653398,82.537522
495449,22.3769375,82.326198
495450,22.42082,82.653507
495452,22.3543,82.642445
495454,22.3464935,82.6373975
495455,22.38361,82.64884
495550,22.053266,82.294987
495551,21.859999,82.285485
495552,22.0512715,82.404162
495553,21.94068,82.432724
495554,21.83404,82.4469899
495555,22.13146,82.290382
495556,21.7916955,82.5429305
495557,21.782585,82.665203
495559,22.1437085,82.5036965
495660,21.907451,82.732017
495661,21.757927,82.815586
495663,21.927961,82.346435
495668,21.935215,82.586198
495669,22.03593,82.607821
495671,22.052791,82.669103
495674,22.26771,82.919229
495677,22.35720372,82.706585
495682,22.336414,82.7321
495683,22.363347,82.81623
495684,22.587593,82.74853
495686,21.9722905,82.766248
495687,22.032773,82.8168295
495688,21.816803,83.084453
495689,22.0199265,82.9508275
495690,21.860842,82.851946
495691,21.834623,82.978381
495692,21.789605,83.1715995
495695,21.9411255,83.0522465
496001,21.8856486,83.4133038
496005,21.927519,83.35322187
496100,21.7959581,83.3174755
496107,22.0924985,83.5027621
496108,22.114658,83.461456
496109,22.059047,83.340651
496111,22.1581779,83.3474353
496113,22.30543,83.58463735
496115,22.4123533,83.50446935
496116,22.4405638,83.1943724
496118,22.58234025,83.429335
496220,22.4886309,83.6906836
496223,22.6548445,83.7305392
496224,22.9493614,83.6388332
496225,22.7829402,83.9135452
496227,22.50063105,83.9737475
496242,22.4858268,83.82213725
496245,22.383624,83.8844068
496330,23.0780402,83.9929431
496331,22.8546863,84.13789375
496334,22.7574085,84.1044756
496336,23.088317,83.80835
496338,22.903761,84.3200184
496440,21.75859605,83.3917849
496445,21.56625985,83.0443811
496450,21.6845545,83.1085976
496551,21.5342841,83.2867217
496554,21.6358766,83.3492848
496661,21.9834197,83.1380954
496665,22.119406,83.1354144
497001,23.175378,83.191903
497101,23.10731335,83.431605
497111,22.820575,83.476564
497114,22.707564,83.4720165
497116,22.982977,83.0878665
497117,22.89307,82.935097
497118,23.3645016,83.509636
497119,23.519744,83.7677148
497220,23.852059,83.470425
497223,23.5003066,83.203664
497224,23.32492435,83.92183655
497225,23.8526315,82.83914891
497226,23.1899805,82.959676
497229,23.147847,82.86926
497231,23.4609995,82.8007945
497235,23.3655035,82.979303
497331,23.297466,82.716251
497333,23.068643,82.721423
497335,23.2417345,82.5601795
497339,23.4663103,82.49964
497442,23.371818,82.202799
497446,23.193095,82.196255
497447,23.1899035,82.1612475
497448,23.177571,82.19812
497449,23.0869145,82.35380935
497450,23.101204,82.385047
497451,23.19107,82.354815
497553,23.170115,82.369097
497555,23.170373,82.359938
497557,23.189453,82.383141
497559,23.17829344,82.3160798
497773,23.352195,82.352195
497778,23.714171,81.790791
500001,17.387993,78.47652
500002,17.368663,78.477662
500003,17.44128087,78.4952238
500004,17.40357655,78.46572539
500005,17.316418,78.45616667
500006,17.50069,78.68433345
500007,17.41680556,78.52829167
500008,17.419626,78.42461111
500009,17.46871576,78.48985845
500010,17.50470567,78.51643328
500011,17.4662565,78.47262
500012,17.37478,78.46977
500013,17.395699,78.5280541
500014,17.539,78.51830556
500015,17.48249067,78.51153606
500016,17.440375,78.46345834
500017,17.43663889,78.53573612
500018,17.60577489,78.57286795
500019,17.47817,78.319599
500020,17.41795388,78.50536337
500022,17.4085,78.47066667
500023,17.362417,78.486491
500024,17.37544,78.49253
500026,17.44834527,78.50791773
500027,17.39261035,78.49680255
500028,17.400378,78.4519595
500029,17.66544444,78.78558333
500030,17.3285085,78.396893
500031,17.376416,78.391155
500032,17.57409322,78.47378522
500033,17.430006,78.3925634
500034,17.420381,78.448905
500035,17.3597737,78.5360595
500036,17.373305,78.50867233
500037,17.48813889,78.44702778
500038,17.58727734,78.58967456
500039,17.40528,78.583211
500040,17.4527647,78.5542909
500041,17.4184752,78.4614198
500042,17.3931389,78.4762778
500043,17.61875,78.38471945
500044,17.3979905,78.5074135
500045,17.44469644,78.42668467
500046,17.455342,78.325743
500047,17.60015035,78.71012924
500048,17.361969,78.427271
500049,17.48322504,78.43168842
500050,17.82961111,78.548
500051,17.471644,78.603079
500052,17.3124265,78.427411
500053,17.339975,78.47336665
500054,17.50258333,78.44138889
500055,17.50949722,78.44973334
500056,17.62047439,78.72122136
500057,17.421591,78.448018
500058,17.33558,78.50194
500059,17.3563009,78.5051118
500060,17.3681042,78.53062777
500061,17.4183728,78.5189917
500062,17.62545306,78.74467372
500064,17.357334,78.455453
500065,17.3524461,78.4685422
500066,17.368344,78.470764
500067,17.50844932,78.47433997
500068,17.355805,78.57739
500069,17.264084,78.485793
500070,17.3211944,78.5736667
500072,17.49278989,78.39661175
500073,17.4316097,78.4467863
500074,17.3488978,78.5507472
500075,17.38471,78.309172
500076,17.4275905,78.549694
500077,17.310841,78.438611
500078,17.54673023,78.53775663
500079,17.33123,78.52612
500080,17.4194213,78.491156
500081,17.441637,78.391092
500082,17.418544,78.456956
500083,17.49487274,78.5951383
500084,17.471471,78.363178
500085,17.55494765,78.53063426
500086,17.348608,78.377033
500087,17.4710792,78.4835915
500088,17.4097,78.65086231
500089,17.389898,78.356508
500090,17.5178765,78.3825
500091,17.365993,78.395122
500092,17.42022,78.58452
500094,17.489789,78.54124
500096,17.415772,78.410858
500097,17.3276295,78.531372
500098,17.40909,78.60141
500100,17.54916057,78.46707541
500101,17.57038932,78.5377427
500102,17.367147,78.551365
500103,17.4881926,78.57325162
500104,17.413858,78.383241
500106,17.37741188,78.35477395
500108,17.237268,78.430785
500109,17.399297,79.44843
500110,17.420564,78.402523
500111,17.434672,78.3457802
500112,17.30505,78.525178
500113,17.0653225,78.486455
500114,17.456086,78.422117
500117,17.51906,78.410565
500118,17.5386788,78.3642651
500901,17.38788,78.47661
500903,17.441183,78.495368
500915,17.478341,78.51469
500918,78.44747222,17.45655556
500920,17.4227027,78.5056033
500927,17.395,78.494
500930,17.324,78.4
500931,78.66083333,17.5355
500934,78.43588889,17.41722222
500939,17.402,78.561
500955,17.520803,78.4444832
500958,17.335,78.501
500962,17.465763,78.570671
500970,17.336,78.569
500972,17.4924462,78.3966143
500984,78.5118889,17.4739167
500989,78.3705889,17.4156429
501101,17.337188,77.907326
501102,17.3648,77.8788
501106,17.42245,77.74765466
501111,17.446,77.995025
501121,17.28516,77.734256
501141,17.27165,77.57635
501142,17.3327643,77.65514423
501143,17.205,77.4485122
501144,17.21405556,77.64838889
501158,17.304365,77.55444
501202,17.51790011,77.89732384
501203,17.4319,78.1153
501218,17.235811,78.387298
501301,17.45180556,78.68294444
501302,17.48641167,78.64837695
501303,17.52445515,78.66796368
501359,17.135492,78.46505675
501401,17.62425,78.48645
501501,17.15434664,77.80019012
501502,17.07995,77.8225
501503,17.3279,78.1198
501504,17.32582031,78.2621
501505,17.342795,78.6447585
501506,17.1351,78.6246
501508,17.1829095,78.7183575
501509,17.04032,78.638575
501510,17.23014,78.582365
501512,17.27321,78.687538
501513,17.3172825,78.660454
502001,17.8110769,78.11460056
502032,17.4822222,78.3021944
502033,17.5217257,78.32451377
502101,18.114872,78.427073
502102,18.096989,78.55588
502103,18.105264,78.843662
502107,18.1612778,78.77944
502108,18.154564,78.648759
502109,17.962041,78.2319145
502110,18.0441528,78.2595
502113,18.1098385,78.2613655
502114,18.079481,78.751923
502115,18.124441,78.363843
502117,18.020893,78.295001
502125,18.028924,78.191672
502130,18.076586,78.22925
502205,17.5050278,78.1443056
502210,17.59736842,77.69145659
502220,17.6800556,77.6105
502221,17.6612783,77.49071017
502228,17.72711623,77.59652864
502246,17.73134629,77.68845616
502247,17.988971,78.54462
502248,18.01755,78.405155
502249,17.7868753,77.58587665
502251,17.85457667,77.6279444
502255,17.9462705,78.416299
502256,17.9141802,77.6763908
502257,17.8378333,77.75697443
502267,18.1495295,78.949519
502269,17.92041323,77.91926865
502270,17.85436964,78.02340952
502271,18.06090229,77.94213534
502273,17.77321841,78.08368394
502276,18.147749,78.82778
502277,18.0125,78.9003415
502278,17.838778,78.679479
502279,17.753928,78.630086
502280,18.062,79.06551
502281,17.7658844,78.7943839
502284,17.58478839,78.12155193
502285,17.545337,78.1079167
502286,18.026881,77.7065019
502287,18.1592221,77.74980427
502290,17.94605808,77.84342228
502291,17.647238,77.93443
502293,17.75038447,77.96827613
502294,17.64031675,78.1022778
502295,17.5455285,78.030719
502296,17.67129824,78.19108532
502300,17.499641,78.237151
502301,17.87548,78.8031095
502302,17.9749,78.0244
502303,18.062425,78.046482
502305,17.48031042,78.16958722
502306,17.5721885,77.9952765
502307,17.544748,78.197555
502310,18.2282605,78.920734
502311,17.821539,78.7301115
502312,17.842964,78.793908
502313,17.75217707,78.34469554
502314,17.824455,78.12227962
502316,17.85300036,78.23111081
502318,17.65902756,77.6158075
502319,17.602743,78.308498
502321,17.65620938,77.7310214
502324,17.5189167,78.2776667
502325,17.5534722,78.3503056
502329,17.56318405,78.1676493
502331,18.04811,78.137638
502334,17.818827,78.4777
502335,17.862119,78.45912555
502336,17.766566,78.468266
502345,17.694814,77.83788
502371,18.15095639,77.8591671
502372,18.011653,78.831345
502375,18.0871625,78.964291
502381,17.950894,78.135437
502932,17.49966,78.298189
503001,18.6715,78.0937
503002,18.682979,78.10737
503003,18.7422993,78.1739044
503101,18.191845,78.401939
503102,18.24678825,78.37344555
503108,18.1052917,78.1250088
503110,18.259275,78.3007866
503111,18.320084,78.336474
503112,18.3258076,78.3361217
503114,18.38883915,78.1112008
503120,18.3026906,78.2195028
503122,18.194725,78.0291808
503123,18.26065936,78.45382585
503124,18.22808,78.1315609
503125,18.21081535,78.51603635
503144,18.41172545,78.3868835
503145,18.4101118,78.2709408
503164,18.5456314,78.24205938
503165,18.59747,78.42763495
503174,18.603825,78.210438
503175,18.6344913,78.2088907
503180,18.5329923,77.7291779
503185,18.6748534,77.8464221
503186,18.70561665,78.0501983
503187,18.36320595,77.90187385
503188,18.5839096,77.8634189
503201,18.5407388,77.9194592
503202,18.6937116,78.052145
503206,18.5981949,77.9717365
503207,18.5816343,77.78383955
503212,18.8809301,78.1701426
503213,18.7765966,78.1395166
503217,18.85607385,78.33526695
503218,18.88754933,78.3488835
503219,18.95635415,78.3809799
503223,18.79552573,78.28569309
503224,18.792356,78.280035
503225,18.813179,78.4419598
503230,18.647018,78.133392
503235,18.75115015,77.9366683
503245,18.7765549,77.9946608
503246,18.8243042,78.063064
503301,18.4494355,77.8764513
503302,18.2298028,77.9355044
503305,18.3422966,77.604196
503306,18.39874,77.7408783
503307,18.7001879,78.4384144
503308,18.83519425,78.510319
503309,18.47215065,77.65569015
503310,18.2598359,77.7984784
503311,18.79781995,78.40757205
503321,18.4646473,77.801953
503322,18.615311,78.210349
504001,19.67656765,78.5358676
504002,19.6557589,78.5483395
504101,18.9143657,78.0081207
504102,19.0261882,77.9108332
504103,19.1927671,77.9445951
504104,19.0312633,78.13342595
504105,19.0211899,78.3728456
504106,19.09308425,78.34321425
504107,18.881854,77.917403
504109,19.1549897,78.0880128
504110,19.1699807,78.2803599
504201,18.85624475,79.8001055
504202,19.0750499,78.77579195
504203,19.1153278,78.65357
504204,18.906918,79.6095007
504205,19.11862614,78.99871275
504206,18.99271388,79.15478964
504207,18.8755876,79.283101
504208,18.87898585,79.44457015
504209,18.88309715,79.4261534
504214,18.99880795,79.8226707
504215,18.9247137,79.1992988
504216,18.8491391,79.58453906
504218,19.0649375,79.361918
504219,19.07203158,79.631616
504220,19.165769,79.411243
504231,18.9888655,79.47899373
504251,19.0742778,79.4911758
504272,19.150828,79.4605441
504273,19.2244112,79.6052884
504292,19.256348,79.41521
504293,19.365021,79.18162
504294,19.2325257,79.262098
504295,19.472875,79.321796
504296,19.353045,79.4858499
504297,19.1786011,79.2704853
504299,19.4632878,79.737129
504301,18.9342593,79.46112545
504302,18.8519091,79.488807
504303,18.856977,79.504672
504304,19.40102,78.3058196
504306,19.0893194,78.2824951
504307,19.4127724,78.452459
504308,19.5366707,78.4638274
504309,19.734314,78.6710756
504310,19.0876308,78.5014759
504311,19.4177209,78.8113631
504312,19.689414,78.4227539
504313,19.3750222,78.9712451
504323,19.2744769,78.414645
504346,19.4838621,78.7419528
505001,18.43116733,79.13105367
505002,18.451266,79.124951
505101,18.183711,79.484885
505102,18.1604166,79.5573533
505122,18.2727258,79.4923855
505129,18.3173492,79.4473105
505152,18.4240831,79.465738
505153,18.48712164,79.52599145
505162,18.506556,79.448101
505172,18.6137838,79.37979555
505174,18.6012343,79.3861675
505184,18.640144,79.66352
505185,18.5062934,79.31840773
505186,18.4944483,79.2218101
505187,18.708517,79.3561407
505188,18.6614722,79.5039167
505208,18.7736667,79.4456286
505209,18.7501389,79.5142778
505210,18.723,79.4965833
505211,18.6836111,79.5405833
505212,18.6413889,79.5469444
505214,18.7341944,79.5196389
505215,18.75849415,79.48150175
505301,18.4333055,78.7644255
505302,18.454849,78.88214
505303,18.361881,78.6655535
505304,18.2982825,78.583118
505305,18.397185,78.604217
505306,18.6786521,78.71365805
505307,18.577866,78.740536
505325,18.8126945,78.6216305
505326,18.8231465,78.7104535
505327,18.7971158,78.91740227
505330,18.85857125,78.7220215
505331,18.936332,78.678166
505401,18.402185,78.992257
505402,18.32134,78.933098
505403,18.525696,78.7910915
505404,18.284012,78.712158
505405,18.319725,78.829826
505415,18.6182963,79.1543055
505416,18.6905121,79.1933906
505425,18.9189965,79.089111
505445,18.556833,78.9943765
505450,18.920416,78.5703385
505451,18.4992615,79.0724655
505452,18.7153975,78.9604975
505453,18.804222,78.786253
505454,18.95002,79.001741
505455,18.788726,78.908148
505460,18.9219,78.821604
505462,18.73726,78.696702
505466,18.075153,79.221522
505467,18.145925,79.14545
505468,18.2028505,79.3985947
505469,18.3734905,79.2230135
505470,18.3237516,79.35428245
505471,18.04451245,79.30293245
505472,18.18673825,79.25200415
505473,18.177967,79.039244
505474,18.3039167,79.28419
505475,18.3766766,79.5383633
505476,18.12104605,79.4429564
505480,18.1634766,79.3392066
505481,18.25769,79.156317
505490,18.2472516,79.3362383
505497,18.10378275,79.37143415
505498,18.20146285,79.4104502
505501,18.6268965,78.9193335
505502,18.3806869,79.4127982
505503,18.5974572,79.948189
505504,18.6916833,79.9933683
505505,18.4292033,79.3017166
505506,18.528108,80.027908
505514,18.80605745,79.39243395
505524,18.534319,78.921994
505525,18.58600385,79.25111065
505526,18.796416,79.18365
505527,18.374613,79.15626
505528,18.245551,79.055325
505529,18.834751,78.9490425
505530,18.3166175,79.073065
505531,18.618893,79.080566
505532,18.7658665,79.0713515
506001,18.00769155,79.56104355
506002,17.9893756,79.5936446
506003,17.9453012,79.5061544
506004,17.9831605,79.5264564
506005,17.898591,79.613718
506006,18.044973,79.61701
506007,18.000785,79.5881265
506008,17.96948265,79.5954964
506009,18.015331,79.55864515
506011,18.0083898,79.57232715
506013,17.973298,79.725574
506015,18.04546578,79.5377187
506101,17.598128,80.001586
506102,17.605805,79.975628
506103,17.6866,80.026212
506104,17.545892,79.8847725
506105,17.486232,79.998909
506112,17.688965,79.875053
506122,17.8348855,79.827507
506132,17.9786965,79.9081095
506134,17.8021035,79.961148
506135,17.943512,80.100133
506142,17.99246425,79.3967918
506143,17.8442036,79.4222549
506144,17.88283135,79.40324275
506145,17.9376633,79.2962233
506146,17.65789518,79.43255742
506151,17.9503245,79.3831235
506163,17.589289,79.6788565
506164,18.1981929,79.7017406
506165,18.33893901,80.43025967
506166,17.912117,79.593262
506167,17.7244167,79.1523611
506168,34.8569,65.9869
506169,18.471365,80.06199
506170,18.371784,79.75871295
506172,18.21965,80.529875
506175,17.7605,79.14196805
506201,16.126,78.548
506221,17.79668245,79.03459584
506222,17.588327,79.462596
506223,17.92522643,78.97093688
506224,16.571,78.6385
506244,15.222,77.62
506252,17.7446691,79.3983277
506301,17.81291917,79.33366469
506302,17.569035,79.36395
506303,16.3287414,73.19986
506310,17.85698225,79.633521
506313,17.791845,79.5686875
506314,17.67969,79.584092
506315,17.387222,79.87214
506316,17.729164,79.476757
506317,17.606682,79.5617195
506318,17.531296,79.564568
506319,18.144925,79.727785
506324,17.4814195,79.7351715
506325,17.51,79.804444
506329,17.87338455,79.72285135
506330,17.935367,79.706009
506331,17.95259365,79.8028987
506332,17.868246,79.8769015
506333,17.98377875,79.81983765
506342,18.02454415,76.065665
506343,18.1662582,79.9346789
506344,18.1789421,80.3116943
506345,18.3048447,79.89524
506347,18.19098656,80.1797676
506348,18.2499572,79.77276
506349,18.117661,79.79649
506350,18.0590797,79.86274431
506352,18.14759755,79.994527
506355,16.9885,78.979
506356,18.41610565,79.62801825
506365,17.775938,79.705312
506366,18.3120629,79.61865435
506367,17.5627814,79.08455
506368,17.59735,79.788782
506369,17.7613215,79.7763815
506370,17.99973845,79.53268072
506371,18.0745865,79.5101885
506381,17.421486,80.089468
506391,18.2008052,79.63238845
507001,17.4026389,80.2353333
507002,17.32028169,80.1983362
507003,17.2472638,80.1514307
507101,17.5435556,80.6184444
507103,17.4543114,80.6493296
507111,17.6666389,80.8870833
507112,17.558018,80.778896
507114,17.60697,80.823679
507115,17.6226045,80.70367555
507116,17.850925,80.8156224
507117,17.981067,80.74566
507118,17.5909135,80.6331579
507119,17.4844167,80.6514167
507120,17.4852666,80.5764695
507122,17.4827,80.30128
507123,17.59915,80.3426
507124,17.612345,80.3157297
507125,17.5218056,80.6268056
507126,17.864636,80.4799395
507127,17.5855332,80.4436805
507128,17.69985,80.82755
507133,18.10204,80.87466
507136,18.2963705,80.5505656
507137,17.8405785,80.9243745
507140,18.0171729,80.86716135
507154,17.5963267,80.6819428
507157,17.20997,79.89311
507158,17.14912949,80.06576727
507159,17.212,79.9573
507160,17.10185,80.02553
507161,17.33605,79.8809
507163,17.30975,80.0765339
507164,17.09654,80.76092
507165,17.19177673,80.35750331
507166,17.331093,80.4713175
507167,17.211675,80.4242966
507168,17.333559,80.4402894
507169,17.0367341,80.07173
507170,17.28125,80.17985
507171,17.389,80.6411
507182,17.78361,80.302152
507183,17.34964,80.0071
507201,16.82284839,80.47280201
507202,16.89345,80.54017
507203,16.9233012,80.3630725
507204,17.044022,80.299992
507208,17.12469074,80.20841576
507209,17.2012565,80.524305
507210,17.48703908,80.14357481
507211,18.04606426,80.73390254
507301,17.33339,81.144318
507302,17.197684,80.6686944
507303,17.2132677,80.83760125
507304,17.0110836,80.3714246
507305,17.2381389,80.2532672
507306,17.2721965,81.009211
507315,17.379348,80.7736395
507316,17.26235,80.69135
507318,17.2401912,80.20168915
508001,17.05609865,79.2733273
508002,17.0543767,79.2722266
508004,17.0163965,79.1746625
508101,17.60372995,79.12136495
508105,17.7282799,78.9478583
508111,17.4861433,79.1591283
508112,17.3815196,79.0642905
508113,17.30393785,79.1224392
508114,17.1915972,79.0739693
508115,17.6438299,78.8852783
508116,17.5215278,78.89425
508117,17.5648733,78.831485
508126,17.49355995,78.77081325
508201,16.9207743,79.7499916
508202,16.60686297,79.30332963
508204,16.8651477,79.8545561
508205,17.2011882,79.3113333
508206,16.995337,79.972755
508207,16.8704167,79.5683889
508208,16.8554144,79.5521706
508210,17.2877359,79.40117645
508211,17.156055,79.4568636
508212,17.22982035,79.78938045
508213,17.1381869,79.6213477
508214,17.09859605,79.67590415
508217,16.9745608,79.5567644
508218,16.8582248,79.6927336
508221,17.3299744,79.6985503
508223,17.48006795,79.46131315
508224,17.27771555,79.55786465
508233,17.052484,79.83772065
508234,17.0855599,79.8656759
508238,16.9340805,79.9254539
508243,16.6829183,79.0064798
508244,17.12405,79.1216146
508245,16.9514195,78.8774142
508246,16.8193054,79.98798645
508247,17.02427055,79.3764786
508248,16.7294604,78.8705854
508250,16.8542706,78.8135016
508252,17.274566,78.9004135
508253,17.1045033,78.9093708
508254,17.2165501,79.2142519
508255,16.98167726,79.06042157
508256,16.88187795,79.12895715
508257,16.7884183,79.0378152
508258,16.6176963,78.7567365
508266,16.70808385,79.19814145
508277,17.4639451,79.2640428
508278,16.83383015,79.3865441
508279,17.39788995,79.49710015
508280,17.4219313,79.6262824
508284,17.3454,78.8241
508285,17.424943,78.9549722
508286,17.5510033,79.00811
508355,16.7452,79.6118285
508373,16.8649525,78.9452021
508374,17.0442001,79.5522868
508376,17.1966909,79.56819905
508377,16.8301,79.3188
509001,16.743694,77.991257
509002,16.753122,78.00055295
509102,16.08893335,78.346875
509103,16.3646111,78.06475
509104,16.2055,77.99425
509105,16.0737222,78.2564444
509106,16.3995243,77.9569652
509110,16.4256111,77.8128889
509120,17.0912222,78.0844444
509125,16.237774,77.804226
509126,15.89094688,77.82620712
509127,16.02851715,77.64612235
509128,16.00471265,77.9126089
509129,16.0889125,77.5271281
509130,16.37583419,77.77430361
509131,16.338677,77.80803265
509132,16.2374287,77.7963305
509133,16.2376254,77.791962
509135,15.9505045,77.8405442
509152,15.8886209,78.1109282
509153,15.946099,78.038623
509201,16.3763056,78.8322778
509202,16.9491389,78.1829722
509203,16.5300556,78.2254444
509204,16.6122357,77.8478653
509205,16.639914,77.6306477
509206,16.3965278,78.1433889
509207,17.0975278,78.0379722
509208,16.45324835,77.51856235
509209,16.4854722,78.3159444
509210,16.7402356,77.4978297
509215,16.4041389,77.9417222
509216,17.0686389,78.2079722
509217,17.4739167,78.5118889
509219,16.528095,77.8764916
509228,17.1485278,78.2871111
509235,16.4277222,78.2405
509301,16.7552222,78.1437778
509302,16.7806389,78.1397778
509311,16.5905833,77.516342
509320,17.139743,78.38546895
509321,16.8523611,78.5316944
509324,17.41871735,80.87171835
509325,17.1374167,78.3199167
509326,16.0742222,78.0315556
509327,16.8501111,78.6888056
509328,17.4817,78.4096
509334,16.8345245,77.91225685
509335,16.9905382,77.8644271
509336,17.0324844,77.5300928
509337,16.908173,77.8557116
509338,17.1494716,77.66642
509339,16.9871395,77.7097976
509340,16.84050271,78.15133669
509349,16.6092222,78.62425
509350,17.05388305,77.70959775
509351,16.5977339,77.7286284
509352,16.4216155,77.35312125
509353,16.5099816,77.607049
509357,16.7434167,78.3229167
509358,16.98475,78.4995278
509360,16.9716667,79.7827222
509371,16.7785856,77.7577422
509375,16.39975,78.63975
509376,16.4566389,78.5951944
509380,16.68141385,78.00183075
509381,16.7490833,77.9942222
509382,16.70095375,78.04398505
509385,16.4426667,78.4605833
509401,16.21494,78.3527
509406,16.6673333,78.1907778
509407,16.84519825,77.52262305
509408,16.3615,78.197
509409,16.5543256,77.79238755
509410,17.0873056,78.1233889
509411,16.83549,77.6160165
509412,16.29825,78.3600278
515001,14.67746938,77.59232125
515002,14.64,77.5414
515003,14.62704165,77.62442945
515004,14.6883611,77.58
515005,14.68,77.59
515101,14.27266667,77.62716667
515110,14.08616667,77.59580556
515122,14.00852778,77.60836111
515123,14.09372222,77.42794444
515124,14.04483333,77.54455556
515133,14.18708333,77.76783333
515134,14.29025556,77.76718889
515144,14.19886111,77.80097222
515154,14.27180556,77.97241667
515159,14.6756,77.586
515164,14.19016667,77.63408333
515201,13.826869,77.494508
515202,13.8299,77.49
515211,13.76602778,77.48988889
515212,13.85597222,77.48019444
515231,13.98333333,77.77094444
515241,13.89591667,77.70366667
515251,13.97166,77.6715872
515261,13.88936111,77.46594444
515271,14.6756,77.586
515281,14.13111111,76.97713889
515286,14.02672222,76.99305556
515291,13.90861111,77.29430556
515301,13.94052778,77.26569444
515303,13.94077778,77.26947222
515305,13.97566667,77.37236111
515311,14.6756,77.586
515321,13.84230556,77.10155556
515331,13.80286111,77.60919444
515341,13.83944444,77.67052778
515401,15.1451389,77.515
515402,15.05,77.63
515405,15.035,77.49
515408,15.575,77.205
515411,14.910956,78.004707
515413,14.9397222,78.0186944
515414,14.69,77.74
515415,14.932,78
515425,14.59,77.6
515435,14.67,77.435
515445,14.893,77.912
515455,15.065,77.645
515465,14.67,78.07
515501,14.23452778,78.04469444
515511,14.35075,77.997
515521,14.06247222,78.26680556
515531,14.068,77.95677778
515541,14.14372222,78.15072222
515551,13.98777778,78.18127778
515556,13.88861111,78.02166667
515561,14.02558333,78.00011111
515571,13.90969444,78.19144444
515581,14.24133333,78.25933333
515591,14.11688889,78.15638889
515601,13.83844444,77.75272222
515611,15.32,77.51
515621,14.35106667,77.34533333
515631,14.56097222,77.85722222
515641,14.447,77.52580556
515651,14.33566667,77.71513889
515661,14.51502778,77.76661111
515671,14.41236111,77.72305556
515672,14.423,77.71455556
515701,14.72,77.712
515711,13.47,76.405
515721,14.58643055,77.535
515722,14.52,77.564909
515731,14.8,77.59
515741,14.71,77.2123
515751,14.6,77.47
515761,14.55,77.03
515763,14.6,77.04
515765,14.36,77.23
515766,14.2,76.87
515767,14.32,76.75
515774,14.85570835,77.43691665
515775,15.02,77.555
515787,14.4677235,77.2537619
515801,15.16869444,77.37366666
515803,15.15,77.376654
515812,15.36,77.26
515822,14.915,77.26118055
515832,15.12,77.30745835
515842,15.545,77.32883335
515863,14.5650278,76.76
515865,14.81,76.76
515867,14.6841389,76.21
515870,15.16,76.73
515871,14.925,76.42
515872,15.0294005,76.81498035
516001,14.48299297,78.8202728
516002,14.4797197,78.8663964
516003,14.47525,78.79
516004,14.44315905,78.83198765
516005,14.48,78.71
516101,13.95169445,79.34869445
516104,14.1718889,79.3308611
516105,13.9978889,79.3105
516107,14.1238333,79.2084167
516108,14.0378333,79.2631111
516110,14.0895278,79.3135
516115,14.197575,79.16001
516126,14.224588,79.1020224
516127,14.4786,78.8221
516128,14.4786,78.8221
516129,14.4786,78.8221
516130,13.9816,78.9147
516150,14.2696666,79.1059709
516151,14.3271894,79.2078578
516152,14.32713115,79.0737224
516162,14.5450204,78.79313
516163,14.59540165,78.79310623
516172,14.7232222,78.72457625
516173,14.7814438,78.7716772
516175,14.8401391,78.6430053
516193,14.99,78.98
516203,14.6408514,78.7626747
516213,14.4017267,79.0244217
516214,13.9411944,78.6786389
516215,13.92194,78.79595
516216,14.4814993,78.700148
516217,15.1,78.93
516218,14.43615,78.5361083
516227,14.7351944,79.0620556
516228,14.83,79.03108335
516233,14.68,79.12
516237,14.48,78.93
516247,14.4117788,78.97
516257,14.1852222,78.698
516259,14.2244504,78.4934856
516267,14.0213333,78.5467778
516268,14.1577228,78.8572515
516269,14.0684212,78.7527913
516270,14.0707778,78.7523611
516289,14.556666,78.6325744
516293,14.5631731,78.7112875
516309,14.6076766,78.537415
516310,14.647255,78.4695683
516311,14.598992,78.516877
516312,14.71554,78.471935
516321,14.4721233,78.4534883
516329,14.3728333,78.480938
516330,14.4206944,78.2265
516339,14.5378889,78.5354722
516349,14.3642716,78.3209166
516350,14.38918065,78.3888583
516355,14.68302,78.6427612
516356,14.7307599,78.6610665
516359,14.8645026,78.5770802
516360,14.74727833,78.54830873
516361,14.7535301,78.54347935
516362,14.73775,78.61528105
516380,14.6877778,78.3933055
516390,14.9221308,78.2210534
516391,14.422256,78.2210534
516396,14.4983747,78.10413645
516401,14.58446095,78.2487963
516411,14.8968422,78.4465545
516421,14.5167196,78.308082
516431,14.86466832,78.3640989
516432,14.9725,78.2516111
516433,14.921357,78.33781345
516434,14.8432836,78.38234425
516439,14.854052,78.3337759
516444,14.75195945,78.25785195
516454,14.60375775,78.1294722
516464,14.70580551,78.15130551
516474,14.18941661,77.8148611
516484,14.5348333,78.1970556
516501,14.595,79.0435139
516502,14.74,78.9923889
516503,14.86,78.91
516504,14.23012665,78.74383515
516505,15.005,79.03
517001,13.21573885,79.09534222
517002,13.1925,79.12315
517004,13.2271,79.12315
517101,13.5874722,79.2912222
517102,13.6065857,79.3146405
517112,13.417376,79.115972
517113,13.578151,78.989311
517123,13.54644931,78.90745139
517124,13.3839,79.0821
517125,13.23316222,79.18175111
517126,14.6613,79.028
517127,14.6613,79.028
517128,14.4204,79.1205
517129,13.27742558,78.96178291
517130,14.2205,77.9286
517131,14.1559,77.9249
517132,13.05044778,79.17087722
517152,13.472453,79.036307
517167,13.3048,79.3557
517172,13.581659,79.090547
517192,13.67072,79.04501
517193,13.6498056,79.0865
517194,13.6535556,79.1566667
517213,13.7349722,78.8490833
517214,13.6561389,78.964541
517234,13.6245497,78.80558455
517235,13.772452,78.79059
517236,13.8269167,78.7880556
517237,13.5286944,78.9303889
517247,14.5057,77.8985
517257,13.550011,78.499989
517277,13.643,78.7058056
517280,13.55856667,78.59723611
517291,13.6935556,78.6278056
517297,13.7815833,78.5886667
517299,13.6380833,78.6312778
517305,14.4165833,77.0571667
517319,13.11928,78.7631
517325,13.55405115,78.50168326
517326,14.0987,78.3306
517350,13.6522,78.4817
517351,13.550014,78.4249923
517352,13.63330556,78.45066667
517370,13.6228835,78.2589874
517390,13.8013,78.26173333
517391,13.71270833,78.20749028
517401,12.89998737,78.48558586
517403,13.1009,79.1842
517408,13.20106436,78.74644844
517414,13.550008,78.499968
517415,13.2055529,78.746058
517416,13.19620185,78.91329583
517417,13.4726735,78.4398633
517418,13.82200222,78.44908111
517419,13.2031,79.1596
517421,13.8709,78.06
517422,13.1592,79.0399
517423,14.5315,77.6917
517424,13.00215611,78.48508944
517425,12.7477,78.3424
517426,13.9924,77.627
517429,13.8709,78.06
517432,13.1495,78.6763
517501,13.6291667,79.4265278
517502,13.37853815,79.53506095
517503,13.6097778,79.4474722
517504,13.67778,79.349268
517505,13.4313848,79.12261705
517506,13.6373611,79.4775556
517507,13.63831945,79.4065278
517508,13.4835084,79.33345005
517509,13.6536403,79.4586764
517510,13.3757,79.25213
517520,13.65928975,79.50281825
517526,13.6089444,79.5528333
517536,13.8668889,79.7199167
517541,13.5991944,79.9332778
517551,13.5496389,79.5241389
517561,13.5647222,79.4066667
517569,13.44,79.31
517571,13.4818056,79.5179167
517581,13.4238333,79.5895278
517582,13.380841,79.412536
517583,13.43759725,79.55318055
517584,13.39407,79.55583
517586,13.259198,79.7153465
517587,13.4054237,79.7241585
517588,13.4365556,79.95625
517589,13.4927445,79.5931525
517590,13.32797,79.608917
517591,13.348226,79.6703715
517592,13.317818,79.586006
517599,13.2017,79.3724
517619,13.6636249,79.613713
517620,13.8243056,79.5852778
517640,13.7511389,79.6893889
517641,13.7051944,79.6598056
517642,13.7765278,79.73175
517643,13.6614167,79.7499167
517644,13.7501862,79.7038649
517645,13.701546,79.849845
517646,13.77,79.59
518001,15.83245983,78.05074022
518002,15.81201752,78.04212478
518003,15.83213889,78.02688889
518004,15.83920146,78.04619172
518005,15.836434,78.031715
518006,15.78169444,78.06316667
518007,15.80177778,78.04855556
518010,15.6845,78.1785
518101,16.07008333,78.87219444
518102,16.08077778,78.90597222
518112,15.54719445,78.30431945
518122,15.2079167,78.1171944
518123,15.0754722,78.1065278
518124,15.3167222,78.2257778
518134,15.228091,78.317578
518135,15.2061667,78.4489722
518145,14.9868333,78.3913333
518155,15.6293889,78.0751667
518165,15.1449444,78.2978611
518166,15.0598889,78.2071111
518176,15.4236667,78.3190833
518186,15.4455278,78.2822778
518196,15.1617778,78.2050833
518206,15.50013889,78.21080556
518216,15.55011111,77.91861111
518217,15.57283333,78.00066667
518218,15.63511111,77.9725
518220,15.28280556,77.90061111
518221,15.2355,77.73844444
518222,14.67005556,77.60177778
518225,15.558273,77.831861
518301,15.62054167,77.26875
518302,15.630225,77.294307
518308,15.59269444,77.14452778
518313,0,0
518323,15.74280556,77.30275
518333,15.88733333,77.11955556
518343,0,0
518344,15.77363889,77.13769444
518345,15.922494,77.446402
518346,15.48797222,77.04841667
518347,15.47658333,77.38902778
518348,15.33172222,77.15683333
518349,15.949146,77.30056
518350,15.68769444,77.48525
518360,15.77506944,77.46906945
518380,15.39302778,77.50408333
518385,15.24813889,77.41677778
518390,15.31347222,77.54488889
518395,15.398444,77.224715
518396,15.28313889,77.28791667
518401,15.81911111,78.01894444
518405,15.77011111,78.28936111
518411,15.92738889,77.28813889
518412,15.91530556,78.36997222
518422,15.77235,78.4018
518432,15.81505556,78.20072222
518442,15.83913889,78.49272222
518452,15.77763889,78.14502778
518462,15.81969444,77.67130556
518463,15.71469444,77.59611111
518464,15.11316667,77.1185
518465,15.53702778,77.54886111
518466,15.77429,77.806842
518467,15.754947,77.904112
518468,15.4142845,77.681083
518501,15.489826,78.487541
518502,15.4946667,78.4905833
518508,15.67936111,78.42736111
518510,15.5117,78.4756
518511,15.5117,78.4756
518512,15.4915833,78.5731667
518513,15.6250556,78.53625
518523,15.5827778,78.5234722
518533,15.72263889,78.56669444
518543,15.5117,78.4756
518553,14.9623333,78.5831944
518563,15.35,78.52
518573,15.3061111,78.45625
518583,15.38,78.61
518593,15.4248056,78.4538611
518594,15.2411667,78.6046389
518598,15.40925,78.07291667
518599,15.45125,78.419
518674,15.3565833,78.4169167
520001,16.52109588,80.61697045
520002,16.5113611,80.63651385
520003,16.52215557,80.62629257
520004,16.51890835,80.6422778
520007,16.5003056,80.6748524
520008,16.5182778,80.67025
520010,16.5065694,80.63918055
520011,16.51244445,80.6319278
520012,16.5356846,80.6122562
520013,16.5056111,80.62325
520015,16.539261,80.650648
521001,16.19302778,81.13877778
521002,16.19804166,81.14152778
521003,16.16838415,81.12128899
521004,16.136902,81.099842
521101,16.565761,80.7926635
521102,16.52224005,80.77803295
521104,16.50825,80.747548
521105,16.65,80.97
521106,16.57,80.96270835
521107,16.545548,80.7286845
521108,16.5174436,80.69329165
521109,16.600009,80.8917222
521110,16.633856,80.914839
521111,16.7272995,80.904328
521120,15.94775,80.91641667
521121,16.02008333,80.91555556
521122,16.03069444,80.929
521125,16.06697222,70.92572222
521126,16.11583333,80.93155556
521130,16.08227778,80.98855556
521131,16.130309,80.965924
521132,16.18366667,80.90136111
521133,16.16975,80.94636111
521134,16.42076875,80.6465094
521135,16.22455556,80.91502778
521136,16.25817448,80.91305956
521137,16.4791944,80.7079167
521138,16.27041091,80.9243239
521139,16.4621667,80.7169722
521148,16.39,80.9256944
521149,16.21704259,81.08303547
521150,16.19894444,81.00416667
521151,16.43020495,80.7591966
521153,16.4321389,80.7945556
521156,16.25866667,81.023
521157,16.32152506,80.96027128
521158,16.27030556,80.99669444
521162,16.17838627,81.03729874
521163,16.3315455,80.78855035
521164,16.42175,80.8589722
521165,16.35823805,80.830121
521170,16.823006,80.40391235
521175,16.921602,80.118643
521178,16.857546,80.187123
521180,16.648645,80.3793965
521181,16.769507,80.452948
521182,16.66,80.225122
521183,16.657464,80.2781555
521184,16.782015,80.330569
521185,16.732552,80.3077555
521190,16.903007,80.25711285
521201,16.78937007,80.84864759
521202,16.79,80.83
521207,16.82,80.94194445
521211,16.68448795,80.78353535
521212,16.59378,80.722619
521213,16.89,80.91
521214,17.03,80.86
521215,16.9342222,80.74
521224,16.55619,80.56934
521225,16.53993055,80.5783472
521226,16.9261675,80.640533
521227,16.9851111,80.6553611
521228,16.62724485,80.5607745
521229,16.6938475,80.58540245
521230,16.769266,80.636182
521231,16.31,80.39
521235,17.061923,80.572756
521241,16.58310405,80.558313
521245,16.3971111,80.8174444
521246,16.235017,81.0083335
521247,16.260421,80.8390585
521250,16.270278,80.868377
521256,16.3562045,80.893255
521260,16.4861885,80.83934145
521261,16.41,80.9036111
521263,16.44,80.95
521286,16.577455,80.8400833
521301,16.43146815,80.99385685
521311,16.46019445,80.8931111
521312,16.518444,80.89
521320,16.3787,81.360617
521321,16.52,80.99
521322,16.385,80.9887265
521323,16.4538472,81.0482361
521324,16.375,81.2692778
521325,16.43,81.11019445
521326,16.5195,81.11
521327,16.51,81.04
521328,16.0124592,81.039318
521329,16.41,81.18
521330,16.3738375,81.03270835
521331,16.33361111,81.07625
521332,16.30044444,81.05111111
521333,16.54887205,81.21006945
521340,16.58,81.29
521343,16.4768889,81.22
521344,16.47,81.33
521345,16.51,81.1568333
521356,16.3455,81.05191667
521366,16.25386111,81.14009722
521369,16.31102778,81.215
521390,16.3533611,80.966625
521401,16.997028,80.43508015
521402,16.9589135,80.263641
521403,16.99875,80.519911
521456,16.608996,80.435136
521457,16.8267755,80.14171185
522001,16.4860556,80.7355833
522002,16.3084887,80.43814775
522003,16.47272223,80.73830557
522004,16.49506945,80.7024861
522005,16.287419,80.370737
522006,16.32320835,80.4144028
522007,16.3171587,80.42989405
522008,16.314427,80.429925
522009,16.330738,80.351581
522015,16.120012,80.357513
522016,16.490949,80.390626
522017,16.235149,80.413656
522018,16.4074167,80.361042
522019,16.19904,80.3336698
522020,16.574761,80.36158715
522034,16.36877,80.43662335
522101,15.90225926,80.46762963
522102,15.617411,82.9846
522111,15.94116667,80.54661111
522112,16.0510352,80.421524
522113,15.97630556,80.42563889
522124,16.06831945,80.54825
522201,16.23415422,80.65105387
522202,16.237615,80.6403865
522211,16.23930556,80.61186111
522212,15.927,79.741
522213,16.23961111,80.5855
522233,16.1518,80.2461
522234,16.21395,80.18915
522235,16.0677379,80.33454
522236,16.490797,80.439606
522237,16.518049,80.502448
522238,16.5269,80.5112
522239,16.263386,80.6831794
522240,16.453231,80.526481
522241,16.495054,80.50027
522256,16.10394444,80.78447222
522257,16.11413889,80.81147222
522258,16.03636111,80.76158333
522259,16.514,80.289
522261,16.17802778,80.73947222
522262,15.96177778,80.74930556
522264,15.93605556,80.88272222
522265,16.0195463,80.83176852
522268,17.487084,78.602754
522301,16.02644444,80.16291667
522302,16.433351,80.618816
522303,16.42712,80.6420536
522304,16.27963889,80.74005556
522305,16.375544,80.666678
522306,16.29308333,80.64238889
522307,16.30613889,80.60994444
522308,16.33038889,80.65772222
522309,16.04908333,80.67813889
522310,15.98961111,80.50911111
522311,16.00805556,80.61325
522312,16.11172222,80.63891667
522313,16.1805,80.66458333
522314,15.900917,80.666865
522315,16.022869,80.542409
522316,16.10904211,80.50458711
522317,15.86983333,80.40497222
522318,16.1595,80.58411111
522324,16.18222222,80.79813889
522325,16.10733333,80.68816667
522329,15.97791667,80.62652778
522330,16.32419444,80.62905556
522341,16.06238889,80.62575
522401,16.4110945,80.2951925
522402,16.4672472,80.21565
522403,16.3970972,80.14894445
522408,16.32995,80.091249
522409,16.6784,80.12295835
522410,16.5454,80.14325
522411,16.546,79.9941
522412,16.45305,80.05875
522413,16.4607,79.909515
522414,16.6459,79.73700835
522415,16.55775,79.6434
522421,16.543,79.5057
522426,16.5032,79.3947
522435,16.60305,79.8632
522436,16.5297,80.2832
522437,16.5171667,79.7966
522438,16.3532,80.2982222
522439,16.3462222,79.5035139
522501,16.48325215,80.60167445
522502,16.45153605,80.564109
522503,16.428,80.56733
522508,16.379958,80.517468
522509,16.3401944,80.491037
522510,16.378789,80.531163
522529,16.29505,80.2295
522549,16.2482,80.1318
522601,16.23097917,80.04422225
522603,16.2453,80.005
522611,16.1563,80.10635
522612,16.4273,79.5382778
522613,16.3545,79.3278
522614,16.42466665,79.715757
522615,16.333844,79.927
522616,16.0904444,80.1665833
522617,16.193,79.895802
522619,16.10255,80.2278
522626,16.0768,80.1143
522646,16.0961,79.8348
522647,16.0522361,79.7304111
522649,16.0248,79.8217
522657,16.1286,79.6537
522658,16.2056,79.7836
522659,15.96879,79.626571
522660,15.9317222,79.74096945
522661,16.2400556,79.8333
522663,16.270298,79.619204
523001,15.49939286,80.04980556
523002,15.51520835,80.03797225
523003,15.500545,80.048634
523101,15.247442,79.980855
523104,15.22328405,80.073688
523105,15.2139196,79.902719
523108,15.139783,79.385601
523109,15.264189,79.799314
523110,15.10347,79.520777
523111,15.335719,79.643995
523112,15.1656825,79.274374
523113,15.145831,79.835535
523114,15.073657,79.7007222
523115,15.016982,79.8140833
523116,15.165051,79.6960945
523117,15.232504,79.5580525
523135,15.6964185,80.2407085
523155,15.8178092,80.348578
523157,15.8238745,80.370759
523165,15.81129415,80.33320795
523166,15.842086,80.392128
523167,15.82901845,80.18442715
523168,15.8963197,80.3356735
523169,15.963702,80.285868
523170,15.869111,80.254869
523171,16.025766,80.251647
523180,15.599138,80.161314
523181,15.7348245,80.2409053
523182,15.540562,80.129428
523183,15.673572,80.105168
523184,15.73478165,80.2807078
523185,15.8049167,80.244098
523186,15.715171,80.172129
523187,15.7796785,80.3058365
523190,15.9036126,80.2048026
523201,15.843846,79.952016
523211,15.614394,80.018985
523212,15.734199,80.027643
523213,15.7387778,79.957041
523214,15.81822255,80.1212748
523223,15.2917173,79.36484545
523224,15.333525,79.266126
523225,15.5413333,79.939227
523226,15.553123,79.840529
523227,15.415581,79.36338
523228,15.473865,79.308148
523230,15.402421,79.507424
523240,15.6053333,79.6180556
523241,15.658784,79.478381
523245,15.525062,79.532467
523246,15.551452,79.41027
523247,15.731581,79.657076
523252,15.74045335,79.78481155
523253,15.559503,79.722839
523254,15.370442,79.52126145
523260,15.92212815,80.0355665
523261,15.863166,80.06206
523262,15.556356,80.0576667
523263,15.65637835,79.9417765
523264,15.72767,79.850264
523265,15.726625,79.709849
523270,15.44185,79.779522
523271,15.33903,79.8193889
523272,15.445966,80.00509
523273,15.4152164,79.8998695
523274,15.3413485,80.0141745
523279,15.37884,79.956127
523280,15.3745,80.1136389
523281,15.07211595,79.9124395
523286,15.487159,80.1432778
523291,15.0490556,80.007797
523292,15.1352675,79.9961285
523301,15.9989985,80.114707
523302,16.1199577,79.9752665
523303,16.018686,79.9588395
523304,15.878914,79.5725865
523305,15.81,79.47
523315,15.765,79.3655278
523316,15.74002193,79.2715713
523320,15.84,79.26
523326,16.02,79.49
523327,16.055,79.32
523328,16.14,79.48
523329,15.7423611,79.2
523330,15.93,79.36
523331,15.9,79.125
523332,15.65,79.21
523333,15.65,79.08
523334,15.52,79.095
523335,15.68,78.93
523336,15.64,79.03
523346,15.45,79.12
523356,15.39,78.99
523357,15.375625,78.92755555
523367,15.3,78.89
523368,15.46,78.975
523369,15.312293,78.9765945
523370,15.57,79.1558155
523371,15.6386389,79.275
523372,15.52730555,78.965
523373,15.255,79.0001528
524001,14.4520308,79.98309897
524002,14.442217,80.048603
524003,14.4320515,79.9808123
524004,14.4259749,79.9218935
524005,14.479715,79.991056
524101,14.14494705,79.8446682
524121,13.69695,80.034921
524123,13.7851,80.11139
524124,14.17225,79.8648
524126,14.1691,79.85175
524127,13.93009722,80.04364815
524129,14.9717,79.19965
524131,14.05320275,79.77210955
524132,13.9564014,79.58112104
524134,14.10668798,79.5511996
524137,14.5103787,79.9884977
524142,14.801277,79.9885556
524152,14.763801,80.002336
524201,14.87972,79.9929722
524203,14.902074,80.026944
524221,14.9695067,79.5336338
524222,14.859439,79.4098889
524223,14.9034285,79.8936975
524224,14.8284814,79.71438645
524225,14.810638,79.790448
524226,14.878499,79.4038815
524227,14.9945556,79.423987
524228,14.816629,79.598576
524230,14.7758265,79.289156
524234,14.7368585,79.7339355
524236,14.99846505,79.3389795
524239,14.9838805,79.709487
524240,14.6887845,79.8632835
524300,14.525102,79.329651
524302,14.584959,79.346184
524303,14.5804865,79.48688095
524304,14.6947599,79.6502105
524305,14.53571315,79.88107962
524306,14.568964,79.789397
524307,14.655592,79.521765
524308,14.637263,79.729477
524309,14.47190485,79.7323932
524310,15.0161111,79.174605
524311,14.391025,80.0835
524312,14.702043,79.3347503
524313,14.527408,80.150534
524314,14.478434,80.0597785
524315,14.685813,80.0541667
524316,14.606324,80.0044047
524317,14.5738863,79.97061915
524318,14.595531,80.0688333
524319,14.588203,79.97929
524320,14.32375042,79.9239485
524321,14.2919167,79.9696207
524322,14.6113807,79.6180674
524323,14.3229107,79.9234566
524324,14.3538,79.9228
524341,14.52081739,79.56704187
524342,14.38315,79.5094
524343,14.4398,79.392
524344,14.349584,80.124844
524345,14.38409771,79.73239672
524346,14.3509167,80.030088
524347,14.3501865,80.11878
524366,14.536894,79.990939
524401,13.58809505,80.03364255
524402,14.15335,79.86805
524403,13.9834,80.11585
524404,13.7885,79.92179
524405,14.21522298,79.87436921
524406,14.1615215,79.8273479
524407,14.17878964,79.74408661
524408,14.19981847,79.5336415
524409,14.1791004,79.7443304
524410,14.09985,79.91695
524411,14.06525,80.04415
524412,14.13090841,79.86467281
524413,14.0025456,80.0709454
524414,14.28544445,79.5318739
524415,14.00254277,80.07094352
524421,14.68215,79.81915
530001,17.6988029,83.29420279
530002,17.7115089,83.30451037
530003,17.72323273,83.32640633
530004,17.720766,83.28798
530005,17.682768,83.278028
530007,17.742807,83.2638845
530008,17.7305801,83.27262745
530009,17.7346389,83.2376667
530011,17.6889722,83.2423333
530012,17.704339,83.199455
530013,17.736984,83.312861
530014,17.696269,83.32623985
530015,17.6900556,83.2253889
530016,17.7282778,83.3060694
530017,17.7368056,83.3385833
530018,17.7393056,83.2515556
530020,17.719052,83.302471
530022,17.74308935,83.32384405
530024,17.7425556,83.2939444
530026,17.6907222,83.2038056
530027,17.745826,83.221154
530028,17.7702872,83.2483274
530029,17.75969153,83.21633627
530031,17.594209,83.155815
530032,17.6537185,83.14372805
530040,17.7613611,83.2880556
530041,17.80234835,83.35164565
530043,17.7534722,83.3483611
530044,17.654365,83.2026111
530045,17.777121,83.361575
530046,17.6878611,83.1705833
530047,17.778479,83.19973
530048,17.825048,83.34812595
530049,17.70933935,83.15052445
530051,17.7999241,83.2098931
530052,17.8978815,83.355167
530053,17.690021,83.135005
530056,17.720589,83.196076
530057,17.76,83.31
530058,17.72357549,83.32650183
530059,17.866454,83.294657
531001,17.6949348,83.0017457
531002,17.6913644,83.0253353
531011,17.5407164,82.98861935
531019,17.685161,83.064997
531020,17.5718864,83.0824739
531021,17.6176702,83.0807739
531022,17.931746,83.052864
531023,17.7908024,82.967076
531024,18.076774,82.6645555
531025,17.7691916,82.80381915
531026,17.8221969,82.877522
531027,17.86648945,82.77075725
531028,17.88755165,82.8586791
531029,18.0535777,82.498567
531030,18.00578,82.936134
531031,17.650386,82.918045
531032,17.727464,82.9876858
531033,17.6166669,82.9808563
531034,17.87193205,83.0222713
531035,17.812814,83.1244722
531036,17.8222795,82.9069945
531040,18.3136673,82.49532865
531055,17.567802,82.838631
531060,17.45026665,82.8190803
531061,17.504456,82.909355
531075,17.9043916,82.96625
531077,18.1502916,82.6996833
531081,17.399513,82.6886562
531082,17.48079865,82.7413501
531083,17.4338056,82.7443767
531084,17.685909,82.372699
531085,17.5654915,82.668
531087,17.65594645,82.23445005
531105,18.0218367,82.0900765
531111,17.903567,82.41126305
531113,17.62133115,82.71626405
531114,17.746833,82.691002
531115,17.5508171,82.466816
531116,17.573118,82.491412
531117,17.5725596,82.5909874
531118,17.72062235,82.58427095
531126,17.4034449,82.6187758
531127,17.3016408,82.5720667
531133,17.859057,82.245331
531149,18.2943239,82.9122565
531151,18.2873277,82.8210699
531162,17.935191,83.4069785
531163,17.8601915,83.3884225
531173,17.827241,83.20186785
531219,17.9815115,83.30093
532001,18.2962152,83.89761523
532005,18.29661143,83.88811403
532122,18.52635816,83.63180551
532123,18.45542056,83.75178298
532127,18.44956034,83.64955193
532148,83.14225714,18.05657143
532167,18.34728821,83.75524044
532168,18.34728485,83.75524276
532184,18.4064937,83.8993952
532185,18.410918,83.899143
532186,18.28776737,83.9003333
532187,18.287777,83.9003333
532190,18.49733255,83.94283315
532195,18.51852771,84.15205505
532201,18.605507,84.237265
532203,18.60683329,84.23655502
532204,18.60683343,84.23655533
532207,18.6068331,84.2365551
532211,18.485802,83.8936944
532212,18.5771661,84.2844722
532213,18.74701998,84.0879722
532214,18.58393899,83.90353431
532215,18.76955635,84.1688611
532216,18.7709444,84.18538823
532218,18.66611101,84.36863808
532219,18.7515556,84.48711185
532220,18.74547671,84.38383638
532221,18.7745,84.41011102
532222,18.29625,83.8936944
532242,18.87152643,84.46150917
532243,18.8486661,84.5038611
532263,18.8831111,84.5829444
532264,18.90097203,84.55330551
532284,18.94605509,84.58538091
532290,18.9756667,84.58052771
532291,19.0006944,84.56741662
532292,18.95177711,84.63172203
532312,19.11711379,84.6861944
532322,19.0113611,84.69025
532401,18.28777711,83.91250714
532402,18.3418477,83.8167491
532403,18.22736712,83.79164921
532404,18.27308888,84.0048333
532405,18.33083345,84.0566673
532406,18.34152773,84.11844468
532407,18.20508527,83.68965507
532408,18.22266614,83.8701944
532409,18.14549075,83.62152769
532410,18.28205555,83.82475
532421,18.41752741,84.04580342
532425,18.43371609,83.98494969
532426,18.59225092,84.0525551
532427,18.54391647,84.01327767
532428,18.64384328,84.00169495
532429,18.37488908,84.1046944
532430,18.28533303,83.8958611
532432,18.51083018,84.03919903
532440,83.7315,18.5911
532443,83.8018,18.6816
532445,18.51912955,83.79930353
532455,18.7789435,83.88155492
532456,18.909941,83.818563
532457,18.78380556,83.93923166
532458,18.29573916,83.893657
532459,18.67072918,83.95032496
532460,83.6417,18.7376
532461,83.586,18.6337
532462,83.6774,18.63135
532474,18.4713333,84.07230553
532484,18.35239858,83.85859568
533001,16.95577738,82.22967963
533002,16.93356945,82.2329861
533003,16.9690069,82.2397262
533004,16.9659658,82.22495765
533005,16.9965,82.22187
533006,16.9616963,82.2236852
533007,16.960528,82.248674
533016,16.915,82.20855
533101,16.99690585,81.78036105
533102,17.09075,81.8228
533103,17.00945835,81.79277775
533104,17.0105,81.7724444
533105,17.0236389,81.777509
533106,17.03060555,81.8093028
533107,16.9839475,81.834105
533108,17.0291111,81.8098056
533124,16.9521,81.8252
533125,16.94120555,81.7942639
533126,16.8896,81.82295
533201,16.57801852,81.99818519
533210,16.44447222,81.973
533211,15.99480556,79.98430556
533212,16.5512335,82.16573106
533213,16.57019444,82.04819444
533214,16.58199391,81.9550128
533215,16.53230556,81.97483333
533216,13.64086111,82.10094444
533217,16.51708333,81.98852778
533218,16.54886111,81.9785
533219,16.6733113,82.1644735
533220,16.62125,82.18055556
533221,16.58197222,81.96205556
533222,17.69897222,83.28530556
533223,16.723723,81.892874
533228,16.68419444,81.94169444
533229,16.70232,81.890524
533232,16.801,81.8995833
533233,16.8,81.86
533234,16.8610278,81.89050835
533235,16.83341667,81.78688889
533236,16.78008333,81.80188889
533237,16.77844444,81.82466667
533238,15.80966667,79.97033333
533239,16.63647222,81.94933333
533240,16.57463889,81.88463889
533241,16.64791667,81.96513889
533242,16.47786111,81.83963889
533244,16.44397379,81.85033814
533247,16.701388,81.889333
533248,16.43712007,81.90556524
533249,16.50504167,81.87894445
533250,16.392338,81.804092
533251,16.42425,81.7185
533252,16.40347222,81.77913889
533253,16.40433333,81.80602778
533254,16.41959,81.840782
533255,16.8350833,82.0310833
533256,16.8327278,82.04615
533260,16.8563611,82.112375
533261,16.85,81.99
533262,16.7985,82.0877
533263,16.73855,82.11765
533264,17.27865,81.96676945
533274,16.711203,81.80975
533284,17.3759,81.8912
533285,17.30015,81.9766
533286,17.26496715,81.8808
533287,17.1868,81.6925
533288,17.4360222,81.76915
533289,17.1602,81.7983
533290,17.2109,81.7833
533291,16.9964375,81.99692
533292,17.1221,81.8285639
533293,17.0977,81.7438
533294,17.0840528,81.92125
533295,17.650545,81.71825
533296,17.04024,81.92375
533297,17.1584,81.958351
533305,16.7369,81.9957
533306,16.7147,82.0237
533307,16.79,81.93
533308,16.8669,81.9405
533309,16.7377,81.93305
533339,17.3349383,81.7003823
533340,16.90265,81.9247028
533341,16.934616,81.8924
533342,16.94719445,81.97
533343,16.9712222,82.01
533344,16.93,82.0759444
533345,16.912,82.0237
533346,16.90985,82.00087
533347,17.709541,81.393269
533348,17.92962355,81.7992002
533349,17.564535,81.38503
533350,17.59116465,81.2639955
533351,18.784,83.496065
533352,17.7002045,81.062084
533353,17.03738,81.93148
533354,17.2596,81.7514
533355,16.7354,82.03448
533401,17.3547925,82.5111682
533406,17.29235,82.398675
533407,17.465,82.50370835
533408,17.22,82.46515
533428,17.428,82.0215278
533429,17.30466665,82.10294445
533430,17.2655,82.2223
533431,17.1861,82.1515
533432,17.2500699,82.1523
533433,17.1153365,82.16
533434,17.0236667,82.14
533435,17.22,82.085
533436,17.5347,82.2
533437,17.0795,82.12265
533440,17.0542361,82.17166665
533444,17.2405365,82.309506
533445,17.15,82.25
533446,17.3384722,82.34445
533447,17.1106344,82.3277547
533448,17.107,82.345
533449,17.17275,82.32455
533450,17.075,82.23
533451,17.186804,82.271624
533460,16.9523557,82.1305529
533461,16.82,82.2317778
533462,17.0647361,82.115
533463,16.76964,82.27311
533464,16.73314485,82.1873282
533468,16.8335,82.1575
533483,17.57,81.98
533577,16.63136111,82.02533333
534001,16.70894445,81.11241665
534002,16.71221,81.0952
534003,16.7338452,81.0622351
534004,16.6902,81.14885
534005,16.7220833,81.1052222
534006,16.70918055,81.09329165
534007,16.6927,81.0168
534008,16.7114871,81.102475
534101,16.81268343,81.527664
534102,16.8557916,81.50139865
534111,16.94552775,81.46341585
534112,16.9134,81.3771475
534122,16.62760995,81.74681106
534123,16.61754995,81.81002289
534124,16.658677,81.655561
534126,16.624975,81.706258
534134,16.68600011,81.5892965
534145,16.8847708,81.58760815
534146,16.82424925,81.60505595
534156,16.77469455,81.60424225
534165,16.7716719,81.4733611
534166,16.7727198,81.5016517
534176,16.991376,81.4127778
534186,16.6722557,81.5311377
534195,16.7311514,81.40491385
534196,16.7423745,81.52023985
534197,16.7046324,81.537
534198,16.700162,81.4497588
534199,16.592015,81.46397222
534201,16.54398611,81.52168055
534202,16.54191876,81.51776698
534204,16.53984639,81.49419961
534206,16.5367685,81.46365817
534207,16.47497222,81.606467
534208,16.518868,81.50997222
534209,16.601844,81.56613889
534210,16.5846505,81.5933115
534211,16.75388889,81.68544444
534215,16.66969444,80.77872222
534216,16.7782345,81.6797645
534217,16.69839378,81.6993465
534218,16.754551,81.66426611
534222,16.71887339,81.67614961
534225,16.7031755,81.634338
534227,16.79880884,81.7048815
534230,16.62492178,81.586032
534235,16.583451,81.38088889
534236,16.481088,81.382215
534237,16.53323856,81.402484
534238,16.61225717,81.6298805
534239,16.435633,81.509242
534240,16.59689361,81.65897734
534243,16.54279985,81.60707304
534244,16.5416105,81.5704695
534245,16.530399,81.639126
534247,16.57300522,81.6377545
534250,16.52813889,81.688371
534260,16.51999074,81.7277037
534265,16.545356,81.720858
534266,16.525869,81.84016667
534267,16.56246806,81.76975567
534268,16.498265,81.78280556
534269,16.60504528,81.83743378
534275,16.432983,81.694336
534280,16.410521,81.648029
534281,16.401115,81.5741545
534301,16.9132607,81.669697
534302,16.89795735,81.70508875
534305,16.9573322,81.5791752
534311,17.1867111,81.41796665
534312,17.025,81.5576
534313,17.0216,81.556169
534315,17.2469478,81.61656755
534316,17.09267985,81.5170413
534318,17.1876625,81.5473
534320,16.65493534,81.74464711
534324,16.644894,81.765371
534326,16.652237,81.810822
534327,16.58418472,81.76797667
534328,16.74591995,81.73661372
534329,16.8373839,81.7253611
534330,16.7036615,81.776004
534331,16.7937967,81.7290238
534338,16.58395,81.711
534340,17.07416,81.66319
534341,17.1415636,81.6308172
534342,16.9818278,81.6799365
534350,17.01524063,81.7317235
534401,16.8063611,81.3172
534406,16.8167,81.3886
534411,16.823089,81.4548752
534416,16.814425,81.3755278
534425,16.81995,81.2618452
534426,16.9545278,81.2573
534427,16.7752,81.2387
534432,16.75618703,81.16489073
534435,16.8399,81.11755
534437,16.6208,81.0716
534442,16.7405,81.2009
534444,17.533822,81.1737824
534447,17.1150556,81.2971944
534448,17.1158,81.3067
534449,16.979,81.1739
534450,16.7746,81.1449
534451,17.053,81.4068
534452,16.91688335,81.1675
534455,17.13244785,81.2832
534456,17.17935,81.1155
534460,17.03785,80.97845
534461,17.0176,81.0519
534462,16.8904181,80.9955
534467,17.1003,81.1173
534475,16.8298,81.0434
535001,18.1199722,83.4034722
535002,18.1092295,83.412623
535003,18.1408,83.37581
535004,18.088816,83.361737
535005,18.020106,83.402974
535006,18.0908425,83.4572805
535101,83.50805,18.2934
535102,83.4455,18.394
535124,83.4758,18.45712
535125,83.6135,18.3049
535126,83.5329,18.5016
535128,83.5742,18.37
535145,18.151814,83.120666
535148,18.1181111,83.175991
535160,18.1582083,83.2074544
535161,18.011922,83.147782
535183,17.9108385,83.181798
535204,18.093376,83.568301
535213,18.06564,83.495684
535214,17.9649155,83.244405
535215,18.1220295,83.29808915
535216,18.021453,83.4927051
535217,18.184415,83.461688
535218,18.164617,83.495
535220,18.2747845,83.450349
535221,18.1920881,83.2617976
535240,17.9749295,83.225952
535250,18.05075,83.24078
535260,18.231358,83.317476
535270,18.281684,83.3083695
535273,18.314114,83.228559
535280,18.204569,83.392293
535281,18.0121111,83.0804444
535463,83.52772857,18.70336429
535501,18.78245835,83.42894445
535502,83.4303,18.79975
535521,83.4569,18.9358
535522,83.34135,18.76685
535523,83.643535,18.98415
535524,83.5516,18.87645
535525,83.50755,18.7777
535526,83.534205,18.834
535527,83.32732143,18.73831229
535534,83.7221,18.8842
535546,83.3675,18.676
535547,83.2509,18.6888
535557,83.5297,18.6149
535558,18.5744722,83.3570278
535559,83.41395,18.6013
535568,83.448,18.54635
535569,18.5979,83.4804
535573,83.36465,18.5735
535578,83.3531,18.4836
535579,83.2828,18.4643
535580,18.370118,83.327844
535581,18.3776991,83.27589355
535582,18.367799,83.371593
535591,83.1737,18.5356
535592,83.101425,18.461675
535593,83.1423,18.64935
535594,83.601775,18.78854
560001,12.9797112,77.59300424
560002,12.90251005,77.62528955
560003,13.00221075,77.574305
560004,12.94758027,77.57051503
560005,13.0007222,77.6161389
560006,13.01923715,77.5880149
560007,12.56522223,77.36783333
560008,12.56703565,77.3746759
560009,12.973203,77.5818115
560010,12.983037,77.554461
560011,12.93360415,77.5845644
560012,13.01383,77.56654
560013,13.0576605,77.5496925
560015,13.046435,77.522697
560016,13.0044722,77.68275
560017,12.55568055,77.3439861
560018,12.96048845,77.56056025
560020,12.988456,77.574647
560021,13.0007905,77.5593565
560022,13.0240125,77.5486355
560023,12.975571,77.560338
560024,13.03174,77.5886635
560025,12.9548056,77.6086389
560026,12.95190845,77.54030655
560027,12.96468565,77.5949714
560029,12.9298436,77.6047023
560030,12.9485278,77.6017222
560032,13.02211315,77.5929519
560033,13.0079444,77.1098333
560034,12.9261004,77.62663743
560035,12.9075116,77.6956776
560036,13.00795835,77.6909861
560037,12.9681834,77.691282
560038,12.9447222,77.5740278
560040,12.9720225,77.5412495
560041,12.9230005,77.5900165
560042,12.982047,77.61238
560043,13.0137778,77.6348333
560045,13.0325833,77.6208056
560047,12.95006945,77.5948611
560048,12.9938292,77.70749165
560049,13.01861115,77.7141667
560050,12.94055695,77.55738813
560051,12.1553889,78.0118056
560053,12.9688913,77.5730899
560054,13.03114367,77.558367
560055,13.009049,77.562867
560056,12.954821,77.50067425
560057,13.046494,77.512775
560058,13.016539,77.523283
560059,12.9249093,77.4992098
560060,12.9155752,77.4815823
560061,12.90399465,77.5466644
560062,12.90703085,77.57482425
560063,13.1733889,77.8083611
560064,13.0963699,77.5675523
560065,13.0685556,77.5688056
560066,12.9774785,77.7408019
560067,12.56561665,77.4624722
560068,12.8978375,77.6392386
560070,12.93077715,77.56909345
560071,12.1669167,77.1099722
560072,12.955172,77.515643
560073,13.056573,77.508083
560074,12.8797516,77.4465741
560075,12.56356945,77.3852639
560076,12.89106805,77.59904835
560077,13.063685,77.64889755
560078,12.9119427,77.5868658
560079,12.9847545,77.5307
560080,13.009323,77.576741
560081,12.801736,77.70425
560082,12.833533,77.5116509
560083,12.8206081,77.5880674
560084,13.01193055,77.6272222
560085,12.9319519,77.5425557
560086,13.0067565,77.5464325
560087,12.95916665,77.6572778
560088,13.133999,77.478801
560089,13.133524,77.491132
560090,13.086295,77.497311
560091,12.9908025,77.4900905
560092,13.0544738,77.59881315
560093,12.9861389,77.6521667
560094,12.5368244,77.57290765
560095,12.9384536,77.6191488
560096,13.011426,77.535877
560097,13.079368,77.559539
560098,12.91415995,77.5203981
560099,12.84013995,77.6975498
560100,12.8400702,77.6635448
560102,12.9141099,77.6371518
560103,12.9356,77.7057
560104,12.964979,77.538072
560105,12.7868337,77.6378921
560107,13.08936,77.485858
560108,12.8624365,77.564426
560109,12.8684125,77.5381189
560110,12.958211,77.47564
560111,12.8963107,77.559239
560112,13.267672,77.55238
560113,13.025073,77.659665
560114,12.870465,77.6269058
560115,13.0469264,77.5454255
560116,12.7720353,77.5081318
560117,12.96957,77.822433
560119,13.1483446,77.5674982
560300,13.1989444,77.704
560500,12.8633196,77.6583091
561101,13.14,77.16
561201,12.86,77.26
561202,14.0134301,77.1884733
561203,13.325,77.51
561204,13.29,77.39
561205,13.3652222,77.61
561206,13.6104538,77.59030535
561207,13.8309037,77.8440013
561208,13.65325565,77.51191345
561209,13.68068925,77.72188575
561210,13.59369705,77.4385594
561211,13.5060833,77.5992973
561212,13.7581598,77.9990841
561213,13.5033056,77.4980937
561228,13.7104123,77.63565885
562101,13.4338333,77.73170395
562102,13.30412725,77.8459443
562103,13.3855323,77.7360274
562104,13.6164641,77.7862249
562105,13.44476515,77.90491175
562106,12.7088889,77.72
562107,12.79,77.75
562108,12.72,77.140159
562109,12.77,77.42
562110,13.23,77.66
562111,13.2256944,77.2429444
562112,12.68,77.4673472
562114,13.0769861,77.84
562117,12.515,77.4
562119,12.41,77.52
562120,12.95,77.18
562121,12.6091389,77.53870835
562122,13.18,77.91
562123,13.11,77.36
562125,12.88,77.78
562126,12.43,77.33
562127,13.06,77.265
562128,12.84,77.33
562129,13.2027361,77.815
562130,12.99,77.43
562131,13.04,77.13
562132,13.23,77.30570835
562135,13.2951944,77.78
562138,12.53,77.2
562149,13.0573611,77.6370139
562157,13.1602361,77.65
562159,12.7164119,77.27881945
562160,12.64,77.17
562161,12.6682222,77.1739722
562162,13.055,77.45
562163,13.26,77.55
562164,13.31,77.69
562165,13.125,77.76
562166,12.76208,77.71342
563101,13.1345,78.1295833
563103,13.1268056,78.2111751
563113,12.9004561,78.29078225
563114,13.0032813,78.1645682
563115,12.9822222,78.2421667
563116,13.0075982,78.3947179
563117,12.9364167,78.2613611
563118,12.9740278,78.2589167
563119,12.9259444,78.2660278
563120,12.9565,78.2285954
563121,12.96415595,78.33833175
563122,12.95724823,78.27670247
563123,13.5610306,78.1250969
563124,13.7809181,78.0670968
563125,13.4232187,78.0582026
563126,13.2469117,78.1671753
563127,13.1519629,78.3069399
563128,13.31089535,77.98408275
563129,12.85613215,78.20694235
563130,13.02330355,77.9665239
563131,13.20224625,78.386683
563132,13.19925,78.4851862
563133,13.1386111,78.0055555
563134,13.5336697,78.3083642
563135,13.4040933,78.23630035
563136,13.0682539,78.4254292
563137,12.9833116,78.0699641
563138,13.331117,78.28707005
563139,12.8705911,77.9895176
563146,13.428791,78.1342222
563147,12.916428,78.1552556
563157,13.2284925,78.0303283
563159,13.5646355,77.9834548
563160,13.0034948,77.9424531
563161,13.5412466,78.2264522
563162,13.00856635,78.2095972
563163,13.0034948,77.9424531
570001,12.31398612,76.65663889
570002,12.32727778,76.62838889
570003,12.35788889,76.64455556
570004,12.29727578,76.64363615
570005,12.30388889,76.63847222
570006,12.31316668,76.61325
570007,12.32969444,76.66525
570008,12.84035811,76.00626211
570009,12.30272222,76.63113889
570010,12.30606945,76.66484722
570011,12.30447222,76.68044444
570012,12.323287,76.619653
570014,12.3141667,76.6565556
570015,12.33766667,76.65205556
570016,12.34304167,76.62320834
570017,12.33719444,76.61169444
570018,12.34213889,76.58030556
570019,12.3141667,76.6565556
570020,12.32202778,76.63747222
570022,12.3141667,76.6565556
570023,12.30255557,76.64069447
570025,12.28330556,76.65875
570026,12.30558333,76.59863889
570027,12.3597778,76.5955278
570028,12.29936111,76.70113889
570029,12.3141667,76.6565556
570030,12.32063889,76.60372222
570031,12.26308333,76.63911111
570032,12.323289,76.587473
570033,12.299401,76.6311112
570034,12.27030556,76.62611111
571101,12.33053272,76.86160022
571102,12.47388889,76.10052778
571103,12.33422222,76.45505556
571104,12.42836111,75.99708333
571105,12.30611111,76.29138889
571106,12.2394931,76.41700845
571107,12.33691667,76.10005556
571108,12.43505556,76.19119444
571109,11.93136111,76.67022222
571110,12.23977778,76.89244444
571111,11.81008334,76.69111111
571114,12.10238,76.281211
571115,12.04383333,76.98
571116,11.98916667,76.35025
571117,11.959957,77.019362
571118,12.05881411,76.69850617
571119,12.09652778,76.809
571120,12.24061111,76.90994444
571121,12.00016667,76.39641667
571122,12.19155556,77.03072222
571123,11.81369444,76.78711111
571124,12.21294444,76.89766667
571125,12.12155556,76.48022222
571126,11.74513889,76.64902778
571127,11.87788889,76.95477778
571128,11.93913889,76.80647222
571129,12.14622222,76.76633333
571130,12.35958333,76.54091667
571134,12.35641667,76.29147222
571187,12.56208333,76.02316667
571189,12.21846784,76.34595522
571190,12.41686,75.95246
571201,12.4194424,75.730522
571211,12.2284,75.8443788
571212,12.227,75.714418
571213,12.17488935,75.9688792
571214,12.3186558,75.6653658
571215,12.24738484,75.91932378
571216,12.1337335,75.94433333
571217,12.01264121,75.99652922
571218,12.19708333,75.8026049
571219,12.12966692,76.05525921
571231,12.79719444,75.9161753
571232,12.5081431,75.95830055
571234,12.44863235,75.9135935
571235,12.704809,75.90983845
571236,12.60526312,75.8470023
571237,12.44947327,75.84641075
571247,12.38203925,75.5676392
571248,12.3706316,75.84096323
571249,12.0488577,75.94191667
571250,11.9737344,76.0141495
571251,12.5295141,75.80188445
571252,12.31604811,75.7579342
571253,12.310218,75.8666257
571254,12.22493371,76.00420409
571301,12.1195,76.67726389
571302,12.16777778,76.6775
571311,12.193,76.66647222
571312,12.033,76.79875
571313,12.1613889,77.1105833
571314,12.09680556,76.55677778
571315,12.3141667,76.6565556
571316,12.1613889,77.1105833
571320,12.09938665,77.08266865
571342,12.1613889,77.1105833
571401,12.52,76.89
571402,12.535,76.9
571403,12.526281,76.913753
571404,12.547558,76.931053
571405,12.537981,76.791279
571415,12.412632,76.816877
571416,12.707003,76.814572
571417,12.258586,77.122535
571418,12.98,76.73
571419,12.63636,76.994723
571421,12.426745,77.228689
571422,12.482166,77.035631
571423,12.76,76.43
571424,12.37,76.95
571425,12.730084,76.958719
571426,12.66,76.49
571427,12.46,76.65
571428,12.59,77.05
571429,12.6,77.05
571430,12.385,77.05
571431,12.66,76.65
571432,12.82,76.76
571433,12.62,77.09
571434,12.5,76.67
571435,12.46,76.78
571436,12.81,76.58
571438,12.42,76.68
571439,12.08980556,77.30216667
571440,12.1615,77.11025
571441,12.04702778,77.03075
571442,12.12491667,77.07455556
571443,12.13319444,77.22969444
571444,12.00411111,77.39308333
571445,12.82,76.87
571446,12.64,76.92
571448,12.96,76.73
571450,12.595595,76.939869
571455,12.54,76.6
571457,11.87758333,77.26088889
571463,12.27,77.02
571475,12.399955,77.136048
571476,12.7,77.07
571477,12.3795464,76.6613546
571478,12.47,76.87
571490,12.04586072,77.7896395
571601,12.12155556,76.48119444
571602,12.44016667,76.38077778
571603,12.53736111,76.32705556
571604,12.3141667,76.6565556
571605,12.62,76.39
571606,12.39,76.71
571607,12.41,76.58
571610,12.39619444,76.33641667
571617,12.504,76.29241667
571802,12.88,76.63
571807,12.43,76.7
571811,13.02,76.74
571812,12.56,76.53
572101,13.3168611,77.1081389
572102,13.32683185,77.10992005
572103,13.11301385,75.5763056
572104,13.315199,77.1425499
572105,13.2584696,76.4788977
572106,13.4022045,77.10356665
572107,13.3420267,77.0311202
572111,12.9215309,76.93293971
572112,13.6247243,77.1008168
572113,13.4526322,76.9809328
572114,13.30572264,76.6267409
572115,13.7210437,77.2351437
572116,14.05377291,77.16952913
572117,13.4422427,76.90864745
572118,13.3060564,77.0877276
572119,13.3424868,76.5363251
572120,13.1550449,77.0321947
572121,13.52950136,77.3006914
572122,13.4500056,77.25957195
572123,12.8456478,77.033383
572124,13.81855197,77.31365195
572125,13.637627,76.96666665
572126,12.9542532,77.1021012
572127,13.72101327,77.38666053
572128,13.4384545,77.0644545
572129,13.5208889,77.2352169
572130,13.02548832,77.02524256
572132,13.65845949,77.21470777
572133,13.83158171,77.19979664
572134,13.0286544,76.9076238
572135,13.8880958,76.9188668
572136,14.18893235,77.36549755
572137,13.7401316,76.9525525
572138,13.8084792,76.7908563
572139,13.74928195,76.89808545
572140,13.5451456,77.0948148
572141,14.27990005,77.1749385
572142,13.1667423,76.6681466
572168,13.3168611,77.1086389
572175,13.6501381,77.3084633
572201,13.2585833,76.4782778
572211,13.2752587,76.7169275
572212,13.26495507,76.658051
572213,13.1740128,76.8851944
572214,13.41535212,76.62291484
572215,13.25519723,76.70929414
572216,13.3152141,76.9407395
572217,13.3344584,76.38704045
572218,13.33172724,76.3868686
572219,13.23940167,76.8594932
572220,13.24105478,76.86075698
572221,13.0683818,76.7574481
572222,13.22853025,76.80247605
572223,13.0571249,76.9076238
572224,13.35526165,76.8015156
572225,13.1650716,76.5550313
572226,13.24814433,76.78549093
572227,13.25063364,76.7859822
572228,13.17524953,76.8417073
573101,13.0429861,75.775
573102,12.755,76.105
573103,13.32,76.27
573111,13.045,76.36
573112,13.4245972,76.17125
573113,12.655,76.145
573115,13.17,75.81
573116,12.9062222,76.39
573117,13.48,76.3520833
573118,13.075,76.20605555
573119,13.185,76.345
573120,12.84,76.12
573121,13.21,76.025
573122,13.26,76.175
573123,12.79,75.76
573124,12.95,76.57
573125,13.30580555,76.09
573126,13.423625,76.355375
573127,12.98625,75.7925972
573128,12.91,76.06
573129,12.85,75.89
573130,12.61,76.01
573131,13.035,76.46754165
573133,12.6153056,76.085
573134,12.91,75.77
573135,12.8574444,76.4875556
573136,12.64,76.16
573137,12.74,75.85
573141,13.05,76.5773889
573142,12.68606945,76.0607639
573144,13.48,76.31
573162,13.12,76.22
573164,13.11,76.34
573165,13.01,75.675
573201,13.0081,76.10159446
573202,13.0053333,76.1000556
573210,12.67,76.3
573211,12.81,76.25
573212,12.93,76.14
573213,13.00266665,75.97
573214,12.9445556,75.87
573215,13.07975,75.86191665
573216,13.12820835,75.98
573217,13.015,76.04929165
573218,12.93,75.96
573219,13.0829167,76.1
573220,12.93,76.23
573225,12.98,76.295
573226,13.02,76.19
574101,13.3097569,75.02621685
574102,13.2734233,74.8974333
574103,13.10793,74.778531
574104,13.21282325,74.9969548
574105,13.2778498,74.7652452
574106,13.22744575,74.7648214
574107,13.1594843,75.0921235
574108,13.3558229,74.9766274
574109,13.1072896,75.16225245
574110,13.16902315,74.91546775
574111,13.1480953,74.7826259
574112,13.14011485,74.8228972
574113,13.1786939,74.820201
574114,13.1605806,75.0165092
574115,13.2522294,74.7917132
574116,13.2204722,74.8197778
574117,13.1923138,74.7532102
574118,13.3105406,74.74395
574119,13.17261065,74.76948915
574122,13.1981667,75.0743137
574129,13.1410736,74.9543653
574141,13.0888673,74.860667
574142,12.9722932,74.878873
574143,12.8743473,74.9661094
574144,13.00196155,74.9363168
574145,12.9274797,74.9413591
574146,13.04555995,74.80204565
574148,13.044996,74.870751
574150,13.0646978,74.8390919
574151,12.9603611,74.9268001
574153,12.7988076,74.9669006
574154,13.092473,74.8079407
574162,12.973913,74.990913
574197,13.0541625,75.047289
574198,12.8909425,75.4620493
574199,12.8231242,74.92196695
574201,12.76172445,75.2001922
574202,12.7441301,75.2651607
574203,12.77725695,75.19033245
574210,12.701027,75.2473616
574211,12.9155781,75.0469028
574212,12.66576325,75.38981205
574213,13.1270832,75.0233946
574214,13.03648315,75.30316875
574216,12.9482438,75.4147598
574217,12.9918673,75.23235345
574218,12.611926,75.5449673
574219,12.91121145,74.98683745
574220,12.7958431,75.1572778
574221,12.7418522,75.4668913
574222,12.8201332,75.0729444
574223,12.6483611,75.2744444
574224,12.957826,75.2124107
574225,13.034139,74.966583
574226,13.0974824,74.9381218
574227,13.0615439,74.9929904
574228,13.0238674,75.4119832
574229,12.8304808,75.4536228
574230,12.7589802,75.509348
574231,12.8600779,75.0391244
574232,12.67263985,75.4821243
574233,12.93443295,75.17880895
574234,12.4995938,75.5432452
574235,12.72987525,75.08860535
574236,13.087,75.1091944
574237,12.99776525,75.0451762
574238,12.6542989,75.5835593
574239,12.5560682,75.3767837
574240,12.993425,75.3291108
574241,12.83575125,75.30670625
574242,13.0276472,75.1503334
574243,12.7386087,75.1025
574244,13.2509174,74.9058949
574248,12.59744985,75.46053205
574253,12.8363889,75.1239167
574259,12.6663287,75.1995297
574260,12.6950833,75.1075
574265,12.9257572,75.1209854
574267,13.004513,74.966025
574274,13.05832185,74.91109135
574279,12.7443056,75.021541
574285,12.7777233,75.3418278
574313,12.6137069,75.2248133
574314,12.52067565,75.45102675
574323,12.78932655,75.0294064
574324,12.9611944,75.0948889
574325,12.8268538,75.2032537
574326,12.88323995,75.2357009
574327,12.55425,75.3845833
574328,12.7094009,75.39743655
574509,13.0128279,74.87517745
575001,12.8608611,74.840937
575002,12.87639095,74.8560111
575003,12.88427275,74.8292459
575004,12.886648,74.841299
575005,12.8834722,74.8757222
575006,12.902731,74.83564
575007,12.868632,74.9011904
575008,12.897171,74.8672658
575009,12.853372,74.878526
575010,12.9467308,74.810015
575011,12.96257235,74.8306682
575013,12.9242778,74.8285
575014,12.9910106,74.8052242
575015,12.93238485,74.8558359
575016,12.896589,74.875115
575017,12.8196656,74.8783916
575018,12.7866789,74.9079167
575019,12.96506475,74.8138885
575020,12.8203889,74.84175
575022,12.8056967,74.8652166
575023,12.78,74.8706775
575025,13.0088333,74.7932778
575028,12.91746,74.8931974
575029,12.8990697,74.9261564
575030,13.0128169,74.8372572
576101,13.33535277,74.7486562
576102,13.35220905,74.76230505
576103,13.33381315,74.72300605
576104,13.35571485,74.78557265
576105,13.38821375,74.7475
576106,13.36677785,74.7180587
576107,13.343158,74.8212876
576108,13.3531111,74.7041111
576111,13.17771695,74.8844672
576112,13.4609722,74.9926389
576113,13.320172,74.8735019
576114,13.394671,74.736873
576115,13.400688,74.7007284
576117,13.2491559,74.9828056
576120,13.2868424,74.8214301
576121,13.1308184,74.88743125
576122,13.2534557,74.757899
576124,13.38437,74.8763297
576201,13.62889633,74.69162953
576210,13.4981653,74.7709727
576211,13.63309405,74.76787745
576212,13.525314,74.9411159
576213,13.4302042,74.7454526
576214,13.8537582,74.6442918
576215,13.42467445,74.87266265
576216,13.654129,74.667504
576217,13.61296015,74.7047305
576218,13.44151515,74.69961815
576219,13.8044163,74.6385595
576220,13.862706,74.811087
576221,13.5320226,74.70458755
576222,13.58058595,74.80458285
576223,13.5052105,74.8359736
576224,13.7434514,74.6446815
576225,13.49633583,74.7106827
576226,13.4745731,74.713315
576227,13.60607195,74.90077705
576228,13.95689,74.58026
576229,13.6617953,74.897891
576230,13.6765982,74.7091696
576231,13.55185495,74.7296342
576232,13.8436218,74.6321949
576233,13.7468477,74.7823664
576234,13.46115045,74.87480605
576235,13.7006493,74.6848413
576247,13.68306805,74.66683405
576257,13.5685639,74.7073493
576282,13.71201675,74.94843415
576283,13.6722132,74.7739572
577001,14.46940795,75.9174339
577002,14.392797,75.925219
577003,14.45785795,75.9323249
577004,14.455899,75.906979
577005,14.4387778,75.9180833
577006,14.21018965,75.7346278
577007,14.30596965,76.17002035
577008,14.455986,75.931808
577101,13.3153055,75.7742222
577102,13.32494125,75.8029702
577111,13.2352513,75.6520976
577112,13.3657676,75.4553736
577113,13.13310205,75.5594648
577114,13.31339225,75.35358105
577115,13.75,75.65
577116,13.6269611,75.9633756
577117,13.3795998,75.42424965
577120,13.5118728,75.2588106
577121,13.1982873,75.4354743
577122,13.1649206,75.4858891
577123,13.4078236,75.3684719
577124,13.2148236,75.3793169
577125,13.5803641,75.2119644
577126,13.5184556,75.3315832
577127,13.55877085,75.41834035
577128,13.7029517,75.6564494
577129,13.57988295,75.7820935
577130,13.3671194,75.6669356
577131,13.42528805,75.7430164
577132,13.0857449,75.6436315
577133,13.262435,75.7463852
577134,13.60130465,75.48532315
577135,13.4339301,75.94333985
577136,13.3643804,75.5472473
577137,13.49852305,75.80539385
577138,13.5261422,76.18730555
577139,13.41774875,75.2539496
577140,13.60800545,76.14150145
577144,13.7162004,75.703266
577145,13.7994025,75.981851
577146,13.2837993,75.9959675
577160,13.25583285,75.4885753
577168,13.3874903,75.9128324
577175,13.4232442,76.0737113
577179,13.2668768,75.4097787
577180,13.66998595,76.20239835
577181,13.2747778,75.3430278
577182,13.5796147,76.2805499
577201,13.9484167,75.5755833
577202,13.92517778,75.57501114
577203,13.895,75.575
577204,13.93066665,75.58
577205,13.9301389,75.0186111
577211,14.03770835,75.40033335
577213,13.985,75.95
577214,14.19,75.35
577215,14.01,76.025
577216,14.0243611,75.655
577217,14.26,75.63
577218,14.15,75.9012222
577219,14.3,75.8
577220,13.77,75.455
577221,14.105,75.89
577222,13.8835139,75.625
577223,14.18,75.55
577224,14.17,75.74
577225,14.1,75.52
577226,13.75,75.39
577227,13.98829165,75.7
577228,13.7233826,75.8426191
577229,13.88,75.67
577230,14.13,75.67
577231,14.21,75.84
577232,13.72,75.33
577233,13.95,75.75
577243,14.05118055,75.745
577245,13.825,75.73
577301,13.85,75.73
577302,13.8,75.7
577401,14.16379165,75.005
577411,13.57,75.13
577412,14.07,75.13
577413,14.5599444,75.18
577414,13.77,75.18
577415,13.63,75.29
577416,14.06,75.53
577417,14.09,75.08
577418,13.9,75.08
577419,14.55,75.09
577421,14.155,74.8169028
577422,13.83,75.29
577423,14.075,75.33
577424,13.64,75.13
577425,13.821,75.02
577426,13.9908611,75.28
577427,14.28,75.4
577428,14.4,75.28
577429,14.39,75.08
577430,14.21691665,74.93
577431,14.2,75.19
577432,13.68,75.22
577433,14.44,75.23
577434,14.3,75.1
577435,14.1704,74.62385
577436,13.89,75.24
577451,13.7358889,75.6323889
577452,13.95,74.86
577453,14.02,74.97
577501,14.2194421,76.39874323
577502,14.260997,76.376751
577511,13.885381,76.7408665
577512,14.4913775,76.03774
577513,14.533235,76.124187
577514,14.310212,75.9734825
577515,13.761369,76.230531
577516,14.459483,75.730607
577517,14.3281655,76.419651
577518,14.1335055,76.1272795
577519,14.3858415,76.31397385
577520,14.2164965,76.2967835
577521,14.377721,76.320309
577522,14.2984135,76.6933985
577523,14.13477,76.175031
577524,14.22069565,76.436243
577525,14.3453725,75.9170824
577526,14.0194214,76.1972105
577527,13.8414705,76.3144015
577528,14.517489,76.3984535
577529,14.611455,76.721427
577530,14.376297,75.7408655
577531,14.0608455,76.28802935
577532,14.1522,76.52025
577533,13.7578555,76.436816
577534,14.3326525,76.0551455
577535,14.46384165,76.732759
577536,14.4466295,76.5820535
577537,14.441806,76.780538
577538,14.224275,76.844708
577539,13.92369,76.119583
577540,14.8926785,76.7799955
577541,14.279733,76.270244
577542,13.655479,76.3974167
577543,14.448209,76.66112
577544,14.22,75.92
577545,14.057513,76.6160633
577546,14.0236185,76.780219
577547,13.7152272,75.9873952
577548,13.5159129,76.016201
577549,13.83515635,76.04035545
577550,13.7088167,76.06134365
577551,14.215,75.82
577552,14.185,75.9969028
577553,14.4688889,76.253705
577554,13.8471885,76.2345225
577555,14.185088,76.35794
577556,14.67361695,76.5036449
577557,14.072149,76.278323
577558,14.0213685,76.548462
577566,14.4688889,75.895623
577589,14.510337,75.908216
577596,14.093624,76.742932
577597,13.6979925,76.2985935
577598,13.920205,76.6173611
577599,13.929846,76.5056455
577601,14.8902,75.8029125
580001,15.45394222,75.00582836
580002,15.4356122,75.01142103
580003,15.4380083,74.9863283
580004,15.4393987,75.0187632
580005,15.4963837,74.9781226
580006,15.47035305,75.01820385
580007,15.4494982,74.9581691
580008,15.4643614,75.00034003
580009,15.4101278,75.0461907
580011,15.5395664,74.9007745
580020,15.34629463,75.14552103
580021,15.3591849,75.1270318
580023,15.3681156,75.2055248
580024,15.2704287,75.1255915
580025,15.39696975,75.08251215
580026,15.3584362,75.0453445
580027,15.3510107,75.0815782
580028,15.26572905,75.16858365
580029,15.3502984,75.1537179
580030,15.3565797,75.1143824
580031,15.372921,75.12045015
580032,15.3683243,75.1376003
580112,15.4859612,75.1407048
580114,15.315771,75.0028222
580118,15.3940675,74.9256565
581101,14.7978981,75.2495252
581102,14.7294387,75.1900516
581103,15.4319024,74.7380983
581104,14.7110734,75.1018158
581105,15.5899341,74.9293893
581106,14.6439394,75.44287
581107,15.1094861,75.38964375
581108,14.836759,75.6309211
581109,14.5490428,75.3849333
581110,14.7801286,75.3970002
581111,14.4585073,75.412817
581112,14.87558125,75.42628375
581113,15.2316949,75.2630092
581115,14.664027,75.6326971
581116,14.4280054,75.512906
581117,15.2051016,75.37821255
581118,14.9538785,75.3900874
581119,14.4349679,75.6184563
581120,14.61723145,75.2886304
581121,12.6155,74.8345
581123,14.52588325,75.76530225
581126,15.0748724,75.303704
581128,14.8221958,75.4769017
581129,12.6155,74.8345
581145,14.5677096,75.7205617
581148,14.7445995,75.2805264
581186,12.6155,74.8345
581187,12.6155,74.8345
581193,15.0025901,75.1408361
581195,15.32345715,75.3827308
581196,15.21461575,75.0497828
581198,14.73515875,75.49926965
581199,14.82295235,75.18430945
581201,15.6054774,75.0594143
581202,14.8941236,75.2623459
581203,14.88687445,75.13639095
581204,15.1710269,74.9722462
581205,15.0272307,75.2188071
581206,15.6001343,74.9959192
581207,15.2086114,75.16072275
581208,14.53207735,75.56000325
581209,15.421695,75.3223735
581210,14.3428766,75.5110773
581211,14.6737324,75.7549223
581212,15.1286971,75.126582
581213,14.9071569,75.5521569
581237,14.9935001,75.50016525
581301,14.8119178,74.131947
581302,14.79834875,74.11218165
581303,14.8370278,74.1321667
581304,14.8313606,74.1434231
581306,14.81339695,74.14681585
581307,14.7877735,74.1278145
581308,14.7700672,74.1584288
581314,14.6876842,74.5194814
581315,12.6155,74.8345
581316,14.7260331,74.2835551
581317,14.896757,74.2064783
581318,14.37,74.5
581319,14.577263,74.3192438
581320,13.9848167,74.5673535
581321,14.69973805,74.27588315
581322,12.6155,74.8345
581323,14.4083804,74.51166545
581324,14.7676891,74.2087314
581325,15.251804,74.627155
581326,14.546482,74.3435607
581327,14.3672544,74.4138137
581328,14.88438207,74.21697017
581329,12.6155,74.8345
581330,14.4665342,74.3946126
581331,12.6155,74.8345
581332,14.4069115,74.4303312
581333,14.5102945,74.4222443
581334,14.2866739,74.4907009
581335,14.2693202,74.4876217
581336,14.42,74.46
581337,12.6155,74.8345
581338,14.3754284,74.4491267
581339,14.8572658,74.21056565
581340,14.31,74.5
581341,14.31697235,74.4322019
581342,14.2478626,74.4465088
581343,14.41990718,74.41099333
581344,14.60053015,74.3977409
581345,14.8791244,74.11491675
581346,15.115,76.316
581347,14.85694444,74.81725
581348,14.1876938,74.4757221
581349,13.768748,74.9354835
581350,14.1266038,74.4896911
581351,14.4803231,74.37617635
581352,14.86281317,74.134901
581353,14.6229998,74.3114574
581354,14.03203935,74.53032565
581355,12.6155,74.8345
581356,12.6155,74.8345
581357,14.6149639,74.3601878
581358,12.6155,74.8345
581359,14.963,74.71483333
581360,14.8833889,74.4811306
581361,14.293263,74.5150939
581362,14.4496183,74.4726013
581363,15.71,74.39
581365,15.1,74.29
581384,14.24196543,74.65401027
581396,14.9165695,74.3489515
581400,14.8977833,74.3158423
581401,14.62016411,74.83000172
581402,14.739777,74.879436
581403,14.59,74.82425
581411,15.42,75.63
581412,12.6155,74.8345
581421,14.0709655,74.505158
581423,14.2315426,74.5189915
581440,14.4897696,74.43354175
581450,12.6155,74.8345
581453,12.6155,74.8345
582101,15.43007633,75.63639785
582102,15.516556,75.6550275
582103,15.3490145,75.623159
582111,15.5751062,75.7933777
582112,15.0708436,75.6901728
582113,15.305273,75.8312593
582114,15.7333321,75.9626554
582115,15.4097558,75.7470487
582116,15.1330645,75.4999207
582117,15.2640314,75.4868959
582118,15.09381835,75.8474599
582119,15.6248153,75.84479915
582120,15.2320916,75.5988582
582201,15.4463615,75.435844
582202,15.69975085,75.5463873
582203,15.8054299,75.63509865
582204,15.5156977,75.5573843
582205,15.4145194,75.5165182
582206,15.8541679,75.4918917
582207,15.72366305,75.41374325
582208,15.5980129,75.36489265
582209,15.72338405,75.73275445
582210,15.05506587,75.53477337
582211,15.7714224,75.8640164
583101,15.14329091,76.92901044
583102,15.0937395,76.9171555
583103,15.1741079,76.9711219
583104,15.1595195,76.8807796
583105,15.1555236,76.8725778
583111,15.1737967,77.0727594
583112,14.9714518,76.6293654
583113,15.39137625,76.706342
583114,15.7256171,77.0319583
583115,15.2541252,76.7875175
583116,15.3447204,76.8363656
583117,15.2723463,77.0720881
583118,15.1484167,76.9351667
583119,15.0885421,76.54636185
583120,15.41674575,76.8484973
583121,15.6326005,76.9511531
583122,15.5356444,76.879257
583123,15.1865083,76.6297812
583124,14.9890599,76.4602334
583125,14.6130417,76.0437337
583126,14.71937985,76.52305585
583127,14.76893715,76.12054865
583128,14.9289041,76.5257141
583129,15.3122311,76.6661328
583130,14.8252016,76.59662005
583131,14.8189738,75.9810832
583132,15.39582935,76.59544855
583134,14.8746363,76.221681
583135,14.91605335,76.38462285
583136,14.7231111,76.2649357
583137,14.66292635,75.91146455
583152,15.111877,76.7172664
583153,15.139393,76.921443
583154,15.4284935,76.9398195
583155,15.327886,76.9258701
583201,15.27173413,76.38792363
583203,15.2625709,76.3839167
583211,15.2808665,76.3773317
583212,15.03966505,76.22727515
583213,14.7301819,75.8201614
583214,15.1080721,76.0344996
583215,15.3101099,76.4947268
583216,14.9257848,75.8301539
583217,14.820684,75.712857
583218,14.625532,76.4687142
583219,14.9997519,75.9385533
583220,14.9462777,76.10095225
583221,15.3101099,76.4947268
583222,15.1298645,76.3644776
583223,15.2367388,76.52723755
583224,15.1511389,76.1547778
583225,15.2669444,76.3513056
583226,15.2157573,75.9673652
583227,15.4251814,76.526286
583228,15.368377,76.2490494
583229,15.6077111,76.6460627
583230,15.4415154,76.1377461
583231,15.34754853,76.1564984
583232,15.48259615,75.9632148
583233,15.2757013,76.3246639
583234,15.3371299,76.32089315
583235,15.45007172,76.43831655
583236,15.58151065,76.03228705
583237,15.6002788,76.1960504
583238,15.36883095,76.10487675
583239,15.2987664,76.4406717
583268,15.4740399,76.5725129
583275,15.1731921,76.6287065
583276,15.2858056,76.4909444
583277,15.7538855,76.1891051
583278,15.8685211,76.2307352
583279,15.765655,76.3979311
583280,15.8595645,75.8914872
583281,15.89062985,76.015711
583282,15.5181891,76.6022854
583283,15.5704499,76.40753385
583284,15.6769598,75.9227403
583285,15.27714765,76.0772607
583286,12.96935,77.73555
583287,15.4705457,76.2272134
583288,15.8235,76.0921
584101,16.19060825,77.34029605
584102,16.2451,77.473162
584103,16.1533041,77.3704119
584104,16.1690165,77.3065914
584111,16.44418055,76.93693055
584113,16.375,77.14
584115,16.19719445,76.68
584116,16.3,76.83
584118,16.06,77.12
584120,16.1,76.72
584122,16.12,76.52
584123,15.9844028,77.04
584124,15.91,76.59
584125,15.98,76.38
584126,16.32,77.06
584127,16.2087507,76.3752051
584128,15.766272,76.7560591
584129,16.1744851,76.95445375
584132,15.7753121,76.5426006
584133,16.0995804,77.3783447
584134,16.2517046,77.3487778
584135,16.2715637,77.4353685
584136,16.2016389,77.11
584138,15.94,76.83
584139,16.25,76.65
584140,15.97,77.4
584143,15.89,76.91
584167,15.68,76.81
584170,16.3431443,77.35283265
584202,16,77.29
584203,16.03,77.25
585101,17.340941,76.83284917
585102,17.33,76.84
585103,17.33025927,76.82097223
585104,17.4,76.8379167
585105,17.32429165,76.84894445
585106,17.3130556,76.8756111
585107,17.6781111,83.1925161
585201,17.0807778,76.6726528
585202,16.785,77.1
585210,16.95,77.36
585211,17.04,77.1
585212,17.17,76.5
585213,17.34566665,76.59
585214,16.89,77.39225
585215,16.41,76.55665
585216,16.65,76.51
585217,17.29,76.155
585218,16.92,76.99
585219,16.7615556,77.1353056
585220,16.6657778,76.9276528
585221,16.57,77.255
585222,17.08,77.26
585223,16.7,76.91
585224,16.549906,76.566162
585225,17.05,76.98
585226,17.86513889,77.45686111
585227,17.9116389,77.5193611
585228,17.145,76.945
585229,17.3413333,76.8344722
585236,17.415,76.45
585237,16.355,76.36
585265,17.21,76.6
585287,16.76,76.82
585290,16.46,76.66
585291,16.33,76.51
585292,17.3413333,76.8344722
585301,17.245,76.4
585302,17.56,76.53
585303,16.925,76.8272361
585304,16.54,76.85
585305,17.4,77.425
585306,17.52,77.3
585307,17.49935,77.41404165
585308,17.165,76.785
585309,16.72415,76.6816
585310,17.01,76.695
585311,17.45,76.72
585312,17.3,77.15
585313,17.6,77.04
585314,17.69,76.62
585315,16.665,77.39
585316,17.57,76.8472361
585317,17.22,77.055
585318,17.02,77.36
585319,16.7,77.02
585320,17.27,77.35
585321,16.78,77.305
585322,17.45,77.07
585323,16.65,76.87
585324,17.385,77.255
585325,16.84,76.54
585326,18.25294444,77.41566667
585327,17.86915278,76.94808334
585328,18.04616667,77.21344444
585329,17.76205556,77.17922222
585330,17.76988889,77.12961111
585331,17.9116389,77.5193611
585353,17.78369444,77.11138889
585355,16.51,77.13
585367,17.3413333,76.8344722
585401,17.91473611,77.51833334
585402,17.90736111,77.52713889
585403,17.90863889,77.51536111
585404,17.7797,78.03715
585411,17.9116389,77.5193611
585412,17.69805556,77.21366667
585413,17.59,77.19
585414,17.88295,77.3066
585416,17.9116389,77.5193611
585417,24.11,91.49
585418,17.9116389,77.5193611
585419,15.28591667,76.64408333
585421,17.9116389,77.5193611
585436,17.9116389,77.5193611
585437,17.9116389,77.5193611
585443,17.9116389,77.5193611
585444,13.32188889,76.86052778
585445,17.8122,76.8534
585446,18.0451,77.2284
585447,17.8155,76.7971
585448,18.3724,77.2922
586101,16.82943447,75.7169412
586103,16.8497266,75.7103326
586104,16.8828206,75.6611748
586108,16.7327149,75.7892489
586109,16.807709,75.7262477
586111,17.3002474,76.0574673
586112,16.9508212,75.9188783
586113,16.6388232,75.4935669
586114,16.92168785,75.47741125
586115,16.8398223,76.11649985
586116,16.45021425,76.12844045
586117,17.1151783,75.7754087
586118,16.66303025,76.32136095
586119,16.988615,75.7222545
586120,16.73880335,76.2316171
586121,16.5376728,75.7836588
586122,16.6534138,75.8220757
586123,16.958653,76.3753045
586124,16.2643574,76.26514055
586125,16.57238815,75.5455794
586127,16.8226136,75.95617005
586128,16.8514677,76.2884592
586129,16.23652215,76.14548575
586130,16.8072045,75.5512332
586162,17.0801,75.9282
586170,16.5613232,75.54039875
586201,16.3869319,75.88424205
586202,17.06253295,76.2218052
586203,16.6613653,76.0217535
586204,17.2557675,75.7707615
586205,17.3611185,75.673173
586206,17.0779052,76.33568527
586207,17.3238069,75.8729982
586208,16.5630242,76.1551865
586209,17.223544,75.912781
586210,16.4712131,75.7308197
586211,17.2268488,75.9114829
586212,16.3613555,76.19392
586213,16.4122978,75.9695464
586214,16.5300889,76.30204585
586215,16.97569085,76.0248184
586216,16.4857322,75.8650147
586217,17.1387331,76.1344823
587101,16.18229565,75.69957935
587102,16.1851725,75.6200713
587103,16.18376133,75.69721357
587104,16.1831345,75.69770085
587111,16.18515109,75.69643784
587112,16.0988,75.9285
587113,16.333258,75.286692
587114,16.1207,76.0063
587115,16.184643,75.69652727
587116,16.34121573,75.62781483
587117,16.343607,75.62510935
587118,16.05562282,76.08044218
587119,16.5043249,75.2917462
587120,16.06117833,76.05464967
587121,16.4512,75.362
587122,16.33325711,75.28669289
587124,16.061178,76.05465
587125,15.95921,76.13158936
587154,16.061177,76.054651
587155,15.914953,75.676798
587156,16.18502,75.69624
587157,16.205034,76.05927
587201,15.9149505,75.6768025
587202,15.91344,75.93175
587203,16.0357,75.7663
587204,16.185025,75.696229
587205,16.05775,75.648
587206,16.03885,75.53625
587207,16.18439183,75.69672145
587301,16.5047034,75.29202451
587311,16.5043275,75.29174276
587312,16.3868333,75.28669
587313,16.333256,75.286694
587314,16.5043269,75.2917442
587315,16.5043289,75.2917422
587316,16.33326,75.28669
587330,16.5043269,75.2917442
587331,16.41,75.167921
590001,15.85651808,74.51002278
590003,15.8394722,74.5176389
590005,15.79,74.52018055
590006,15.81854165,74.5011528
590008,15.8147778,74.4915
590009,15.8534167,74.4290278
590010,15.90193055,74.5234861
590011,15.8386389,74.5121389
590014,15.79,74.5108056
590015,15.9,74.59
590016,15.86094445,74.52073615
590017,15.86605645,74.51958115
590018,15.77,74.43
590019,15.87531265,74.50454405
590020,15.825,74.57
590100,15.8522738,74.5106681
591101,16.0379446,74.6974902
591102,15.8174167,74.84
591103,15.88,74.65
591104,15.69,74.93
591106,15.52,74.69
591107,16.1425473,74.6665895
591108,15.84619445,74.425
591109,15.76,74.65
591110,15.74,75.22
591111,15.85,74.99
591112,15.66,74.68
591113,15.8523889,74.5108056
591114,16.01,75.12
591115,15.62,74.8
591117,15.89,75.105
591118,15.74,74.67
591119,15.9,74.91
591120,15.57,74.56
591121,15.91,74.79
591122,16.07982975,74.68669275
591123,15.96,75.32
591124,15.868,74.58
591125,15.815,74.71
591126,15.77,75.11775
591127,15.875,75.39
591128,15.875,74.44
591129,16.02,75.005
591130,16.095,75.23
591131,15.69,74.62
591136,16.2593493,75.1560533
591143,15.965,74.475
591147,15.88,74.72
591153,15.7,74.73
591156,15.95,74.52
591173,15.80119445,74.8404028
591201,16.42609915,74.5871206
591211,16.4661139,74.42101103
591212,16.9025134,75.0535779
591213,16.543713,74.6811159
591214,16.54339365,74.5014953
591215,16.516372,74.4077583
591216,16.596344,74.51013
591217,16.56266635,74.85032825
591218,16.2017726,74.8296534
591219,16.489898,74.470702
591220,16.5511438,74.98507115
591221,16.1821392,74.5518517
591222,16.3641923,74.7699024
591223,16.695048,74.718589
591224,16.2525687,74.8951341
591225,16.3197587,74.4271407
591226,16.3541592,74.576006
591227,16.19104735,75.03616575
591228,16.44138645,74.4809055
591229,16.5315036,74.316491
591230,16.690151,75.215763
591231,16.1955967,74.7419219
591232,16.82335945,74.96892325
591233,16.1478993,74.9535115
591234,16.739779,74.8698914
591235,16.4144107,74.98788745
591236,16.3049485,74.5310538
591237,16.4020886,74.3748465
591238,16.3895298,74.46436015
591239,16.52658035,74.53284305
591240,16.574888,75.0985777
591241,16.4686691,74.349985
591242,16.6217556,74.70277945
591243,16.0775527,74.5220119
591244,16.5319019,74.5986017
591246,16.130264,74.525984
591247,16.4704275,74.618844
591248,16.781578,75.2033727
591254,16.0688805,74.42996615
591263,16.56217265,74.4457168
591265,16.8255219,75.3216076
591287,16.4244434,74.5054273
591301,15.42,74.61
591302,15.66,74.51
591303,16.6844679,74.928697
591304,16.6649759,75.04915065
591305,16.3027474,74.66634705
591306,16.2455764,74.7604473
591307,16.16711208,74.82118073
591308,16.188646,74.780217
591309,16.213958,74.6249884
591310,16.310141,75.0347609
591311,16.6066723,74.9163342
591312,16.3147556,74.96837265
591313,16.2829307,74.446227
591314,16.2513354,74.4999862
591315,16.7059561,74.75843045
591316,16.6475856,74.7948447
591317,16.4902239,74.7842415
591340,16.254771,74.5492394
591344,16.0549539,74.8364175
591345,15.7,74.3
591346,15.945,74.61
600001,13.0947946,80.283168
600002,13.0690835,80.2681922
600003,13.08191867,80.27605767
600004,13.03254165,80.2693889
600005,13.05674165,80.27568055
600006,13.08033335,80.3284028
600007,13.089779,80.259419
600008,13.06613395,80.2562949
600009,13.07945,80.285569
600010,13.07860225,80.23999285
600011,13.1121604,80.2237358
600012,13.097733,80.251788
600013,13.11234,80.292283
600014,12.99533335,80.59681945
600015,13.02394455,80.23497205
600016,13.0017389,80.20160015
600017,13.04244583,80.23759583
600018,13.1396476,80.20664695
600019,13.156125,80.3003056
600020,13.02319405,80.24746205
600021,13.118859,80.285155
600022,13.0453611,80.2376111
600023,13.10176,80.229608
600024,13.0518333,80.2299722
600025,13.0453611,80.2376111
600026,13.5056389,80.2145833
600028,13.05,80.4490833
600030,13.07673845,80.22596895
600031,13.0715885,80.2473578
600032,13.0515278,80.2115833
600033,13.03681945,80.22355555
600034,13.1090833,80.3941667
600035,13.0317778,80.2407222
600036,12.9936389,80.2339167
600037,13.1154167,80.23322225
600038,13.100426,80.214267
600039,13.123115,80.261074
600040,13.0846405,80.2079023
600041,12.993084,80.256562
600042,12.9826389,80.2216389
600043,12.9338611,80.01729165
600044,12.93425,80.1195
600045,12.93265273,80.12052417
600046,12.0187778,80.2012778
600047,12.9335745,80.120853
600048,12.872,80.0405
600049,13.103,80.177
600050,13.08305555,80.14786665
600051,13.2660278,80.4100556
600052,13.195,80.127
600053,13.1174028,80.1545278
600054,13.109,80.0951111
600055,13.145,80.036
600056,13.0466111,80.0945
600057,13.207,80.4502778
600058,13.09254165,80.15804165
600059,12.9137778,80.10929165
600060,13.161,80.188
600061,13.3157361,80.2585417
600062,13.1375,80.1299425
600063,12.901,80.054
600064,12.5015,80.1919444
600066,13.162875,80.203097
600067,13.247,80.153
600068,13.1271389,79.9108889
600069,12.973,80.0535
600070,12.984977,80.121856
600071,13.102625,80.09144445
600072,13.0945,80.0465
600073,12.92,80.14743125
600074,12.9848889,80.13925
600075,12.98106945,80.14430555
600076,13.11425,80.185167
600077,13.06783335,80.1055
600078,13.0433889,80.2064167
600081,13.14028025,80.2955686
600082,13.1129755,80.221262
600083,13.03680555,80.22706945
600084,13.078528,80.251879
600085,13.0209722,80.2431667
600086,13.0453611,80.2376111
600087,13.0475,80.1809861
600088,12.1469722,80.3287639
600089,13.02398705,80.18440345
600090,12.99734055,80.21336945
600091,12.1073056,80.163043
600092,13.05025,80.1943611
600093,13.0425556,80.2063889
600094,13.1104444,80.3691389
600095,13.066,80.126
600096,12.9676944,80.2449444
600097,12.93543055,80.23959725
600099,13.1202361,75.1973889
600100,12.933,80.201454
600101,13.0876254,80.1927257
600102,13.083976,80.219653
600103,13.207223,80.2415
600104,13.087242,80.287705
600106,13.07109875,80.2151666
600107,13.0688848,80.185657
600110,13.2277222,80.3966944
600113,12.9886667,80.248739
600115,12.98597945,80.2221557
600116,13.0395556,80.1482778
600117,12.9588295,80.1747715
600118,13.131,80.231
600119,12.8925556,80.2278611
600120,13.252262,80.255
600122,13.0175139,80.10479165
600123,13.019,80.057
600124,13.0522885,80.0135
600125,12.96356945,80.1723472
600126,12.90306945,80.1543472
600127,12.835,80.112
600128,12.999,80.085
600129,12.9251389,80.1986944
600130,12.592,80.026
600131,12.871,80.156
600132,17.9192139,77.5104694
600133,12.952859,80.0420057
600200,13.059531,80.254681
600201,13.0015278,80.1973333
600202,12.98866667,80.25788889
601101,13.3235,80.0595
601102,13.30762735,80.05930135
601103,13.142561,79.909046
601201,13.431,80.106
601202,13.425,79.975
601203,13.298,80.2395
601204,13.3334167,80.182
601205,13.416356,80.22
601206,13.349,80.1095
601301,12.881,80.0080278
602001,13.1444,79.9095294
602002,13.101528,79.9129635
602003,13.12667,79.91882
602021,13.1885,79.9396
602023,13.21055,79.79658
602024,13.135629,79.909043
602025,13.1125631,79.9506799
602026,13.27349935,79.92126
602105,12.956779,79.941816
602106,12.9251389,79.9752
602108,12.9674702,79.9418148
602117,12.9707,79.9707
602118,12.6483,80.0387
603001,12.6840182,79.98332215
603002,12.7074,79.9393
603003,12.7047776,80.00297255
603004,12.70648685,79.95655795
603101,12.7522646,79.9833363
603102,12.5088,80.12641
603103,12.1184444,80.172
603104,12.63917,80.19266
603105,12.7263,79.9619
603106,12.7263,79.93605
603107,12.6759579,79.8973
603108,12.69449925,80.0930717
603109,12.5972,80.05565
603110,12.7137,80.18138
603111,12.6672258,79.9833373
603112,12.748,80.1986944
603127,12.9251389,80.1986944
603201,12.5102236,79.8849284
603202,12.68400795,79.98333555
603203,12.6840037,79.9833398
603204,12.7286142,79.9833408
603209,12.90511155,80.02167885
603210,12.8774595,80.0841015
603211,12.9251389,80.1986944
603301,12.51021405,79.88598695
603302,12.349486,80.0038924
603303,12.51022693,79.88492507
603304,12.34873125,80.00314175
603305,12.5102262,79.8849258
603306,12.510277,79.88495983
603307,12.39895,79.7127
603308,12.60355,79.94905
603309,12.410196,79.8874615
603310,12.34979,79.7939
603311,12.444515,79.936305
603312,12.4453763,80.0002965
603313,12.3487325,80.0031405
603314,12.61355925,79.75745775
603319,12.6840062,79.9833373
603401,12.34873467,80.00313833
603402,12.61356,79.757457
603403,12.62532,79.757461
603405,12.68400053,79.98334297
603406,12.61355838,79.75745863
604001,12.23188885,79.6499028
604101,12.2472424,79.7512035
604102,12.15,79.69
604151,12.2,79.34
604152,12.1890278,79.26
604153,12.21,79.3081389
604154,12.135014,79.781647
604201,12.38,79.26
604202,12.28,79.43
604203,11.903297,79.230665
604204,12.34991665,79.3279861
604205,12.2,79.45
604206,12.255,79.53
604207,12.315,79.5874861
604208,12.395,79.38
604210,12.34,79.43
604301,12.19,79.825
604302,12.185,79.63
604303,12.18,79.91
604304,12.1,79.65
604305,12.2936434,79.45413245
604306,12.20120835,79.55
604307,12.26,79.69
604401,12.2703,78.7618
604402,12.4495,79.554
604403,12.9506,80.00326667
604404,12.4495,79.554
604405,13.171,80.0115
604406,12.4916,79.8369
604407,12.69365455,79.5237
604408,12.0294,79.6047
604409,12.4495,79.554
604410,12.4495,79.554
604411,12.4686433,79.5433284
604501,12.8757,79.8374
604502,12.7839,79.824
604503,12.5456,79.4234
604504,12.7839,79.824
604505,12.7469,80.1847
604601,13.3725,80.3334
605001,11.9344722,79.8350556
605002,11.9458611,79.8346111
605003,11.9568056,79.8351944
605004,11.9206111,79.8125278
605005,11.9293056,79.8116667
605006,11.94975,79.7995556
605007,11.867307,79.79
605008,11.9542222,79.821
605009,11.94,79.795
605010,11.9356389,79.7829861
605011,11.94025,79.82525
605012,11.9346019,79.8332691
605013,11.9388611,79.8145278
605014,12.04,79.8624028
605101,11.992111,79.8006944
605102,11.91755555,79.68866665
605103,11.915,79.525
605104,11.97479615,79.8428376
605105,11.85930555,79.5796389
605106,11.865,79.6615085
605107,11.925,79.63
605108,11.92,79.57908335
605109,12.055,79.725
605110,11.91,79.76
605111,12.0052361,79.768
605201,12.11,79.38
605202,12.06752722,79.39575862
605203,12.085,79.475
605301,11.94,79.43
605302,11.94354165,79.3708889
605401,11.8916667,79.4741667
605402,12.01,79.42
605403,12.067166,79.395827
605501,11.985,79.64
605502,11.97455555,79.715
605601,12.005,79.535
605602,11.94275925,79.49381018
605651,12.14205,79.489
605652,12.055,79.5417639
605701,12.02,79.305
605702,12.01,78.96
605751,11.89,79.18
605752,11.98120835,79.23144445
605754,12,79.0905278
605755,11.965,79.3161111
605756,11.9781528,79.17618055
605757,11.96486115,79.2040417
605758,12.05,79.22
605759,11.9773889,79.2054722
605766,11.96,79.17
605801,11.94,78.99
605802,11.98,79.035
605803,11.91,79.29
606001,11.51509725,79.325
606003,11.52,79.335
606102,11.81,79.29
606103,11.4733472,79.465
606104,11.605,79.27018055
606105,11.415,79.27
606106,11.42,79.1186111
606107,11.6917222,79.2906944
606108,11.495,79.045
606109,11.55,78.98
606110,11.46,79.32
606111,11.4,79.2
606115,11.725,79.335
606201,11.64,78.8794028
606202,11.7381667,78.9601389
606203,11.67,79.08
606204,11.62,78.99
606205,11.825,79.1033611
606206,11.74,79.07
606207,11.81,78.86
606208,11.84,78.9377595
606209,11.775,78.71
606213,11.75,78.98
606301,11.56,78.9
606302,11.54,79.18
606303,11.44,78.9939444
606304,11.51,79.12
606305,11.63,79.175
606401,11.9,78.82
606402,11.94769445,78.91
606601,12.22806573,79.07293147
606603,12.2266,79.0746
606604,12.2266,79.0746
606611,12.2266,79.0746
606701,12.30921444,78.79161444
606702,12.0092,78.4334
606703,11.3516,77.1667
606704,12.2681,78.9413
606705,12.0092,78.4334
606706,12.0092,78.4334
606707,12.0092,78.4334
606708,12.1082,78.8342
606709,12.0092,78.4334
606710,11.7517,79.304
606751,12.43460944,79.09891778
606752,11.6053,79.1736
606753,12.5295,80.166
606754,12.10763889,79.24516429
606755,11.1541,78.9759
606801,12.4935,79.4438
606802,12.4935,79.4438
606803,13.2677,80.0503
606804,12.12092857,79.15087386
606805,12.4935,79.4438
606806,12.0917,79.1303
606807,12.4935,79.4438
606808,12.4935,79.4438
606811,12.2351944,79.0765833
606901,12.1874,79.408
606902,12.8444,79.7995
606903,12.9874,79.6562
606904,12.1874,79.408
606905,10.3757,78.8097
606906,12.4636,79.0206
606907,11.7463,79.7644
606908,12.4042,78.965
607001,11.76,79.765
607002,11.75,79.75
607003,11.7,79.75
607004,11.73,79.75
607005,11.67,79.745
607006,11.77,79.78
607101,11.8,79.48
607102,11.73,79.625
607103,11.67,79.56
607104,11.8,79.62
607105,11.775,79.66
607106,11.765,79.55
607107,11.87,79.415
607108,11.82,79.5
607109,11.78,79.7
607112,11.79,79.59
607201,11.79,79.21
607202,11.71800927,79.18153703
607203,11.89,79.375
607204,11.7603333,79.38
607205,11.83,79.545
607209,11.845,79.32
607301,11.635,79.665
607302,11.57,79.6
607303,11.55,79.56
607308,11.62,79.55
607401,11.75,79.695
607402,11.8096389,79.7354746
607403,11.9344722,79.786243
607801,11.61,79.5
607802,11.54,79.62
607803,11.61,79.5
607804,11.54,79.4
607805,11.66,79.5
607807,11.59,79.46
608001,11.4,79.69
608002,11.4,79.73
608102,11.48,79.75
608201,11.41,79.61
608301,11.28,79.55
608302,11.42,79.72
608303,11.37,79.89
608304,11.195,79.525
608305,11.35,79.59
608306,11.22,79.56
608401,11.35,79.69
608501,11.47,79.7
608502,11.49,79.76
608601,11.46,79.61
608602,11.43,79.7
608701,11.355,79.51
608702,11.42,79.52
608703,11.41,79.4
608704,11.48,79.59
608801,11.58,79.72
608901,11.375,79.325
609001,11.09650134,79.65156344
609003,11.0971389,79.62605555
609101,11.33,79.79
609102,11.32,79.71
609103,11.1507375,79.6613185
609104,11.275,79.77
609105,11.14,79.8432639
609106,11.205,79.8
609107,11.14,79.81
609108,11.28,79.71
609109,11.2,79.76
609110,11.2379167,79.7346667
609111,11.24,79.735
609112,11.185,79.68
609113,11.215,79.665
609114,11.16,79.81
609115,11.25,79.8
609116,11.25,79.7
609117,11.18,79.73
609118,11.125,79.69
609201,10.9851528,79.7532639
609202,11.1975972,79.5977361
609203,11.13775,79.635
609204,11.16,79.55
609205,11.23,79.63
609301,11.11,79.795
609302,11.05,79.72
609303,10.8851528,79.8332639
609304,11.12,79.744236
609305,11.1026667,79.6899444
609306,11.03,79.74
609307,11.01989813,79.83449073
609308,11.02004,79.76207
609309,11.11,79.74
609310,11.04,79.79
609311,10.9201528,79.8332639
609312,11,79.79
609313,10.9151528,79.8482639
609314,10.9151528,79.7632639
609401,10.9051528,79.7432639
609402,10.8951528,79.7732639
609403,10.985,79.69
609404,11.03,79.6521111
609405,10.935,79.65
609501,10.92,79.525
609502,10.9,79.635
609503,10.93,79.64356945
609504,10.88,79.63
609601,10.96,79.74
609602,10.9246389,79.8303426
609603,10.965,79.77
609604,10.89,79.82
609605,10.94,79.84
609606,10.695,79.66
609607,10.93,79.77
609608,10.96,79.71
609609,10.98,79.83
609701,10.86,79.68
609702,10.885,79.75
609703,10.855,79.805
609704,10.85,79.7
609801,11.076267,79.56
609802,11.0401615,79.502365
609803,11.04,79.52
609804,11.04,79.49
609805,11.015,79.605
609806,11.0854825,79.603599
609807,11.136118,79.5072715
609808,11.03,79.47
609810,11.046693,79.527236
609811,10.98,79.6
610001,10.78,79.63
610003,10.775,79.655
610004,10.78,79.61
610005,10.81,79.62
610101,10.82,79.69
610102,10.74,79.55
610103,10.718286,79.6198185
610104,10.795,79.595
610105,10.885,79.6
610106,10.73,79.67
610107,10.87,79.565
610109,10.755,79.62
610201,10.635,79.66
610202,10.685,79.64356945
610203,10.6,79.62
610204,10.62,79.725
610205,10.65,79.62
610206,10.6899028,79.585
610207,10.66,79.69
611001,10.78,79.8465278
611002,10.82,79.825
611003,10.7901528,79.8382639
611101,10.75,79.69
611102,10.75,79.82
611103,10.63,79.77
611104,10.775,79.745
611105,10.765,79.71
611106,10.745,79.84
611108,10.7603056,79.8
611109,10.72,79.74
611110,10.62,79.81005555
611111,10.68,79.84
611112,10.57,79.8432639
612001,10.96417566,79.38074658
612002,10.9681667,79.3725556
612101,11.01,79.48
612102,11.04,79.455
612103,10.99,79.42
612104,10.99979165,79.45245835
612105,11.04,79.43
612106,11.083496,79.524311
612201,10.97,79.535
612202,10.95,79.46
612203,10.99,79.565
612204,10.98,79.43381133
612301,10.97,79.3
612302,10.958525,79.33
612303,10.98,79.34
612401,10.95,79.396903
612402,10.915,79.4
612501,11.015,79.37
612502,11.12,79.45
612503,11.035,79.4
612504,11.0932222,79.456
612601,10.845,79.485
612602,10.91,79.47
612603,10.83,79.54
612604,10.88,79.51
612605,10.88,79.455
612610,10.84,79.49
612701,10.8995835,79.33625
612702,10.95016665,79.3522639
612703,10.93,79.34
612801,10.85,79.44
612802,10.85,79.34
612803,10.73,79.425
612804,10.88394445,79.3880972
612901,11.1986389,79.44955555
612902,11.15,79.39
612903,11.26,79.46
612904,11.097,79.35
612905,11.19,79.43
612906,11.24,79.46
613001,10.78496826,79.13918651
613002,10.804483,79.11
613003,10.82,79.17
613004,10.77,79.10393055
613005,10.74,79.11337
613006,10.73,79.1416111
613007,10.7645833,79.1218056
613008,10.7789167,79.1400556
613009,10.78925,79.13256945
613010,10.7789167,79.1400556
613101,10.84,79.02
613102,10.805,78.9
613103,10.86,79.09
613104,10.849581,78.95574985
613105,10.85,78.95
613201,10.875,79.1400278
613202,10.92639,79.12514
613203,10.88,79.06
613204,10.9,79.13
613205,10.83,79.09
613301,10.57,79.025
613303,10.6662361,79.07875
613401,10.73,79.02
613402,10.73,78.93
613403,10.71825,79.072199
613501,10.7782772,79.205
613502,10.7789167,79.23
613503,10.7059444,79.2452222
613504,10.78094445,79.2723472
613601,10.78,79.0530833
613602,10.79,78.973875
613701,10.78,79.55
613702,45.13,45.13
613703,10.77,79.49
613704,10.745,79.59
613705,10.825,79.46
614001,10.66546112,79.44741112
614013,10.6998056,79.3603333
614014,10.68,79.43
614015,10.56,79.43
614016,10.64,79.48
614017,10.515,79.465
614018,10.61,79.4
614019,10.71,79.29
614020,10.57,79.48
614101,10.69,79.53
614102,10.7,79.51
614103,10.74,79.51
614201,10.8916944,79.1877222
614202,10.92,79.18
614203,10.94,79.25
614204,10.9168611,79.2391111
614205,10.92478668,79.26569698
614206,10.875,79.175
614207,10.9173471,79.244726
614208,10.92,79.3
614210,10.84445835,79.1800278
614211,10.83945835,79.1750278
614301,10.83,79.22
614302,10.8699537,79.27175927
614303,10.87,79.22
614401,10.81,79.335
614402,10.76741665,79.3161528
614403,10.7663611,79.37
614404,10.77006945,79.435
614601,10.4265556,79.3186944
614602,10.41,79.32
614612,10.2,79.21
614613,10.42,79.41
614614,10.502237,79.195
614615,10.47,79.28
614616,10.14,79.02
614617,10.26,79.15
614618,10.05,79.095
614619,9.98,79.19
614620,10.315,78.99
614621,9.94145835,79.135
614622,10.245,78.98
614623,10.305,79.137526
614624,10.27,79.07
614625,10.62979165,79.275
614626,10.525,79.2887778
614628,10.41,79.19970835
614629,9.89,79.08
614630,10.1,79.19
614701,10.34,79.36
614702,10.49,79.55
614703,10.45,79.61
614704,10.3974167,79.48
614705,10.49917,79.52
614706,10.46,79.55
614707,10.39,79.76
614708,10.625,79.56
614710,10.54,79.595
614711,10.54066665,79.705
614712,10.566486,79.755
614713,10.5346033,79.63814443
614714,10.415,79.7
614715,10.56,79.61
614716,10.46,79.68
614717,10.615,79.53
614723,10.3,79.3
614738,10.3863333,79.5010278
614801,10.19,79.09
614802,10.2794722,79.26
614803,10.3469435,79.27
614804,10.28,79.2019445
614805,10.175,79.16
614806,10.4610155,79.74
614807,10.5251528,79.8382639
614808,10.44,79.8
614809,10.44,79.8487778
614810,10.3796667,79.8482222
614901,10.5,79.3432222
614902,10.61,79.186956
614903,10.475,79.43
614904,10.69,79.2
614905,10.575,79.34
614906,10.45,79.36
620001,10.80096048,78.68439818
620002,10.8260671,78.69543547
620003,10.82924105,78.67822795
620004,10.7943611,78.7264167
620005,10.85,78.71
620006,10.85729982,78.68995556
620007,10.73755365,78.71326575
620008,10.81728335,78.69554155
620009,10.7582007,78.60382885
620010,10.81188715,78.72509395
620011,10.77851435,78.7439319
620012,10.7236379,78.6303075
620013,10.80053145,78.79007225
620014,10.7783241,78.7936574
620015,10.76597145,78.8280963
620016,10.7368709,78.7779236
620017,10.81688885,78.6805139
620018,10.8226944,78.6823611
620019,10.804583,78.739667
620020,10.7879255,78.69354364
620021,10.8045273,78.6838996
620022,10.768472,78.768472
620023,10.7774722,78.6864444
620024,10.6759444,78.7431111
620025,10.710417,78.796333
620026,10.7283056,78.7638333
620027,10.746971,78.600125
620101,10.86175,78.65175
620102,10.8155015,78.6358501
621001,11.18,78.52
621002,11.2,78.64
621003,11.24,78.475
621004,11.1,78.65
621005,10.935,78.71
621006,11.02,78.64
621007,11.07,78.69
621008,11.19,78.58
621009,10.96,78.68
621010,11.15,78.6
621011,11.29,78.59
621012,11.25,78.485
621014,11.08,78.6
621101,11.23,78.74
621102,11.33,78.78
621103,11.375,78.73
621104,11.135,78.78
621105,11.01,78.8
621106,11.13,78.95
621107,11.24,78.81
621108,11.39,79.055
621109,11.11,78.84
621110,11.405,78.72
621111,10.93,78.79
621112,10.915,78.735
621113,11.175,78.895
621114,11.11,78.72
621115,11.305,78.955
621116,11.37,78.81
621117,11.425,78.86
621118,11.15,78.72
621119,11.48,78.86
621133,11.27830555,78.92593055
621202,10.93,78.52
621203,10.98,78.32
621204,10.905,78.575
621205,11.05,78.485
621206,11.085,78.545
621207,11.04,78.22
621208,11.06,78.39
621209,10.97,78.39
621210,11.18,78.44
621211,10.99,78.44
621212,11.24,78.87
621213,10.9,78.615
621214,11.12,78.42
621215,11.03,78.31
621216,10.88,78.71
621217,11.01,78.55
621218,10.87,78.77
621219,11.3,78.86
621220,11.23,78.86
621301,10.76,78.21
621302,10.555,78.305
621305,10.475,78.43
621306,10.62,78.42
621307,10.63,78.36
621308,10.425,78.51
621310,10.46,78.355
621311,10.65,78.21
621312,10.62,78.465
621313,10.73,78.46
621314,10.36,78.39
621315,10.57,78.25
621316,10.6,78.58
621601,10.8753333,78.8152222
621651,10.995,78.92
621652,11.035,78.96
621653,11.03,79.005
621701,11.08,79.16
621702,10.9,78.92
621703,10.89,78.79
621704,11.12,79.09
621705,11.17,79.14
621706,10.892911,78.88
621707,11.03,79.0681944
621708,11.23,79
621709,11.33,79.19
621710,11.26,79.259074
621711,10.94,78.9110278
621712,10.92,78.825765
621713,11.15,79.06
621714,11.24,79.18
621715,10.96,79.1045972
621716,11.29,79.11
621717,11.325,79.045
621718,11.22,79.15
621719,11.32,79.259074
621722,10.91,78.985
621729,11.1393056,79.0960556
621730,11.37,79.18
621731,11.1145,79.1659
621801,11.045,79.06
621802,11.21,79.36
621803,11.27,79.4
621804,11.14,79.26
621805,11.32,79.41
621806,11.23,79.3
621851,10.95,79.04
622001,10.375,78.83
622002,10.38,78.61
622003,10.33,78.82
622004,10.4092,78.8465
622005,10.38,78.82
622101,10.45,78.72
622102,10.5,78.605
622103,10.4602778,78.686111
622104,10.4,78.69
622201,10.23,78.89
622202,10.18,78.91
622203,10.525,78.935
622204,10.015,79.005
622209,10.14,78.87
622301,10.375,78.975
622302,10.505,79.125
622303,10.35,78.89
622304,10.36,79.08
622401,10.3,78.58
622402,10.3,78.65
622403,10.24,78.52
622404,10.32426233,78.72436333
622407,10.2745695,78.5524955
622409,10.24,78.665
622411,10.29,78.53
622412,10.3,78.76
622422,10.34,78.79
622501,10.475,78.8
622502,10.585,78.825
622503,10.17,78.74
622504,10.54,78.82
622505,10.265,78.775
622506,10.29,78.81
622507,10.24,78.77
622515,10.645,78.72706945
623115,9.236766,78.35
623120,9.2,78.42
623135,9.13,78.37684
623308,9.88,78.9593435
623315,9.833339,79.033389
623401,9.7302725,78.782613
623402,9.8,78.855
623403,9.688974,78.98336
623404,9.8138655,78.979809
623406,9.84175,79.07
623407,9.735,78.94
623409,9.785,79.03377794
623501,9.360065,78.861618
623502,9.369836667,78.79957233
623503,9.323694,79.0906815
623504,9.3745139,78.845
623512,9.358256,78.967622
623513,9.345,78.875187
623514,9.4710415,78.8917295
623515,9.26,78.74
623516,9.3,79.02
623517,9.26,78.77
623518,9.290859,79.1602995
623519,9.27,79.1
623520,9.275629,79.130658
623521,9.2861445,79.216784
623522,9.3694,78.9503665
623523,9.29,78.905285
623524,9.2885785,78.977325
623525,9.61,78.85
623526,9.473504,79.07785
623527,9.42,78.69
623528,9.205,78.61
623529,9.3097875,78.9516655
623530,9.47,78.79
623531,9.52,78.88
623532,9.29,78.865
623533,9.33,78.7184565
623534,9.305497,78.99
623536,9.34,78.905
623537,9.5287255,78.842293
623538,9.7,78.868062
623566,9.210406,78.711099
623601,9.46,78.436614
623603,9.41103,78.34
623604,9.41,78.4
623605,9.4610155,78.355
623608,9.575,78.475
623701,9.565,78.605
623703,9.22,78.525
623704,9.32,78.53
623705,9.5471015,78.72
623706,9.49,78.56
623707,9.546082125,78.59307318
623708,9.3529185,78.435095
623711,9.3,78.64
623712,9.4139205,78.612289
623806,9.230173,78.780346
624001,10.3667757,77.9824754
624002,10.36,77.93
624003,10.32,77.9871965
624004,10.4,77.95
624005,10.4,78.02
624101,10.27,77.55
624103,10.23,77.34
624201,10.14,77.91
624202,10.166543,77.74775
624204,10.24,77.75
624206,10.19,77.91
624208,10.164852,77.853401
624210,10.4392639,77.59008335
624211,10.2090833,77.77
624212,10.345,77.71
624215,10.18,77.87
624216,10.3,77.665
624219,10.11,77.85
624220,10.09,77.74
624301,10.286588,77.919463
624302,10.27,77.92
624303,10.31,77.92
624304,10.295,78.07
624306,10.36,78.13
624307,10.31,77.96
624308,10.26,78.14
624401,10.245,78.25
624402,10.222556,78.294717
624403,10.386197,78.2526417
624601,10.4532014,77.51375
624610,10.4942639,77.52508335
624612,10.58,77.72
624613,10.4320139,77.585
624614,10.54,77.655
624615,10.445,77.475
624616,10.62,77.63
624617,10.6,77.500983
624618,10.54,77.455
624619,10.48845835,77.775
624620,10.76,78.09
624621,10.47,77.43
624622,10.415,77.875
624701,10.6085278,77.5701667
624702,10.522565,78.04
624703,10.68,78.1
624704,10.57,77.83
624705,10.365,77.845
624706,10.61,78.055
624707,10.31,77.86
624708,10.25,77.82
624709,10.465,77.97
624710,10.54,77.97
624711,10.6,77.94
624712,10.62,77.78
624801,10.48,78.13
624802,10.44,78.11
625001,9.917305983,78.11923358
625002,9.9363598,78.132313
625003,9.8992639,78.0975417
625004,9.89375,78.0800278
625005,9.877487,78.06234
625006,9.88029165,78.05848615
625007,9.94337845,78.1474505
625008,9.8500912,78.02663833
625009,11.4803,78.1472
625011,9.93748785,77.94853135
625012,9.891879,78.1174059
625014,9.976974,78.1413889
625015,9.8834167,78.0798889
625016,9.929554,78.098879
625017,9.7533611,78.112254
625018,9.95541665,78.0956944
625019,9.9357743,78.054673
625020,9.91355,78.2441
625021,9.927184,78.009192
625022,9.83015555,78.10888
625023,9.953346,78.18628
625101,10.1456,78.352339
625102,10.07317223,78.42298253
625103,10.223062,78.3738333
625104,9.9704444,78.192779
625105,10.1118614,78.313494
625106,10.033279,78.336592
625107,9.943568,78.207025
625108,10.098637,78.397439
625109,9.9978035,78.41275415
625110,9.901649,78.29842
625122,9.996407,78.237454
625201,9.8791957,78.1935378
625203,10.17789835,77.7031487
625205,10.0687945,77.9310285
625207,10.0307255,77.923931
625214,10.009517,77.961453
625218,10.090954,77.9669722
625221,10.0414167,78.025485
625234,9.969537,77.987777
625301,10.038058,78.22
625402,9.988882,78.04355915
625501,10.058972,78.090865
625503,10.11665,78.117244
625512,9.977,77.6003
625513,10.006887,77.3522819
625514,9.9424167,77.933885
625515,9.79,77.39
625516,9.7347,77.286091
625517,9.920901,77.519429
625518,9.8,77.25995
625520,9.863917333,77.45408533
625521,9.72955885,77.3062955
625522,9.851748,77.293884
625523,10.078199,77.523694
625524,9.8339755,77.319996
625525,13.058412,80.215733
625526,9.773523,77.336391
625527,9.84,77.7986636
625528,9.9704875,77.3491545
625529,9.8938685,77.85693135
625530,9.9,77.3
625531,10.0049,77.48105835
625532,9.963784,77.787782
625533,9.805364,77.3295
625534,9.945787,77.472348
625535,9.869473,77.713731
625536,10,77.6299095
625537,10.0146115,77.8330345
625540,9.836418,77.436481
625552,9.87739,77.3755
625556,9.482916,77.580447
625562,10.053649,77.589709
625579,9.754,77.504312
625582,10.008617,77.32567
625601,10.0752,77.3302
625602,10.13,77.63
625603,10.1057889,77.57209605
625604,10.129775,77.600083
625605,10.1070415,77.5458685
625701,9.6926965,77.97492
625702,9.682396,77.852492
625703,9.717094,77.796421
625704,9.791871,77.900963
625705,9.7696235,77.737038
625706,9.819396,77.97975
625707,9.66071,77.9361105
625708,9.756285,77.9011295
626001,9.587717267,77.95642823
626002,9.63,77.955
626003,9.5398056,77.9429722
626004,9.53,77.995
626005,9.57,77.85
626101,9.50987712,78.09823636
626102,9.3940612,77.58
626103,9.61,77.8392361
626104,9.615,78.1
626105,9.51,78.15
626106,9.66,78.155
626107,9.56,78.12825545
626108,9.43,77.57
626109,9.62,78
626110,9.4885765,77.5798845
626111,9.355,77.495
626112,9.47,78.06
626113,9.4313365,78.0723575
626114,9.34268755,78.2746293
626115,9.7225278,78.10729165
626116,9.60804165,77.64831945
626117,9.4490972,77.55793055
626118,9.42,78.204825
626119,9.5085556,77.88
626121,9.38,77.46
626122,9.3882778,77.4950556
626123,9.45325,77.7941389
626124,9.44,77.745
626125,9.5073056,77.6329167
626126,9.6,77.68
626127,9.335,77.67
626128,9.37308335,77.82
626129,9.51,78.225
626130,9.49,77.81
626131,9.355,77.715
626132,9.6418611,77.6338889
626133,9.63,77.6
626134,9.43,78.06
626135,9.49,77.6494444
626136,9.37,77.63
626137,9.44,77.6575
626138,9.56,77.72
626139,9.36251205,77.57714345
626140,9.28,77.73
626141,9.485,77.6846528
626142,9.41,77.50958335
626149,9.645,77.72
626161,9.4942952,78.1267889
626188,9.3941944,77.4963056
626189,9.43,77.835
626201,9.285,77.82
626202,9.34,78
626203,9.35720835,77.91
626204,9.440853,77.94008335
626205,9.25241665,77.95
626607,9.63,78.285
626612,9.62,78.36260315
627001,8.7286831,77.70340977
627002,8.7216704,77.7433611
627003,8.7313881,77.7182023
627004,8.7235018,77.6616849
627005,8.70447105,77.7044823
627006,8.728137433,77.68417063
627007,8.68551535,77.73706945
627008,8.7403175,77.6653255
627009,8.7255556,77.7133611
627010,8.71448655,77.6055815
627011,8.70514985,77.77588
627012,8.772743,77.627093
627101,8.42995125,77.6437676
627102,8.4585894,77.58476585
627103,8.444069,77.608172
627104,8.216331,77.74428
627105,8.2758663,77.5785985
627106,8.192932,77.66112
627107,8.4857395,77.559281
627108,8.4916394,77.6867165
627109,8.325355,77.590853
627110,8.427926,77.7329692
627111,8.256157,77.719637
627112,8.3356944,77.719759
627113,8.35032,77.6665142
627114,8.1843196,77.5771652
627115,8.43643035,77.5674298
627116,8.235329,77.635562
627117,8.3831944,77.618929
627118,8.409998,77.7907605
627119,8.4035278,77.7500833
627120,8.16610915,77.6199456
627127,8.15081365,77.5952465
627133,8.2822222,77.57857
627151,8.6000254,77.7170052
627152,8.586621,77.6571665
627201,8.8869455,77.64998385
627202,8.91107755,77.60089845
627351,8.7586724,77.8009948
627352,8.887928,77.7800802
627353,8.761674,77.765795
627354,8.558739,77.755648
627355,8.500374,77.7982276
627356,8.68364285,77.68666205
627357,8.8036443,77.7153935
627358,8.754394,77.7029722
627359,8.802378,77.771655
627401,8.70420835,77.45541665
627412,8.783983,77.389652
627413,8.733451,77.462265
627414,8.6845671,77.5648516
627415,8.848637,77.392468
627416,8.681197,77.4643889
627417,8.6265176,77.65274315
627418,8.769348,77.4040278
627420,8.569421,77.4075
627421,8.6652763,77.42827095
627422,8.7126111,77.3835556
627423,8.800631,77.418804
627424,8.808094,77.36123
627425,8.71220835,77.38806945
627426,8.701209,77.4995355
627427,8.5519224,77.36057915
627428,8.5727222,77.7535833
627451,8.67425,77.6391389
627452,8.6713794,77.6158431
627453,8.6787364,77.5896013
627501,8.518761,77.558657
627502,8.557213,77.5697778
627601,8.744719,77.52749525
627602,8.755659,77.5059167
627603,8.7193983,77.5455383
627604,8.6996944,77.5329444
627651,8.3050845,77.890345
627652,8.400996,77.8452175
627654,8.3123056,77.813098
627657,8.33432635,77.838923
627713,9.21615,77.72195
627719,9.18645,77.57045
627751,9.0735,77.335
627753,9.2553,77.52805
627754,9.1608,77.59505
627755,9.1692,77.4342
627756,9.16665,77.5062
627757,9.3217,77.4376
627758,9.2235,77.4092
627759,9.0786,77.31961
627760,9.24845,77.3964
627761,9.2467,77.46395
627764,9.2863,77.4378
627802,8.92211,77.2455
627803,8.99595,77.2639
627804,9.01645,77.30515
627805,8.9549,77.2519
627806,8.9255,77.381
627807,9.0159,77.2415
627808,8.8698105,77.354915
627809,8.9693,77.2334
627811,8.9425,77.27962
627812,9.02945,77.24715
627813,8.9767,77.19605
627814,8.92965,77.31235
627818,8.9428,77.2839
627851,8.8218,77.4772
627852,9.0014,77.32405
627853,8.8728,77.5011
627854,8.9067,77.5008
627855,9.1442,77.3805
627856,9.00655,77.37195
627857,9.059,77.422
627858,8.9619,77.3615
627859,8.9682,77.4129
627860,8.9907,77.4948
627861,8.92015,77.42175
627862,9.1019,77.43587
627951,8.9642,77.6387
627953,9.0828,77.5841
628001,8.792877,78.16229
628002,8.825387,78.148355
628003,8.7256944,78.2025556
628004,8.75690275,78.1729861
628005,8.738863,78.12475
628006,8.5700833,78.2434722
628007,8.7352778,78.1224722
628008,8.79630555,78.1294722
628101,8.7782896,78.09881705
628102,8.7147972,77.9523186
628103,8.7466111,78.059701
628104,8.78903,77.9496
628105,8.9157185,78.1626058
628151,8.62035,78.060201
628152,8.690462,78.090891
628155,8.63358,78.11725
628201,8.551846,78.068759
628202,8.567088,78.093024
628203,8.424113,78.0156145
628204,8.56547355,78.12315445
628205,8.50957115,78.04596355
628206,8.3973661,78.037731
628207,8.59061785,78.0507775
628208,8.45943055,78.04217435
628209,8.3778889,78.0566667
628210,8.47118945,77.9833225
628211,8.456378,77.9486415
628212,8.5777983,78.0445078
628213,8.492631,78.0392877
628215,8.49440285,78.12320995
628216,8.5079261,78.11896445
628217,8.7256944,78.2025556
628218,8.5315655,78.0577545
628219,8.472603,78.0520502
628229,8.5919167,78.0874722
628251,8.668873,78.0241765
628252,8.7171628,77.8313675
628301,8.905920333,78.02173867
628302,8.8951265,77.89691105
628303,8.8279495,77.8482455
628304,8.81447,78.025247
628401,8.963618,78.01074195
628402,8.8716111,78.021741
628501,9.16615,77.70045
628502,9.17145,77.8517
628503,9.1486,77.7942
628552,9.0859,77.6735
628601,8.6311944,77.9111389
628612,8.6080669,77.94228215
628613,8.53027795,77.865313
628614,8.59857535,77.97341145
628615,8.6445278,77.8552778
628616,8.57000445,77.9788972
628617,8.5538785,77.9536398
628618,8.5751922,78.0113023
628619,8.65636,77.864598
628620,8.651211267,77.95636887
628621,8.632025,77.893175
628622,8.577219,77.84233
628623,8.4955945,78.1191775
628653,8.37393,77.934463
628656,8.3406056,77.9141555
628701,8.525863,77.907343
628702,8.41134,77.9480277
628703,8.36734,77.98225
628704,8.43966,77.8875405
628712,9.0352,78.081515
628714,8.9766,77.8315
628716,9.0571,77.78885
628718,8.9931,77.9343
628720,9.0773,77.8763
628721,9.0762,77.7052
628722,8.9582,78.0747
628751,8.65225265,77.9975701
628752,8.7256944,78.2025556
628753,8.63789,77.97361
628801,8.628484,78.039515
628802,8.63308,78.02056
628809,8.6620555,77.829506
628851,8.7431162,77.92066005
628901,9.0929,78.2635
628902,9.1398,78.00575
628903,8.9942,78.2259
628904,9.2155,78.1025
628905,9.30085,78.1067
628906,9.02745,78.2848
628907,9.0881,78.1356
628908,9.0308,77.9792
628952,8.9323,77.7202
629001,8.188821429,77.43328571
629002,8.16,77.44
629003,8.19,77.4
629004,8.1565139,77.4012639
629101,8.455,77.24
629102,8.5160556,77.3161111
629151,8.38,77.23
629152,8.375,77.205
629153,8.33,77.1705833
629154,8.2619861,77.1881111
629155,8.29475,77.24725
629156,8.2376389,77.2571389
629157,8.2341389,77.215
629158,8.2857361,77.2672778
629159,8.19,77.25
629160,8.28,77.14
629161,8.36,77.2984167
629162,8.29,77.2033333
629163,8.32,77.2059722
629164,8.2946111,77.30379165
629165,8.30758888,77.22069444
629166,8.295,77.29944445
629167,8.26,77.2881389
629168,8.35,77.22
629169,8.2666389,77.2546389
629170,8.3744028,77.15808335
629171,8.28,77.19
629172,8.3015278,77.1647778
629173,8.24,77.1742778
629174,8.2447639,77.3055139
629175,8.2432083,77.31929165
629176,8.26025,77.1465972
629177,8.325,77.2746528
629178,8.258375,77.2282639
629179,8.3078889,77.2403889
629180,8.2223472,77.3505278
629193,8.22575695,77.1816111
629201,8.16,77.38
629202,8.1264028,77.3285
629203,8.16081945,77.3433889
629204,8.15694445,77.32008335
629251,8.18019445,77.2657778
629252,8.1381528,77.365
629301,8.25,77.5214167
629302,8.22,77.48
629401,8.1472778,77.56
629402,8.17155555,77.50191665
629403,8.1518889,77.49844445
629501,8.1206528,77.41
629502,8.130835,77.36364
629601,8.11,77.44
629602,8.1076944,77.465
629701,8.11422,77.49975
629702,8.1,77.54
629703,8.13,77.51
629704,8.1635139,77.475
629801,8.1972778,77.36154165
629802,8.19,77.3055833
629803,8.196625,77.281445
629804,8.21,77.29
629809,7.6503611,42.7738611
629810,8.2061111,77.3264444
629851,8.3108472,77.425
629852,8.26004165,77.44268055
629901,8.22,77.45
630001,10.0708887,78.7656389
630002,10.0714919,78.771625
630003,10.07639475,78.783248
630005,10.0381,78.78403
630101,10.1542725,78.732739
630102,10.1612,78.7764
630103,10.55649045,78.8485439
630104,10.1044575,78.8264335
630105,10.1907685,78.805722
630106,10.1114305,78.80543
630107,10.1479025,78.79791005
630108,10.084392,78.882176
630201,10.18455555,78.53943055
630202,10.0430556,78.808408
630203,10.185,78.5884495
630204,10.05,78.619893
630205,10.199427,78.650537
630206,10.103394,78.6943965
630207,10.0963,78.659817
630208,10.11256735,78.7411813
630210,10.0694275,78.549829
630211,10.1115565,78.57
630212,10.1594965,78.653168
630301,10.0219173,78.7708889
630302,9.946864875,78.82148898
630303,9.947121,78.87
630305,9.9977855,78.685
630306,9.91628315,78.61350905
630307,10.066677,78.723111
630309,10.346775,78.442493
630311,9.9176944,78.7743056
630312,9.8469167,78.8633889
630313,10.01,78.61
630314,9.98556735,78.82219665
630321,9.862356,78.6782085
630405,10.242403,78.580179
630408,9.8,78.76
630410,10.3066365,78.4756035
630411,9.85107,78.73
630501,10.145541,78.47337
630502,10.218841,78.4228711
630551,9.825,78.655
630552,9.95,78.46
630553,10,78.49
630554,9.764632,78.66
630555,9.92,78.64
630556,9.84,78.59
630557,9.915,78.51
630558,9.90679165,78.52368055
630559,9.7942945,78.402544
630561,9.85046518,78.4902508
630562,9.845,78.435
630566,10.043383,78.510293
630602,9.7545955,78.38928
630606,9.689865333,78.45439
630609,9.69,78.43
630610,9.74,78.33
630611,9.8,78.24
630612,9.825,78.2
630702,9.63,78.6263515
630709,9.665,78.6383235
630710,9.63,78.717317
630713,9.6965975,78.73486
631001,13.08555295,79.67644665
631002,13.08271,79.62825
631003,13.1318,79.670803
631004,13.1107819,79.69295
631005,12.99985,79.61852
631006,13.14127,79.7168
631051,12.9681,79.58625
631052,12.91726,79.583
631101,13.1051471,79.6171118
631102,13.08270886,79.67080314
631151,13.082713,79.670799
631152,12.9809911,77.6830238
631201,12.827,79.6873
631202,13.1733102,79.6167577
631203,13.100754,79.87165
631204,13.1435215,79.8932108
631205,13.17331033,79.61675757
631206,13.1733135,79.6167544
631207,13.33877176,79.44295297
631208,13.13815,79.8231
631209,13.1733124,79.6167555
631210,13.16676,79.74841
631211,13.1733145,79.6167534
631212,13.24323,79.63968
631213,13.173312,79.6167559
631301,13.17331267,79.61675523
631302,13.1161,79.8716
631303,12.99985,79.61852
631304,13.16849,79.6167569
631402,13.02485,79.8263
631501,12.83358103,79.70573913
631502,12.8522,79.711573
631551,12.8341855,79.7036282
631552,12.83418117,79.70363253
631553,12.96747286,79.94181214
631561,12.8341865,79.7173079
631601,12.83418717,79.7036272
631603,12.83418325,79.70363045
631604,12.967469,79.941816
631605,12.79555,79.757464
631606,12.7798,79.8760278
631701,12.9623,80.1986
631702,12.7752,79.6805
632001,12.90984775,79.1351402
632002,12.8923611,79.2325556
632004,12.9246111,79.134375
632006,12.9474,79.1320278
632007,12.99121945,79.1444111
632008,12.929662,79.7628333
632009,12.93260555,79.23269165
632010,12.9221639,79.09398055
632011,12.8172,79.13135
632012,12.9155833,79.1320278
632013,12.9382778,79.4363889
632014,12.9682055,79.1636395
632055,12.89189165,79.1101139
632057,13.3770833,79.2962778
632058,12.5468472,79.1598639
632059,12.9974,79.126625
632101,12.872,78.9824
632102,12.6763,79.0036
632103,12.7542,78.9348
632104,12.91589165,79.02465
632105,12.87745,79.05385
632106,12.9867,79.1934
632107,12.7809,78.8524
632113,12.778,79.0891
632114,12.9155833,79.05
632115,12.9155833,79.1320278
632201,12.964183,78.9813375
632202,12.9745,79.0674
632203,13.001877,78.990717
632204,12.9428,79.0147
632209,12.962376,78.965571
632301,12.6696236,79.28540418
632311,13.109,79.6262
632312,12.729,79.6059
632313,12.729,79.6059
632314,12.729,79.6059
632315,12.7209,79.1815
632316,12.729,79.6059
632317,12.5667,79.7072
632318,12.90445125,79.31914735
632319,12.7732,79.1842
632326,12.7231,79.5738
632401,12.928303,79.332485
632403,12.94605,79.347
632404,12.9269342,79.3289443
632405,12.9249696,79.3668415
632406,12.9155833,79.1320278
632501,12.92496517,79.36684593
632502,13.08271074,79.6708014
632503,12.90427166,79.32073929
632504,12.904453,79.3191456
632505,13.009,79.4925
632506,12.7509,79.42044
632507,12.90445125,79.31914735
632508,12.92496531,79.36684579
632509,12.91145,79.2726
632510,13.08270725,79.67080475
632511,12.85165,79.4246
632512,12.81779395,79.3191491
632513,12.93218089,79.36532268
632514,13.13813,79.25236
632515,13.00585,79.20795
632516,12.97755,79.2565
632517,12.9249646,79.36684675
632518,12.902,79.3567
632519,12.9165357,79.2112
632520,13.04538,79.25931
632521,12.9044475,79.3191511
632531,12.93035,79.51515
632601,12.995511,78.8653645
632602,12.942358,78.8609865
632603,13.061615,78.953638
632604,12.974804,78.8174275
635001,12.5296,78.2064
635002,12.5186313,78.21371749
635101,12.5186223,78.2137255
635102,12.28468,77.68421
635103,12.73303767,77.83014933
635104,12.53099078,78.20345039
635105,12.733042,77.9028053
635106,12.51862255,78.21372525
635107,12.5498,77.8328
635108,12.5186263,78.2161944
635109,12.7369685,77.8505178
635110,12.6500812,77.8056342
635111,12.3106,78.188
635112,12.51862152,78.21372628
635113,12.5907,77.82955
635114,12.7330395,77.8101055
635115,13.03379,80.18074
635116,12.51205,78.0265
635117,12.73303933,77.83014767
635118,12.5498,77.66064
635119,12.60645,77.94255
635120,12.51862569,78.21372207
635121,12.51861997,78.2136555
635122,12.5186233,78.2137245
635123,12.53096498,78.20343783
635124,12.5275,78.2161944
635126,12.7609444,77.7969444
635130,12.7330375,77.8301495
635201,12.12,78.15
635202,12.18465,78.3494
635203,12.53098857,78.20345263
635204,12.5275,78.2161944
635205,12.213389,78.1815
635206,12.5309879,78.2235
635207,12.2630139,78.49901955
635301,11.91179815,78.3628606
635302,12.0318,78.293875
635303,12.10915,78.2945
635304,12.2193,78.4689
635305,12.05135386,78.48027543
635306,12.3125556,78.4883791
635307,12.25075,78.63313
635601,12.488866,78.5595495
635602,12.489161,78.5552955
635651,12.524829,78.508062
635652,12.4004195,78.600689
635653,12.481582,78.617048
635654,12.4271495,78.48018
635655,12.404419,78.687126
635701,12.5963475,78.7959565
635702,12.526192,78.653419
635703,12.5554495,78.889292
635710,12.56709,78.714112
635751,12.6791045,78.609658
635752,12.647631,78.671075
635754,12.702842,78.615761
635801,12.675961,78.557157
635802,12.785572,78.721397
635803,12.937771,78.918866
635804,12.856372,78.881224
635805,12.8663065,78.7796
635806,12.918684,78.8657935
635807,12.735785,78.6848595
635808,12.841919,78.713297
635809,12.903581,78.928343
635810,12.944974,78.725423
635811,12.7881525,78.681872
635812,12.844366,78.782409
635813,12.88877,78.828353
635814,12.754791,78.710204
635815,12.620284,78.5674165
635851,12.574149,78.582402
635852,12.591359,78.520968
635853,12.561664,78.632448
635854,12.577717,78.468703
635901,12.4861755,78.4600955
636001,11.65593303,78.16049957
636002,11.6530157,78.1415059
636003,11.6630417,78.18070435
636004,11.67184075,78.13680555
636005,11.6709125,78.1118915
636006,11.64179288,78.15178654
636007,11.6650741,78.1529238
636008,11.6909318,78.176259
636009,11.65949233,78.141937
636010,11.6209079,78.1173315
636011,11.719927,78.0721505
636012,11.7417435,78.1117075
636013,11.6698735,78.0298525
636014,11.6647187,78.19902325
636015,11.6509705,78.16791915
636016,11.6771655,78.1455144
636017,11.6706219,78.2132378
636030,11.669481,78.05218
636101,11.5466245,78.7969305
636102,11.5982778,78.5984722
636103,11.6751901,78.2424321
636104,11.73944895,78.3988907
636105,11.4834719,78.62940215
636106,11.6740392,78.279626
636107,11.5675278,78.4948889
636108,11.6117507,78.54584595
636109,11.6207999,78.51538085
636110,11.4465451,78.5463264
636111,11.65301335,78.3311793
636112,11.6075635,78.7554099
636113,11.44284575,78.4727456
636114,11.7801572,78.518527
636115,11.64325055,78.4096357
636116,11.4811285,78.7556603
636117,11.7019887,78.4540799
636118,11.580879,78.26087715
636119,11.64004285,78.47708505
636121,11.56965105,78.68572615
636122,11.7114602,78.2498195
636138,11.7454191,78.6241963
636139,11.723673,78.3337917
636140,11.6620887,78.21378075
636141,11.5995999,78.6141434
636142,11.4314047,78.3803215
636201,11.6059824,78.1461277
636202,11.563927,78.379146
636203,11.5599299,78.13239
636204,11.5695973,78.2015493
636301,11.500421,78.162835
636302,11.679802,78.100113
636303,11.856368,77.7240795
636304,11.702505,78.054301
636305,11.828991,78.0748755
636306,11.64701,77.9430575
636307,11.649258,78.0845925
636308,11.5778471,78.07188775
636309,11.787696,78.05229
636351,11.882097,78.09122
636352,11.93534,78.48976
636354,11.927395,78.184857
636401,11.789156,77.801005
636402,11.805207,77.822574
636403,11.8148255,77.8400025
636404,11.819752,77.857503
636406,11.772602,77.810107
636451,11.829011,77.965822
636452,11.769236,77.785898
636453,11.823823,77.922176
636454,11.773399,77.891677
636455,11.7459205,78.0313595
636456,11.795245,77.815242
636457,11.751255,77.869565
636458,11.872638,77.901836
636501,11.6964875,77.8781785
636502,11.710974,77.970629
636503,11.747367,77.968625
636601,11.8061786,78.25207615
636602,11.84584905,78.2242932
636701,12.14310455,78.15892915
636704,12.1274165,78.1580235
636705,12.12,78.175
636803,12.132578,78.0185869
636804,12.12,78.1580215
636805,12.30541075,78.07038325
636806,12.3875,78.00225
636807,12.1009708,78.1236281
636808,12.30457778,78.070662
636809,12.13257686,77.89556714
636810,12.13258,77.895563
636811,11.98091,77.91995
636812,12.305409,78.070385
636813,12.13115,77.97375
636902,11.87,78.38
636903,12.0373752,78.4803235
636904,11.91665883,78.36495347
636905,11.91363923,78.36586392
636906,12.05135322,78.48032178
636907,11.988075,78.5806125
637001,11.22259263,78.16963903
637002,11.1910025,78.1748952
637003,11.25451,78.1265014
637013,11.1422435,78.273723
637014,11.350641,78.1702778
637015,11.0801025,78.1434841
637017,11.130914,78.0984305
637018,11.380853,78.124523
637019,11.323175,78.146496
637020,11.103476,78.2152365
637021,11.153754,78.365383
637101,11.6121766,77.823315
637102,11.5711944,77.9068368
637103,11.5414327,77.9581797
637104,11.5368421,77.74077785
637105,11.6009525,77.8629795
637107,11.6017294,77.76489945
637201,11.3023885,77.9467605
637202,11.384303,78.005859
637203,11.244425,77.9475278
637204,11.15010495,77.93920805
637205,11.396455,77.94569995
637206,11.2140995,78.004658
637207,11.1989833,78.0783
637208,11.1055833,77.930467
637209,11.3897555,77.8877343
637210,11.2760865,77.8478195
637211,11.3743889,77.88734725
637212,11.298712,78.047085
637213,11.1503889,77.8919167
637214,11.3423691,77.86989995
637215,11.364598,77.8355683
637216,11.37081,78.07437
637301,11.4788383,77.868889
637302,11.45083135,77.90660415
637303,11.4609138,77.81097365
637304,11.4140549,77.83558775
637401,11.445034,78.156366
637402,11.3950849,78.2562236
637403,11.428912,78.121898
637404,11.33002695,78.2496671
637405,11.2332444,78.21516
637406,11.444846,78.265285
637407,11.49014,78.2397745
637408,11.4664375,78.1906615
637409,11.28729085,78.23421665
637410,11.4123866,78.061862
637411,11.3154016,78.3747116
637412,11.414268,78.213368
637501,11.5318314,78.0514588
637502,11.608402,78.005289
637503,11.4649922,78.02482985
637504,11.56519,78.0188205
637505,11.494819,78.088533
638001,11.3423985,77.73251495
638002,11.3142473,77.7450396
638003,11.35617425,77.7236265
638004,11.3457136,77.71626575
638005,11.38544775,77.6981828
638006,11.367387,77.745602
638007,11.3358251,77.7754171
638008,11.38309265,77.7559473
638009,11.318635,77.70921
638010,11.3639633,77.7848031
638011,11.337861,77.70715
638012,11.3202778,77.6779167
638051,11.14343745,77.58933115
638052,11.269843,77.575333
638053,11.284883,77.557972
638054,11.3661505,77.452524
638055,11.319318,77.487985
638056,11.230029,77.487133
638057,11.3040145,77.5419255
638060,11.168078,77.565791
638101,11.1583143,77.7044495
638102,11.379084,77.654954
638103,11.248293,77.442905
638104,11.231604,77.7709756
638105,11.01843745,77.7445486
638106,10.76641,77.73747
638107,11.339886,77.6411865
638108,11.07932875,77.66703055
638109,11.11267835,77.78708345
638110,11.342252,77.4573
638111,10.91682,77.7072089
638112,11.2594024,77.6717449
638115,11.2368872,77.72878765
638116,11.37112,77.58686
638151,11.0619735,77.8510692
638152,11.1077311,77.8678366
638153,11.240349,77.827108
638154,11.1974335,77.847707
638181,11.1210885,77.9898225
638182,11.1132116,78.025625
638183,11.44343055,77.7251893
638301,11.4532075,77.684661
638311,11.615569,77.7302815
638312,11.4675405,77.625611
638313,11.483936,77.49982
638314,11.577654,77.648621
638315,11.479323,77.566537
638316,11.436789,77.673911
638401,11.54867,77.2197
638402,11.461325,77.226291
638451,11.4854623,77.13857815
638452,11.456898,77.4281105
638453,11.495881,77.405351
638454,11.4486675,77.293525
638455,11.43373395,77.5512115
638456,11.376018,77.410892
638457,11.4188305,77.3456855
638458,11.359793,77.331852
638459,11.352943,77.149614
638460,11.300517,77.285158
638461,11.720152,76.965151
638462,11.345927,77.252092
638476,11.4535595,77.443377
638501,11.602304,77.579366
638502,11.541356,77.5147375
638503,11.5321565,77.2984405
638504,11.6545695,77.688592
638505,11.524721,77.450542
638506,11.507282,77.3729485
638656,10.7328056,77.5261944
638657,10.72724555,77.44836
638660,10.94306,77.46562
638661,10.7636844,77.62182
638672,10.67960835,77.4772639
638673,10.69958,77.5618285
638701,11.00783335,77.55798665
638702,10.84719,77.4082
638703,10.88945165,77.520455
638706,10.837805,77.5762105
638751,11.165209,77.490791
638752,11.157553,77.434967
638812,11.20601,77.4221265
639001,10.9612685,78.07996297
639002,10.94,77.99
639003,10.9300635,78.055
639004,10.97041665,78.105
639005,10.88,78.0855278
639006,10.9762222,78.0788611
639007,10.91,78.11
639008,10.99,78.04
639101,10.8731579,78.60613315
639102,10.91,78.265
639103,10.8410745,78.5869893
639104,10.94038887,78.41725695
639105,10.94994445,78.32918055
639107,10.9,78.45
639108,10.94,78.22
639109,10.825,77.98580555
639110,10.83,78.51
639111,10.9602222,77.91
639112,10.89478065,78.48635875
639113,11.07,78.04
639114,10.95,78.1525972
639115,10.88624825,78.5566061
639116,11.005,78.105
639117,11.06,77.96
639118,10.8463333,78.14
639119,10.85,78.32
639120,10.8,78.39
639136,11,78
639201,10.77258,77.87483
639202,10.775364,77.88125
639203,10.68,78.0039444
639205,10.675,77.86
639206,10.945,77.82
639207,10.72,77.88
641001,10.99616667,76.95646667
641002,11.0095,76.953
641003,11.011,76.9352
641004,11.02780835,76.7990111
641005,10.9998611,77.0308056
641006,11.0475766,76.9669067
641007,11.0081513,76.9130198
641008,10.9414,76.95201
641009,11.011,76.9661
641010,10.96281745,76.8741966
641011,11.026244,76.94735
641012,11.01969415,76.962067
641013,11.02071,76.93631
641014,11.02581,77.02456
641015,11.00708,77.0229
641016,11.00594,77.04707
641017,11.0858666,76.9302883
641018,11.00223843,76.97298657
641019,11.17829335,76.95864295
641020,11.151635,76.945745
641021,10.9321025,76.9774725
641022,11.101868,76.9537677
641023,10.964485,76.98702
641024,10.9579,76.9882
641025,11.03766455,76.92874845
641026,10.9887483,76.94009915
641027,11.02685,76.967908
641028,11.00250165,76.99637045
641029,11.06692245,76.95043665
641030,11.0445558,76.93944765
641031,11.11005545,76.9404185
641032,10.84572495,76.9655983
641033,11.01112,77.03619
641034,11.08107,76.94401
641035,11.07529,76.997219
641036,10.975509,76.994727
641037,11.01788,76.9844
641038,11.01822,76.957959
641039,11.1812,77.0798
641040,11.042,76.9498
641041,11.022355,76.910675
641042,10.95774,76.92312
641043,11.01983,76.9516
641044,11.01743,76.9844
641045,11.0041,77.016995
641046,11.1469125,76.8211083
641047,11.166221,76.94661165
641048,11.08639295,77.0509989
641049,11.0611,76.98524
641050,11.0429,77.1139
641051,11.055437,77.016114
641062,11.0588333,77.0679758
641063,11,76.9632
641101,10.9483733,76.80568495
641103,11.01270865,77.0744491
641104,11.247892,76.922077
641105,10.8810425,76.938935
641107,11.148271,77.0569639
641108,11.081127,76.8486033
641109,10.99207,76.8135516
641110,11.1415463,77.0100402
641111,10.990705,76.9986575
641112,10.8951113,76.9039393
641113,11.225386,76.878627
641114,10.9503716,76.7416308
641201,10.90718165,77.0705258
641202,10.8362,77.0841
641301,11.2925556,76.9401667
641302,11.326126,77.020673
641305,11.308852,76.92551
641401,11.025234,77.164253
641402,11.0091735,77.129127
641407,11.0843889,77.1169167
641601,11.1078889,77.3409444
641602,11.112516,77.3408
641603,11.119729,77.328178
641604,11.094687,77.34838
641605,11.038237,77.353399
641606,11.10077365,77.4230405
641607,11.121855,78.2874345
641652,11.143804,77.315212
641653,11.238742,77.1020668
641654,11.1839715,77.3048
641655,11.246076,77.202431
641658,10.9737865,77.1600195
641659,11.1454105,77.1439875
641662,11.009173,77.22399
641663,11.083971,77.257577
641664,10.999667,77.283615
641665,11.02597,77.43375
641666,11.197235,77.3693995
641667,10.910906,77.369767
641668,11.089898,77.191804
641669,10.887889,77.426191
641670,11.212645,77.195181
641671,10.845753,77.257064
641687,11.0924825,77.31232
641697,11.243189,77.0330065
642001,10.6571,77.00625
642002,10.66915,77.01575
642003,10.6561,77.034
642004,10.6463,76.9795
642005,10.6773,76.9694
642006,10.6467,77.0073
642007,10.5052,76.9873
642101,10.4863,76.9669
642102,10.5412,77.12421885
642103,10.6337,76.9407
642104,10.5814,76.9334
642105,10.4135,76.9964
642106,10.8061361,76.9551111
642107,10.6219,77.1485
642108,10.5096959,76.9954145
642109,10.8044,77.02575
642110,10.7464,77.0193
642111,10.597325,77.31805
642112,10.79315,77.372625
642113,10.554956,77.363856
642114,10.5407,76.9833
642117,10.2775,76.9267
642120,10.7339,77.1088
642122,10.6028,77.2024
642123,10.596,77.01445
642125,10.3016,76.8774
642126,10.5896278,77.24485835
642127,10.3294,76.9567
642128,10.5773,77.2753
642129,10.5657,76.9205
642130,10.49679185,77.00242965
642132,10.80426,77.15777
642133,10.58,76.922425
642134,10.5701,76.9878
642154,10.5853,77.2577
642201,10.6896,77.2805
642202,10.7854,77.143
642203,10.6024,77.377
642204,10.48818733,77.35317333
642205,10.6791,77.2175
642206,10.7216331,77.2941371
642207,10.5544354,77.11909065
643001,11.4105576,76.7052852
643002,11.427082,76.754072
643003,11.34945,76.700578
643004,11.374887,76.656612
643005,11.4720125,76.6517125
643006,11.34945,76.802858
643007,11.46,76.71
643101,11.34945,76.802858
643102,11.3450222,76.7910346
643103,11.38,76.81
643105,11.349202,76.780051
643201,11.407559,76.873645
643202,11.365208,76.768175
643203,11.320415,76.692322
643204,11.2958035,76.6796695
643205,11.443998,76.5324455
643206,11.4589425,76.741071
643207,11.454725,76.616429
643209,11.318274,76.62368
643211,11.53,76.5
643212,11.493697,76.44
643213,11.312377,76.7386295
643214,11.429483,76.8033345
643215,11.366089,76.7289315
643216,11.43583335,76.9433878
643217,11.440303,76.860509
643218,11.287286,76.7369635
643219,11.252436,76.64408
643220,11.438345,76.7952705
643221,11.292057,76.702688
643223,11.53806,76.6851265
643224,11.405,76.6804765
643225,11.514765,76.41
643226,11.430798,76.463178
643231,11.36510985,76.78976815
643233,11.4,76.1
643236,11.4397375,76.9445715
643237,11.462455,76.62
643238,11.3085815,76.785157
643239,11.463963,76.568821
643240,11.577263,76.363005
643241,11.492393,76.385087
643242,11.374659,76.909001
643243,11.378285,76.742614
643253,11.34945,76.802858
643270,11.492,76.382
670001,11.8739317,75.36780745
670002,11.874535,75.37019
670003,11.86245555,75.3841392
670004,11.874535,75.37019
670005,11.89072435,75.37566785
670006,11.874535,75.4282772
670007,11.85071935,75.3944968
670008,11.874535,75.37019
670009,11.876084,75.37116495
670010,11.874535,75.37019
670011,11.9156629,75.3606755
670012,11.76392155,75.4660796
670013,11.874535,75.37019
670014,11.874535,75.37019
670017,11.874535,75.37019
670018,11.874535,75.37019
670051,11.874535,75.37019
670101,11.751684,75.490456
670102,11.73,75.51
670103,11.756684,75.505456
670104,11.753368,75.490912
670105,11.766684,75.505456
670106,11.753368,75.490912
670107,11.761684,75.510456
670141,12.041767,75.356861
670142,12.041767,75.3999853
670143,12.03475855,75.33838385
670301,11.9765134,75.3186392
670302,11.874535,75.37019
670303,11.9640417,75.328375
670304,11.874535,75.37019
670305,11.96447525,75.29415945
670306,12.1525145,75.3222685
670307,12.12726765,75.219087
670308,12.04948335,75.2107742
670309,12.0715235,75.2486658
670310,12.041767,75.356861
670325,11.874535,75.37019
670327,12.041767,75.356861
670331,11.874535,75.37019
670334,12.04696285,75.3363407
670353,12.22703455,75.3173938
670358,11.874535,75.37019
670501,11.874535,75.37019
670502,12.0381304,75.35978715
670503,12.070681,75.293461
670504,11.9791183,75.32521
670511,12.2871095,75.4067936
670521,12.1715923,75.22644095
670561,11.9428357,75.3671336
670562,12.041767,75.356861
670563,12.0312396,75.3659943
670567,11.98364,75.3628974
670571,12.20625825,75.4752802
670581,12.1524106,75.4081968
670582,12.1204109,75.5123836
670591,11.874535,75.4378581
670592,11.93558675,75.45886695
670593,12.004914,75.5617762
670594,11.8837288,75.38905945
670595,11.9285562,75.5119729
670601,11.9565822,75.3876042
670602,11.99400655,75.4367818
670604,11.90714045,75.3930699
670611,11.88938935,75.42716615
670612,11.880378,75.529076
670613,11.8726351,75.4257715
670621,11.8637538,75.43982255
670622,11.8587435,75.47448295
670631,12.0456267,75.5001068
670632,12.0847297,75.5621234
670633,12.0940239,75.6086397
670641,11.761684,75.515456
670642,11.77,75.52
670643,11.822883,75.57
670644,11.825,75.915
670645,11.77,75.99
670646,11.885,76.04
670649,11.751684,75.505456
670650,11.841267,75.7
670651,11.88,75.85
670661,11.781684,75.480456
670662,11.753368,75.490912
670663,11.81,75.46
670671,11.74,75.53
670672,11.73,75.58
670673,11.905,75.715
670674,11.91,75.815
670675,11.705,75.59
670676,11.753368,75.490912
670691,11.805,75.57
670692,11.76,75.59
670693,11.7585,75.64
670694,11.766684,75.535456
670701,11.86,75.575
670702,11.94,75.61
670703,11.98,75.67
670704,11.98,75.75
670705,12.055,75.655
670706,12.05,75.73
670708,11.9142,75.5486
670721,11.74,76.07
670731,11.74,75.9
670741,11.84,75.49
671121,12.510552,74.985688
671122,12.5279,74.9845
671123,12.5339171,75.0314342
671124,12.552713,74.99447815
671310,12.1781085,75.164144
671311,12.1197988,75.1764261
671312,12.17169303,75.14642201
671313,12.21811918,75.1723192
671314,12.2807417,75.1534254
671315,12.31737924,75.08992643
671316,12.37992495,75.05905915
671317,12.4830832,75.0085398
671318,12.42707717,75.04682359
671319,12.44426388,75.03372335
671320,12.409685,75.093274
671321,12.6113012,74.9851678
671322,12.696249,74.98516745
671323,12.7373557,74.93329875
671324,12.65270675,74.9872718
671325,12.393615,75.089981
671326,12.31500931,75.34486047
671348,12.68913126,75.00736908
671351,12.21805553,75.12614757
671531,12.3323516,75.12742575
671532,12.4467927,75.3096645
671533,12.37188036,75.25386778
671534,12.3647129,75.3338769
671541,12.4897108,75.1420578
671542,12.50813579,75.1282682
671543,12.5579514,75.19617495
671551,12.60289765,75.07749296
671552,12.64446227,75.1282024
673001,11.252319,75.7791235
673002,11.2455766,75.78881045
673003,11.219558,75.795726
673004,11.25535485,75.78839355
673005,11.2847457,75.7748948
673006,11.2787457,75.7811009
673007,11.236455,75.84
673008,11.26,75.88
673009,11.35956725,75.8658152
673010,11.2871726,75.8
673011,11.26729085,75.77469605
673012,11.30179625,75.8381982
673014,11.2387145,75.901355
673015,11.1773685,75.8181065
673016,11.25,75.83
673017,11.26,75.83
673018,11.2140655,75.7993141
673019,11.2305956,75.871369
673020,11.28461,75.7910275
673021,11.3072304,75.7588887
673027,11.2193478,75.818713
673028,11.2043684,75.8005675
673029,11.21412295,75.8113654
673032,11.253258,75.7738185
673051,11.2488327,75.7798332
673101,11.5948068,75.5907543
673102,11.6456628,75.5689558
673103,11.5891208,75.5822324
673104,11.605,75.605
673105,11.57,75.63
673106,11.63,75.585
673121,11.607338,76.0831018
673122,11.64,76.08
673123,11.5714429,76.08346005
673124,11.67368755,76.065
673301,11.1509529,75.8143286
673302,11.1373371,75.826112
673303,11.3465591,75.740118
673304,11.38715625,75.735
673305,11.443246,75.694674
673306,11.4200625,75.7123125
673307,11.46,75.67
673308,11.6674887,75.58
673309,11.68876175,75.5532675
673310,11.71941095,75.54
673311,11.753368,75.490912
673312,11.753368,75.490912
673313,11.753368,75.490912
673314,11.0927244,75.8446802
673315,11.395,75.765
673316,11.753368,75.490912
673317,11.3623264,75.76435705
673323,11.45389583,75.7701875
673328,11.155523,75.830934
673501,11.6669429,75.60130955
673502,11.69,75.61
673503,11.66786665,75.6344998
673504,11.68792545,75.65262045
673505,11.71,75.615
673506,11.71,75.69
673507,11.67468235,75.71
673508,11.64,75.75
673509,11.73363855,75.65
673513,11.6764819,75.8
673517,11.7358593,75.68
673521,11.5431612,75.6110824
673522,11.51806405,75.6261662
673523,11.52859375,75.65834375
673524,11.55,75.71
673525,11.56,75.7605625
673526,11.57,75.8101875
673527,11.53,75.83148
673528,11.61209375,75.81490625
673529,11.49,75.64
673541,11.5870055,75.675
673542,11.6224956,75.63478885
673570,11.296291,75.872925
673571,11.306039,75.879255
673572,11.38,75.915
673573,11.48,75.93
673574,11.44,75.89
673575,11.64,75.98
673576,11.54,76.04
673577,11.5498642,76.14380615
673579,11.805,76.18
673580,11.4288045,76.01
673581,11.54,76.2230296
673582,11.36418,75.97
673585,11.35,75.87
673586,11.47,75.98
673591,11.6604463,76.18
673592,11.6634686,76.26
673593,11.6092093,76.2210734
673595,11.615,76.31565095
673596,11.7,76.18
673601,11.30493935,75.9401066
673602,11.295,76.02
673603,11.38,76.07
673604,11.3448326,76.08
673611,11.32,75.81
673612,11.45,75.83465625
673613,11.39,75.8315301
673614,11.5,75.79
673616,11.3450369,75.825
673620,11.46,75.71
673631,11.178528,75.8444605
673632,11.199427,75.856845
673633,11.18,75.91
673634,11.1520145,75.870909
673635,11.13271,75.894697
673636,11.133861,75.894026
673637,11.1820315,75.916633
673638,11.1388575,75.964726
673639,11.2450465,76.0603135
673640,11.071443,76.0331485
673641,11.174213,76.032914
673642,11.133794,76.041181
673645,11.198422,75.9206495
673647,11.245304,75.950804
673655,11.19338665,75.8232787
673661,11.265797,75.9569395
676101,10.9138336,75.92148985
676102,10.8505159,75.937236
676103,10.92961225,75.9458541
676104,10.9087669,75.923295
676105,10.902868,75.920557
676106,10.9284512,75.9468611
676107,10.9256634,75.9119385
676108,10.8572241,75.9404506
676109,10.9266264,75.9034974
676121,11.1207284,76.11588115
676122,11.1056583,76.1259255
676123,11.1527368,76.1223915
676301,10.8955196,75.9985693
676302,10.9772511,75.8853465
676303,11.05095922,75.86121154
676304,11.0484005,75.97906925
676305,11.0734571,75.9549405
676306,11.0417887,75.9206448
676307,10.9609784,75.89135405
676309,11.0156933,75.9097365
676311,11.060299,75.9196717
676312,11.0832748,75.8490379
676317,11.0971142,75.9013193
676319,11.070903,75.8536381
676320,10.9783129,75.915522
676501,10.99751975,75.9807569
676502,10.9047021,75.891155
676503,10.99905225,76.01099935
676504,11.0123265,76.0786855
676505,11.0457635,76.0741345
676506,11.044302,76.105175
676507,11.017101,76.120509
676508,11.0114383,75.94124325
676509,11.0807345,76.117499
676510,10.9681053,76.00005015
676517,11.101606,76.057464
676519,11.055217,76.0797
676521,11.092547,76.222667
676522,11.101003,76.256602
676523,11.12081945,76.3342082
676525,11.1737602,76.3325182
676528,11.0291143,76.0304873
676541,11.2296167,76.1171872
676542,11.242125,76.1828548
676551,10.9242737,75.9812629
676552,10.9102861,76.0779199
676553,10.9517263,76.0362897
676561,10.84712663,75.92075667
676562,10.82967595,75.9044038
678001,10.7744,76.6563
678002,10.799571,76.642318
678003,13.1964855,76.649309
678004,15.5934,76.6563
678005,10.799571,76.6563
678006,10.7869855,76.649309
678007,10.7744,76.642318
678008,10.7869855,76.649309
678009,10.7869855,76.649309
678010,10.799571,76.642318
678011,10.799571,76.642318
678012,10.799571,76.6563
678013,10.799571,76.642318
678014,10.799571,76.642318
678051,8.557342,76.881015
678101,10.6812,76.7052
678102,10.6812,76.7052
678103,13.1964855,76.673759
678104,10.799571,76.642318
678501,10.799571,76.6922
678502,10.799571,76.6922
678503,10.7398855,76.662959
678504,10.642185,76.544826
678505,10.642185,76.544826
678506,10.642185,76.7
678507,10.642185,76.7807
678508,15.5934,76.6482
678510,10.642185,76.5772
678512,10.799571,76.642318
678531,10.799571,76.642318
678532,10.7392855,76.678059
678533,10.799571,76.642318
678534,10.799571,76.7426
678541,10.642185,76.544826
678542,10.7395425,76.515713
678543,15.5934,76.4866
678544,10.8369,76.4866
678545,13.1177925,76.515713
678546,10.642185,76.544826
678551,15.5934,76.8344
678552,13.1964855,76.738359
678553,13.1964855,76.738359
678554,10.7682855,76.738359
678555,15.5934,76.8344
678556,10.737,76.8344
678557,15.5934,76.8344
678571,15.5934,76.4722
678572,10.7085,76.4722
678573,10.6753425,76.508513
678574,10.7085,76.4722
678581,11.3865,75.9491
678582,15.5934,75.5598
678583,11.2898,76.0788
678591,10.8368,76.5761
678592,15.5934,76.5761
678593,15.5934,76.5761
678594,13.1964855,76.609209
678595,15.5934,76.5761
678596,10.86551665,76.5574708
678597,13.25601955,76.5500937
678598,13.29719915,76.5425758
678601,11.00907362,76.34774738
678611,10.7912355,76.609209
678612,10.799571,76.5396
678613,10.7831,76.5032
678621,10.799571,76.5019
678622,15.5934,76.5019
678623,13.1964855,76.572109
678624,10.7390355,76.572109
678631,10.853,76.5217
678632,10.8978469,76.4064
678633,10.1019,76.291
678641,15.5934,76.498
678642,10.8296,76.498
678651,10.6785,76.642318
678661,13.1964855,76.709009
678671,13.1964855,76.572109
678681,10.6603425,76.523363
678682,10.6785,76.5019
678683,10.6785,76.5019
678684,10.6785,76.5019
678685,10.642185,76.544826
678686,13.1177925,76.523363
678687,10.6785,76.5019
678688,10.7145925,76.295663
678701,10.799571,76.8167
678702,13.73045,75.3576
678703,10.7224925,76.387663
678704,10.642185,76.544826
678705,10.642185,76.544826
678706,10.8028,76.2305
678721,10.7224925,76.387663
678722,13.1177925,76.387663
678731,13.1964855,76.436409
678732,10.799571,76.642318
678762,10.8930148,76.3409712
679101,10.7708266,76.3793866
679102,15.5934,76.3784
679103,13.18012411,76.39322455
679104,10.7730733,76.3635583
679105,10.7538539,76.3800437
679106,10.726977,76.397333
679121,15.5934,76.3784
679122,10.7709,76.3784
679123,10.76520745,76.32028
679301,10.75585692,76.43613618
679302,10.9449,76.0831
679303,10.80089231,76.18415069
679304,10.9347,75.9199
679305,10.9449,76.0831
679306,13.200985,76.14138915
679307,10.9449,76.0831
679308,11.2905,75.7923
679309,13.2426233,76.1361
679313,10.93829915,76.17702665
679321,10.982695,76.161725
679322,10.968978,76.239222
679323,10.919031,76.192863
679324,11.041203,76.139243
679325,11.026421,76.2710832
679326,11.068381,76.300042
679327,11.124208,76.281369
679328,11.1993408,76.2227447
679329,11.2780749,76.2292905
679330,11.2861443,76.2709023
679331,11.36228545,76.31257555
679332,11.244367,76.3167894
679333,11.3903177,76.33862345
679334,11.3599906,76.2660478
679335,10.4,76.3
679336,11.3361,75.8351
679337,15.5934,76.0723
679338,10.969182,76.149389
679339,11.22017505,76.25939305
679340,10.90209,76.243567
679341,10.9597015,76.301858
679357,10.9261475,76.275472
679501,11.9808,75.685
679502,13.22236665,76.16921665
679503,11.2807,75.9955
679504,11.0895958,76.1706108
679505,13.2176025,76.3052025
679506,13.24491,76.31211995
679511,13.1965341,76.4138082
679512,10.8756675,76.41750165
679513,10.918,76.4236
679514,10.918,76.4236
679515,10.8503683,76.41072
679516,10.8338737,76.4439152
679521,10.83455995,76.1694383
679522,15.5934,75.9995
679523,10.8922,75.9995
679531,10.743274,76.280446
679532,10.755082,76.23047
679533,15.5934,76.1166
679534,15.5934,76.1974
679535,10.9972,75.976
679536,10.73588949,75.976
679551,10.80990882,76.0499792
679552,10.78688846,76.04659475
679553,10.83030687,76.05249484
679554,10.80894224,76.06711159
679561,10.672445,75.99553
679562,10.664267,76.00321
679563,10.643983,76.026146
679564,10.6783,75.969417
679571,10.87207795,76.0439502
679572,10.86466,76.0979202
679573,10.8101032,76.0045487
679574,10.7916089,76.14197785
679575,10.7192814,76.0285341
679576,10.7854814,76.0011009
679577,10.7677201,75.9259013
679578,10.7949306,76.0288158
679579,10.730908,75.94950615
679580,10.70277945,75.9748408
679581,10.7318362,75.9755907
679582,10.8263089,75.9930002
679583,10.7765,75.92176
679584,11.1635188,75.9659952
679585,10.7530593,76.0357329
679586,10.7609112,75.934296
679587,10.7151823,75.9784036
679591,10.7689678,76.06874335
680001,10.516623,76.215858
680002,10.53344,76.20658
680003,10.523982,76.189762
680004,10.520833,76.20151
680005,10.521225,76.227285
680006,10.503368,76.226611
680007,10.499128,76.212977
680008,10.546367,76.226178
680009,10.553957,76.226327
680010,10.548553,76.212405
680011,10.529096,76.196178
680012,10.516082,76.177898
680013,10.56791,76.193528
680014,10.490822,76.270137
680020,10.529367,76.217038
680021,10.51469,76.210942
680022,10.5356,76.211339
680026,10.497415,76.223267
680027,10.484081,76.214813
680028,10.573286,76.258869
680051,10.30439668,76.12562572
680101,10.594141,76.041891
680102,10.6783,75.969417
680103,10.607339,76.038661
680104,10.600173,76.059714
680121,10.3469722,76.2076111
680122,10.3338611,76.1835
680123,10.27,76.2021944
680125,10.3615,76.2022639
680301,10.41975,76.2731111
680302,10.43,76.3
680303,10.42425,76.2796528
680304,10.43326405,76.43098695
680305,10.377625,76.26180555
680306,10.475218,76.239884
680307,10.30679627,76.33637037
680308,10.25878895,76.3366005
680309,10.27141665,76.325
680310,10.3952222,76.2279722
680311,10.29,76.36
680312,10.39,76.30995835
680317,10.4760278,76.2662639
680501,10.618829,76.121444
680502,10.627629,76.095208
680503,10.644706,76.065914
680504,10.618288,76.092524
680505,10.616904,76.036296
680506,10.580656,76.024932
680507,10.566259,76.060947
680508,10.552837,76.076236
680509,10.532477,76.085318
680510,10.524347,76.090419
680511,10.572847,76.072359
680512,10.559722,76.0356
680513,10.515282,76.080949
680514,10.538176,76.029171
680515,10.618475,75.998154
680516,10.592772,76.010164
680517,10.6391,76.07798
680518,10.654728,75.979006
680519,10.695014,76.080197
680520,10.64022,76.034503
680521,10.634215,76.062665
680522,10.5760547,76.0563766
680523,10.650199,76.05452
680524,10.5255944,76.0703988
680541,10.592301,76.154432
680542,10.688146,76.057091
680543,10.7141393,76.0643165
680544,10.687364,76.040541
680545,10.575071,76.162003
680546,10.608553,76.139101
680551,10.55284,76.1612
680552,10.564154,76.125112
680553,10.553295,76.17388
680555,10.562785,76.168132
680561,10.37,76.13
680562,10.4187222,76.23
680563,10.458923,76.191441
680564,10.418932,76.157529
680565,10.8761944,75.7173056
680566,10.414625,76.10768055
680567,10.38,76.13
680568,10.060625,76.2422639
680569,10.440961,76.095171
680570,10.4258889,76.1165556
680571,10.43129165,76.13420835
680581,10.596104,76.209332
680582,10.657944,76.246456
680583,10.709865,76.260809
680584,10.681002,76.166166
680585,10.719822,76.216641
680586,10.704102,76.320596
680587,10.68547,76.418654
680588,10.730677,76.428125
680589,10.658649,76.25563
680590,10.67089,76.247055
680591,10.720252,76.315668
680594,10.733628,76.419713
680596,10.613309,76.195413
680601,10.640358,76.156595
680602,10.597993,76.091313
680604,10.665632,76.105956
680611,10.509224,76.179385
680612,10.477407,76.11522
680613,10.471306,76.097196
680614,10.472259,76.078852
680615,10.502286,76.061116
680616,10.514448,76.055065
680617,10.497956,76.100174
680618,10.514877,76.196955
680619,10.484083,76.072434
680620,10.498096,76.14684
680623,10.651484,76.240937
680631,10.559976,76.235093
680641,10.4569,76.15522
680642,10.444745,76.125815
680651,10.535909,76.261833
680652,10.556424,76.328516
680653,10.524395,76.35502
680654,10.33132,76.17149
680655,10.522513,76.247585
680656,10.54861,76.287529
680661,10.3281944,76.2188056
680662,10.3012639,76.2353472
680663,10.2472778,76.21231945
680664,10.23095835,76.1880278
680665,10.5020556,76.2025278
680666,10.2,76.1715278
680667,10.19,76.2113333
680668,10.28,76.19
680669,10.20155555,76.19829165
680670,10.2732778,76.2121111
680671,10.2451667,76.1715
680681,10.34,76.15
680682,10.27,76.2445556
680683,10.33,76.26
680684,10.37,76.31
680685,10.2962222,76.167
680686,10.3026944,76.1355
680687,10.31,76.18
680688,10.31,76.1974444
680689,10.3930139,76.2912361
680691,10.2936944,76.1479444
680697,10.305,76.29
680699,10.38,76.4
680701,10.3686528,76.1909028
680702,10.39,76.13
680703,10.3793472,76.1391528
680711,10.41,76.2
680712,10.3773333,76.2186389
680721,10.34,76.39
680722,10.29,76.32
680724,10.335,76.405
680731,10.27,76.28
680732,10.23,76.264
680733,10.253633,76.2608415
680734,10.2083889,76.28
680741,10.345,76.285
680751,10.509503,76.259746
682001,9.965555556,76.24141667
682002,9.960648148,76.25930555
682003,9.949555556,76.27747222
682004,9.934527778,76.75088889
682005,9.935388889,76.25841667
682006,9.916210328,76.27548289
682007,9.8829844,76.28663764
682008,9.875320504,76.26437073
682009,9.968583333,76.25852778
682010,9.902055556,76.29983333
682011,9.971861111,76.28230556
682012,10.00158333,76.28205556
682013,9.938555556,76.29633333
682015,9.949527778,76.29244444
682016,9.985777778,76.28622222
682017,9.995722222,76.29205556
682018,9.991416667,76.28141667
682019,9.966611111,76.31794444
682020,9.966222222,76.29916667
682021,10.0237467,76.33348546
682022,9.750888889,76.36752778
682023,10.02311111,76.27319444
682024,10.03062764,76.30118353
682025,10.00216667,76.30438889
682026,10.01886111,76.02341667
682027,10.0525143,76.261303
682028,9.996611111,76.31897222
682029,9.939,76.2685
682030,10.02402539,76.33406784
682031,9.982777778,76.27944445
682032,9.984222222,76.31230556
682033,10.04055556,76.31805556
682034,10.04997097,76.29010455
682035,9.982388889,76.26930556
682036,9.962944444,76.29716667
682037,10.00816667,76.34425
682038,9.95075,76.33347222
682039,10.1102222,76.3595833
682040,9.928027778,76.32225
682041,10.0338157,76.29202598
682042,9.9718611,76.2823056
682050,9.981636,76.299884
682051,9.9704,76.2991
682052,10.0212,76.3438
682053,10.01907,76.30454
682301,9.945083334,76.34715278
682302,9.976305556,76.38519444
682303,9.9889775,76.39244444
682304,9.937833333,76.32336111
682305,9.939256545,76.37596735
682306,9.9732348,76.3353497
682307,9.85870555,76.38323015
682308,9.95031049,76.439122
682309,10.1102222,76.3595833
682310,9.9934631,76.42916667
682311,9.977678,76.4846135
682312,10.30474406,76.31930549
682313,9.8680408,76.4371711
682314,9.897240367,76.4177
682315,9.865604978,76.40380522
682316,9.980401,76.5351285
682317,9.857605,76.4169931
682501,10.11252778,76.20186111
682502,10.09425,76.20680556
682503,10.01927778,76.22741667
682504,10.00757322,76.25375152
682505,10.04730556,76.21755556
682506,10.00871,76.3326992
682507,9.923497166,76.25687895
682508,9.999471,76.23263889
682509,10.06627435,76.21699883
682511,10.1102222,76.3595833
682551,10.815331,73.681487
682552,11.124792,72.724956
682553,10.864102,72.198152
682554,11.645193,72.448981
682556,11.227927,72.778605
682557,10.067286,73.64425
682558,11.486575,73.0065
682559,8.274767,73.049009
683051,10.0923639,76.3235239
683101,10.10831867,76.35517333
683102,10.1262895,76.3415745
683104,10.8505159,76.2710832
683105,10.112801,76.416258
683106,10.084917,76.347613
683108,10.107864,76.345812
683110,10.0982995,76.3184515
683111,10.155737,76.389564
683112,10.085175,76.389718
683501,10.07406127,76.2998775
683502,10.0892609,76.3025801
683503,10.04308333,76.32858333
683511,10.1337866,76.291
683512,10.172748,76.235921
683513,10.1362679,76.2306262
683514,10.138916,76.193816
683515,10.17283,76.176726
683516,10.1879869,76.20304
683517,10.07051855,76.27593875
683518,10.10358295,76.27080895
683519,10.11803545,76.24429295
683520,10.1460833,76.2653964
683521,10.178611,76.224967
683522,10.16286045,76.20215085
683541,10.0474064,76.52742688
683542,10.115367,76.47652
683543,10.132032,76.463775
683544,10.165367,76.493485
683545,10.116796,76.5426415
683546,10.165627,76.537466
683547,10.1048625,76.44143
683548,10.116,76.4958
683549,10.0935,76.5451905
683550,10.09216241,76.2652328
683556,10.069971,76.4669245
683561,10.0660335,76.4035855
683562,10.030543,76.4288735
683563,10.067691,76.363909
683565,10.0130795,76.409233
683571,10.127015,76.387578
683572,12.8942055,76.3583
683573,10.177185,76.377443
683574,10.1810185,76.441536
683575,10.145852,76.426579
683576,10.242921,76.39357625
683577,10.2547306,76.40650785
683578,10.1553335,76.324307
683579,10.1856263,76.32723445
683580,10.127953,76.412396
683581,10.2486874,76.45176
683585,10.1517315,76.3540048
683587,10.184708,76.503984
683589,10.162305,76.36921
683594,10.1751535,76.2665658
685501,9.655395,76.964185
685503,9.71329,76.90497
685505,9.70094,77.00157
685507,9.711795,77.05026
685508,9.75618,77.11177
685509,9.615835,77.164845
685511,9.7406,77.07551
685512,9.666825,77.172645
685514,9.81341,77.09864
685515,9.7743335,77.0920305
685531,9.5827,76.99748
685532,9.54466,76.944465
685533,9.5852405,77.08017
685535,9.648945,77.10845
685551,9.71744,77.18101
685552,9.80187,77.2039
685553,9.84279,77.1324525
685554,9.90258,77.17643
685561,10.01864,76.9515
685562,9.98057,76.992085
685563,9.974755,77.02751
685565,10.02397,77.04143
685566,9.95462,77.1084
685571,9.92797,77.06723
685581,9.91184,76.80151
685582,9.93482,76.75602
685583,9.87186,76.650088
685584,9.89692835,76.7107972
685585,9.87963,76.73371
685586,9.860455,76.69883
685587,9.84422,76.728175
685588,9.86237,76.80135
685589,9.77943,76.85423
685590,9.818925,76.79744
685591,9.80502,76.83412
685595,9.888675,76.84905
685601,9.80314,76.86969
685602,9.87516,76.97884
685603,9.85524,76.94761
685604,9.904565,77.016435
685605,9.92138,76.729405
685606,9.95398,76.93091
685607,9.99349,76.80678
685608,9.90842,76.69348
685609,9.85685,77.04385
685612,10.07462,77.06117
685613,10.04558,77.19686
685614,10.17922,77.11521
685615,10.166905,77.233025
685616,10.10778,77.12711
685618,10.03881,77.19644
685619,9.96643,77.17569
685620,10.24734,77.16788
686001,9.591179333,76.52109933
686002,9.593096914,76.53531075
686003,12.5883815,76.5157045
686004,9.5869,76.5213
686005,9.59786205,76.50231445
686006,9.605192,76.52954
686007,9.529263,76.514385
686008,9.630991,76.520953
686009,9.577014,76.568306
686010,9.5906,76.5653
686011,15.5934,76.5333
686012,15.5934,76.528
686013,9.5634,76.528
686014,12.6008785,76.50276
686015,12.602696,76.4995065
686016,12.605769,76.529319
686017,9.591473,76.5191545
686018,9.570504,76.556867
686019,9.5634,76.528
686020,9.592127,76.5263
686021,9.541556,76.584709
686022,9.589517,76.476451
686041,9.616405,76.518911
686101,9.447115667,76.53905
686102,9.437656,76.536276
686103,9.4582445,76.536837
686104,9.463736,76.5467715
686105,9.4406255,76.575439
686106,9.4738821,76.56788585
686121,12.640712,76.7800255
686122,9.685411,76.779307
686123,9.659071,76.778536
686141,9.75008,76.39022
686143,9.762777,76.395246
686144,9.7471,76.3952
686146,15.5934,76.3952
686501,9.594722,76.6122725
686502,9.582026,76.644679
686503,9.603973,76.674276
686504,9.566281,76.7181815
686505,9.554616,76.716573
686506,9.562175,76.765913
686507,9.554465,76.795469
686508,9.6095645,76.777277
686509,9.473189,76.867143
686510,9.4287445,76.9009515
686511,9.428616,76.8591655
686512,9.564692,76.8444665
686513,9.5120165,76.9001124
686514,9.596447,76.886768
686515,9.551338,76.6901665
686516,9.5487555,76.616003
686517,9.537982,76.719408
686518,9.52856135,76.8117745
686519,9.5375434,76.76411
686520,9.5190223,76.78193085
686521,9.54149185,76.6545027
686522,9.5962205,76.7422805
686531,9.521532,76.523832
686532,9.49886,76.534816
686533,9.5306735,76.5363435
686534,9.494832,76.500004
686535,9.487585,76.54696
686536,9.479622,76.59874
686537,9.421823,76.583264
686538,9.5125013,76.5690087
686539,9.52694325,76.60535065
686540,9.497344,76.63434
686541,9.472227,76.710623
686542,9.509559,76.665854
686543,9.495795,76.751427
686544,9.4716392,76.767167
686545,9.47409575,76.6347058
686546,9.456663,76.5935435
686547,9.451856,76.745596
686548,9.425623,76.56226
686555,9.535689,76.6739075
686560,9.659962,76.530419
686561,9.6247355,76.4776365
686562,12.6310325,76.4859744
686563,9.5986538,76.4331702
686564,9.6,76.4333
686571,9.71781435,76.6190544
686572,9.685151,76.7063
686573,15.5934,76.7063
686574,15.5934,76.7063
686575,9.711655,76.68270933
686576,9.800026,76.66232167
686577,9.728,76.7063
686578,9.6977154,76.7247142
686579,9.7138,76.769
686580,15.5934,76.8128
686581,10.009432,76.5859115
686582,11.7225,75.6035
686583,12.630694,76.4922865
686584,10.3473,76.3741
686585,9.625157,76.6992255
686586,10.3473,76.3741
686587,10.3473,76.3741
686601,12.63953,76.505628
686602,12.629842,76.507166
686603,9.7499,76.4428
686604,9.766763,76.5
686605,9.779,76.4503
686606,9.7261,76.4065
686607,9.7108175,76.4218145
686608,9.798041667,76.39668
686609,9.832752,76.454825
686610,9.826994,76.5351
686611,15.5934,76.5351
686612,9.8204,76.5351
686613,9.8204,76.5351
686616,9.831784,76.468777
686630,9.646231,76.548739
686631,9.669308667,76.55827467
686632,9.669,76.5592
686633,9.755235,76.5592
686634,15.5934,76.5592
686635,15.5934,76.5592
686636,15.5934,76.5592
686637,9.644384,76.565606
686651,9.8204,76.5351
686652,9.774611,76.763481
686653,9.7771697,76.7026957
686661,9.980139,76.580462
686662,9.883714,76.5823932
686663,9.9352875,76.4889555
686664,9.894222,76.478764
686665,9.831685,76.54546
686666,10.055584,76.617727
686667,9.906198,76.522677
686668,9.9755095,76.6859075
686669,10.011385,76.5144325
686670,9.944919,76.652459
686671,10.00668,76.688459
686672,9.925916,76.6027885
686673,9.990762,76.583028
686681,10.128128,76.707666
686691,10.0597885,76.624207
686692,10.104101,76.6004445
686693,10.0508915,76.71295146
688001,9.49602205,76.33317985
688002,9.488295,76.334055
688003,9.33054445,76.26641445
688004,9.4193056,76.3353056
688005,9.402635,76.36626
688006,9.53163,76.348535
688007,9.5138889,76.3243333
688008,9.52954,76.31307
688009,9.4554789,76.3637339
688011,9.50633,76.3491111
688013,9.50419445,76.3427639
688014,9.4571944,76.3346389
688051,9.496734,76.336001
688501,9.47801,76.39267
688502,9.4485828,76.42148335
688503,9.44379,76.40359
688504,9.451185,76.4426111
688505,9.41335,76.40605555
688506,9.4831944,76.46797
688521,9.5381389,76.3322778
688522,9.57037,76.31567
688523,9.601079,76.31877
688524,9.686875,76.33898165
688525,9.60499,76.35916
688526,9.7956,76.3465
688527,9.66253,76.37454
688528,9.7744167,76.3389167
688529,9.715065,76.30308
688530,9.65175,76.299
688531,9.741915,76.302875
688532,9.756,76.307
688533,9.78508,76.30272
688534,9.4995,76.33819
688535,9.864065,76.33102
688536,9.7239722,76.3398611
688537,9.824,76.31
688538,9.57325,76.349
688539,9.668,76.33675
688540,9.771,76.302
688541,9.7445,76.3685
688555,9.6488056,76.3693611
688561,9.35351,76.369
688562,9.3690172,76.40975
688563,9.31481,76.390315
688570,9.8355,76.3515
688582,9.63068,76.325605
689101,9.3344722,76.5694861
689102,9.6310485,76.725123
689103,9.4239295,76.595936
689104,9.49,76.22
689105,9.38502185,76.5928615
689106,9.2642778,76.78725
689107,9.495103,76.7287465
689108,9.49,76.36
689109,9.56,76.46
689110,9.4356935,76.4687465
689111,9.39,76.57
689112,9.3765455,76.522706
689113,9.392006,76.551851
689115,9.43,76.8
689121,9.35043055,76.7063611
689122,9.3107685,76.637268
689123,9.32044,76.6363035
689124,9.329217,76.602627
689126,9.284884,76.612388
689501,9.21,76.678012
689502,9.22,76.71
689503,9.24,76.68
689504,9.284105,76.6590545
689505,9.287654,76.634081
689506,9.326921,76.57772
689507,9.7,76.7
689508,9.2689427,76.6021457
689509,9.2462925,76.634183
689510,9.3051315,76.5748305
689511,9.277268,76.584358
689512,9.192512,76.671645
689513,9.155,76.645
689514,9.28741665,76.6845972
689515,9.202668,76.676182
689520,9.288818,76.613617
689521,9.259814,76.635947
689531,9.34891,76.653919
689532,9.324452,76.67674
689533,9.327389,76.6864595
689541,9.462153,76.8531105
689542,9.374938,76.6333135
689543,9.397285,76.648296
689544,9.4061,76.683461
689545,9.376698,76.6988385
689546,9.350371,76.623942
689547,9.35962785,76.65508405
689548,9.373132,76.6734547
689549,9.34503,76.695431
689550,9.361472,76.701904
689551,9.358918,76.614879
689571,9.63,76.93
689572,9.363983,76.4998415
689573,9.369502,76.45
689574,9.18,76.89
689581,9.4297423,76.61282365
689582,9.4145915,76.4743185
689583,9.49,76.67
689584,9.44,76.65
689585,9.439395,76.6552018
689586,9.418748,76.716079
689587,9.44,76.685626
689588,9.8477465,77.891903
689589,9.6321735,76.5852445
689590,9.57,76.97
689591,9.66,76.93
689592,9.37,76.56
689594,9.437292,76.6284155
689595,9.6911375,76.710384
689597,9.94,76.26
689602,9.37,76.56
689611,9.362243,76.729734
689612,9.362243,76.729734
689613,9.389509,76.731617
689614,9.688442,78.672871
689615,9.4100645,76.7488015
689621,9.341538,76.508537
689622,9.320264,76.528446
689623,9.300686,76.541159
689624,9.2842165,76.556943
689625,9.252079,76.7108762
689626,9.33,76.36
689627,9.323881,76.49583
689641,9.3334028,76.71404165
689642,9.33,76.73
689643,9.29,76.74
689644,9.61,76.83
689645,9.1621389,76.853625
689646,9.2353333,76.8081389
689647,9.24466665,76.7488611
689648,9.215,76.775
689649,9.32,76.78
689650,9.31,76.87
689652,9,76.91
689653,9.27,76.83
689654,9.13,76.87
689656,9.22,76.79
689661,9.58,76.74
689662,9.3407778,76.895
689663,9.33,76.93
689664,9.31,76.83
689666,9.286666,76.8229099
689667,9.34,76.975
689668,9.535,76.705
689671,9.245,76.42
689672,9.35,76.79
689673,9.38269445,76.7874722
689674,9.385,76.77
689675,9.5949722,76.851
689676,9.44,76.82
689677,9.41874705,76.80304215
689678,9.31,76.7977024
689691,9.21,76.86
689692,9.25,76.87
689693,9.165,76.86
689694,9.12,76.89
689695,9.0976389,76.84
689696,9.08,76.92
689698,9.435,76.79
689699,9.24,76.93
689711,9.36045835,76.85
690101,9.2321365,76.537235
690102,9.2547965,76.5492055
690103,9.251952,76.517624
690104,9.26354,76.541721
690105,9.280764333,76.52380067
690106,9.2223225,76.523548
690107,9.215472,76.564845
690108,9.2463025,76.5588695
690110,9.2333125,76.56687
690112,9.2315542,76.636194
690501,9.1397445,76.593856
690502,9.18067,76.496766
690503,9.1768865,76.557887
690504,9.159844,76.6494
690505,9.1674085,76.5995685
690506,9.214685,76.449746
690507,9.23058,76.47676
690508,9.2116127,76.49715725
690509,9.2490635,76.587115
690510,9.19258,76.534287
690511,9.2553327,76.477657
690512,9.2762865,76.483934
690513,9.2650595,76.4664142
690514,9.30316695,76.4588735
690515,9.2462765,76.4150495
690516,9.2631395,76.4296605
690517,9.324818,76.440993
690518,9.06,76.54
690519,9.041513,76.565
690520,9.09,76.65
690521,9.04,76.61
690522,9.095,76.64
690523,9.077497,76.54
690524,9.345,76.605
690525,9.1,76.5
690526,9.125,76.525
690527,9.157041,76.495593
690528,9.105,76.51
690529,9.20492765,76.63381555
690530,9.1446385,76.622122
690531,9.1883345,76.4609255
690532,9.246754,76.452113
690533,9.138863,76.529384
690534,9.207223,76.601849
690535,9.17548,76.462233
690536,9.0375,76.55
690537,9.177328,76.530874
690538,9.02,76.59
690539,9.051852,76.332077
690540,9.04,76.67
690542,9.08,76.5
690544,9.075,76.53
690546,9.09,76.49
690547,9.12503685,76.49
690548,9.288798,76.429841
690558,9.2288515,76.6027395
690559,9.192272,76.51963
690561,9.12,76.61
690571,9.174527,76.623694
690572,9.1970445,76.492631
690573,9.05,76.51
690574,9.115,76.585
691001,8.88,76.585
691002,8.89,76.59
691003,8.91,76.56
691004,8.895,76.615
691005,8.91,76.64
691006,8.87,76.59
691007,8.88,76.57
691008,8.89,76.6
691009,8.89,76.58
691010,8.875,76.61
691011,8.86,76.625
691012,8.9,76.57
691013,8.89,76.58
691014,8.93,76.64
691015,8.9,76.62
691016,8.86,76.61
691019,8.9,76.61
691020,8.86,76.64
691021,8.88,76.62
691051,8.8870219,76.5900396
691301,8.81,76.67
691302,8.8,76.69
691303,8.83,76.66
691304,8.85,76.66
691305,9.0144444,76.9284722
691306,8.91875,76.91
691307,9,77
691308,8.96,77.07
691309,8.97,77.14
691310,8.9,77.04
691311,8.87,76.9580833
691312,8.93,76.98
691319,8.79,76.67
691322,9.005,76.9
691331,9.03,76.94
691332,9.02743055,76.90844445
691333,8.985,76.92
691334,8.835,76.69
691500,9.02,76.63
691501,8.97,76.69
691502,9,76.64
691503,8.985,76.67
691504,8.94,76.68
691505,8.99,76.72
691506,9,76.77
691507,9.035,76.72
691508,9.04,76.85
691509,8.94,76.72
691510,8.88,76.78
691511,8.95,76.645
691512,8.95,76.76
691515,8.93,76.71
691516,8.87,76.81
691520,8.93,76.8
691521,9.08,76.74
691522,9.08,76.78
691523,9.1568056,76.7304167
691524,9.14,76.79
691525,9.17,76.74
691526,9.105,76.7672541
691527,8.97,76.78
691530,9.2642778,76.78725
691531,8.99,76.78
691532,8.955,76.845
691533,8.9,76.84
691534,8.87,76.87
691535,8.83,76.87
691536,8.83,76.93
691537,8.89,76.77
691538,8.98,76.85
691540,8.93,76.705
691541,8.82,77.01
691543,9.02,76.685
691551,9.13,76.7
691552,9.1,76.66
691553,9.07,76.67
691554,9.16,76.7592361
691555,9.185,76.775
691556,9.1,76.79
691557,9.03,76.821
691559,8.815,76.965
691560,9.05,76.79
691566,9.03,76.765
691571,8.87,76.68
691572,8.86,76.71
691573,8.88,76.73
691574,8.81,76.78
691576,8.9,76.69
691577,8.9,76.67
691578,8.83,76.74
691579,8.86,76.735
691581,8.92,76.55
691582,8.95,76.535
691583,9.005,76.54
691584,8.98,76.55
691585,8.985,76.56
691589,8.87,76.66
691590,8.99,76.58
691601,8.95,76.61
691602,8.94,76.6
695001,8.4976345,76.9488475
695002,8.46656945,76.97456945
695003,8.415005,76.76893335
695004,8.519636,76.9412045
695005,8.42954055,76.77148335
695006,8.5003417,77.00163765
695007,8.487375,76.907159
695008,8.47,76.925
695009,8.4723232,76.95486505
695010,8.5120278,76.9707222
695011,8.53,76.916769
695012,8.4868056,76.9749135
695013,8.53,77
695014,8.29895,76.57725
695015,8.5526528,76.9375139
695016,8.546394,76.904599
695017,8.5524167,76.9153611
695018,8.4710278,76.98
695019,8.4702365,76.9896016
695020,8.44193055,77.025
695021,8.5024895,76.901593
695022,8.523932,76.879501
695023,8.38371,76.753245
695024,8.487724,76.92
695025,8.534885,76.948534
695026,8.44862325,76.9495407
695027,8.43009745,76.9593908
695028,8.591297,76.9498
695029,8.5,76.92
695030,8.5213515,76.980287
695032,8.4890623,76.9983191
695033,8.5077455,76.9519625
695034,8.502087,76.946376
695035,8.49120835,76.94170835
695036,8.482872,76.948762
695038,8.5663406,77.0091252
695040,8.4752134,76.9749273
695042,8.4172282,77.0204279
695043,8.56,76.9610358
695051,8.4847858,76.9426805
695099,8.5137772,76.9610509
695101,8.6858333,76.8023056
695102,8.7240833,76.833174
695103,8.698533,76.863613
695104,8.6708785,76.82745
695121,8.3230661,77.0623881
695122,8.3876111,77.1124167
695123,8.4718883,77.0495045
695124,8.4396389,77.12
695125,8.47816445,77.165
695126,8.4260864,77.0885103
695132,8.368762,77.104447
695133,8.37,77.09
695134,8.362619,77.09242
695141,8.7322245,76.72934165
695142,8.725821,76.7547
695143,8.750526,76.76679585
695144,8.72,76.770378
695145,8.76,76.74
695146,8.77471,76.7527215
695301,8.5788686,76.85119535
695302,8.611134,76.831258
695303,8.615995,76.802697
695304,8.65093055,76.7832222
695305,8.64,76.80225
695306,8.68,76.7705
695307,8.691784,76.7437985
695308,8.6878,76.765198
695309,8.666657,76.7643925
695310,8.7901955,76.724603
695311,8.7634167,76.694827
695312,8.70087615,76.7641018
695313,8.6474865,76.8666825
695316,8.61008,76.854259
695317,8.626492,76.849569
695318,8.706322,76.750595
695501,8.40957,77.04
695502,8.33,77.15
695503,8.39813745,77.1364967
695504,8.405,77.17520835
695505,8.47,77.2
695506,8.3190815,77.11
695507,8.4594167,77.0618611
695508,8.37251,77.14347
695512,8.46924,77.08
695513,8.3090599,77.0866031
695521,8.38,77
695522,9.3208592,76.8715562
695523,8.41,77.01654215
695524,8.38458335,77.0916389
695525,8.34,77.08
695526,8.34725,77.0386111
695527,8.394325,76.981135
695528,8.3741974,77.0019264
695541,8.62,77.03
695542,8.595,77.0829588
695543,8.56,77.0508899
695547,8.6201205,77.0299714
695551,8.68,77.105
695561,8.615125,76.9887361
695562,8.71179295,77.02874005
695563,8.72,77.07
695564,8.57,77
695568,8.69,76.981588
695570,8.5106,77.0519
695571,8.49,77.03445
695572,8.52,77.12
695573,8.52,77.01
695574,8.56,77.13
695575,8.537561,77.086665
695581,8.5618334,76.89204165
695582,8.5615833,76.8714722
695583,8.530338,76.8850705
695584,8.61,76.88279165
695585,8.58326681,76.8695
695586,8.5523655,76.85803
695587,8.568466,76.907907
695588,8.57630278,76.92521874
695589,8.636066,76.894943
695601,8.7658512,76.86573
695602,8.803203,76.82130709
695603,8.7859265,76.78331885
695604,8.82418,76.80872
695605,8.7533424,76.79984545
695606,8.7148505,76.8963525
695607,8.67,76.9230435
695608,8.753094165,76.93877416
695609,8.754455,76.984203
695610,8.717782,76.941154
695611,8.73143,76.78786
695612,8.753799,76.873169
695614,8.796164,76.880107
695615,8.631149,76.94
700001,22.34315,88.208625
700002,22.6167222,88.37158335
700003,22.60312033,88.36824997
700004,22.6005886,88.37501535
700005,22.59609715,88.35872205
700006,22.58858169,88.36744063
700007,22.58261757,88.35805737
700008,22.482,88.3104166
700009,22.4596187,88.2945208
700010,22.3411337,88.2412007
700011,22.5763322,88.3802448
700012,22.567875,88.361375
700013,22.5647778,88.3603889
700014,22.33029257,88.2172597
700015,22.3555602,88.2247217
700016,22.55155555,88.35797225
700017,22.5415771,88.35698745
700018,22.5225994,88.2851681
700019,22.52983333,88.36386113
700020,22.53995163,88.3477348
700021,22.3895,88.3375278
700022,22.54627775,88.32725
700023,22.54167356,88.32360413
700024,22.54307403,88.2881296
700025,22.5267222,88.3489167
700026,22.51900595,88.34546893
700027,22.52268747,88.33297913
700028,22.63752818,88.42270755
700029,22.51724998,88.35418745
700030,22.6190278,88.3886667
700031,22.507125,88.37181945
700032,22.4977778,88.3619444
700033,22.50410183,88.34649073
700034,22.4980424,88.31864222
700035,22.64792715,88.3658083
700036,22.6348889,88.371
700037,22.6073785,88.3865689
700038,22.5068055,88.3234166
700039,22.526584,88.38233353
700040,22.48340263,88.35204647
700041,22.5010972,88.3201111
700042,22.5453765,88.36569025
700043,22.5155868,88.3206012
700044,22.5521666,88.26711105
700045,22.5065,88.3569444
700046,22.4372798,88.29642685
700047,22.47191665,88.37655555
700048,22.35901915,88.2357915
700049,22.66,88.4
700050,22.6285,88.38456945
700051,22.66,88.425
700052,22.63169445,88.426875
700053,22.51387033,88.3283981
700054,22.3433531,88.2323556
700055,22.6085787,88.4074086
700056,22.6601389,88.3846389
700057,22.67,88.365
700058,22.685,88.37
700059,22.36964123,88.25451927
700060,22.5087916,88.29474995
700061,22.47963666,88.29203768
700062,22.3049,88.2056
700063,22.46838885,88.30774995
700064,22.3516847,88.24315983
700065,22.6408472,88.4108611
700066,22.5727778,88.3475
700067,22.5926111,88.38597215
700068,22.5064444,88.3668889
700069,22.5660972,88.3504722
700070,22.4075639,88.2879861
700071,22.5513333,88.3525833
700072,22.56629165,88.35422225
700073,22.34435,88.213375
700074,22.6232778,88.41123615
700075,22.4962843,88.38033613
700076,22.66,88.36
700077,22.6310278,88.3969444
700078,22.5076186,88.38383853
700079,22.64,88.43
700080,22.6009028,88.38433335
700081,22.65,88.44
700082,22.5222914,88.3436855
700083,22.665,88.385
700084,22.3421,88.232
700085,22.5681713,88.3835195
700086,22.48275,88.386
700087,22.5588889,88.3551111
700088,22.5138194,88.3069583
700089,22.48518735,88.3217607
700090,22.56269375,88.36959485
700091,22.3457796,88.2622542
700092,22.4854167,88.3686944
700093,22.28,88.2242
700094,22.483,88.3959167
700095,22.4970278,88.3573611
700096,22.274,88.215
700097,22.5737128,88.4054924
700099,22.4954527,88.4017125
700100,22.5254731,88.3951022
700101,22.6052431,88.4207263
700102,22.5947514,88.4311449
700103,22.429,88.3652
700104,22.435736,88.297314
700105,22.3332631,88.258562
700106,22.5718915,88.4137483
700107,22.5093758,88.40471485
700108,22.64916665,88.37588885
700109,22.68,88.39
700110,22.69,88.39
700111,23.2005615,88.622921
700112,22.72,88.39
700113,22.7,88.4
700114,22.7,88.37
700115,22.71,88.37
700116,22.7,88.37
700117,22.73,88.37
700118,22.73,88.38
700119,22.74,88.37
700120,22.77,88.35
700121,22.76,88.43
700122,22.78,88.38
700123,22.75,88.38
700124,22.71630557,88.4819891
700125,22.7632079,88.4952672
700126,22.7382053,88.4607231
700127,22.7098333,88.4678333
700128,22.6682031,88.5214795
700129,22.69803105,88.4617945
700130,22.7065277,88.4534651
700131,22.68845523,88.4455293
700132,22.6650268,88.6651655
700133,22.6629722,88.8713889
700134,22.67,88.83
700135,22.59228315,88.52692035
700136,22.64142965,88.4563994
700137,22.47,88.185215
700138,22.4575,88.1275
700139,22.435,88.234
700140,22.4973,88.247
700141,22.505,88.2505556
700142,22.3421,88.215
700143,22.3057,88.1727
700144,22.3615,88.4321667
700145,22.386,88.377
700146,22.2545,88.2559
700147,22.2445,88.2559
700148,22.4163055,88.4068194
700149,22.404956,88.407666
700150,22.462,88.422
700151,22.3823955,88.297596
700152,22.2832778,89.2292639
700153,22.45304,88.38598
700154,22.3566065,88.2881955
700155,22.6912471,88.4770194
700156,22.5726263,88.47129065
700157,22.48333545,88.3569245
700158,22.68,88.44
700159,22.4893541,88.34611775
700160,22.5595166,88.4896151
700161,22.6200334,88.465075
700162,22.5909343,88.4544308
700163,22.5831,88.4538
711101,22.58346784,88.33175814
711102,22.56861537,88.32297313
711103,22.56056253,88.3093611
711104,22.5826065,88.30443053
711105,22.59966155,88.31423445
711106,22.60273686,88.34000309
711107,22.6144722,88.35169445
711108,23.0191666,88.5302777
711109,22.56176293,88.27917667
711110,26.1413,80.0275
711111,22.5804,88.2751
711112,22.59086665,88.28608335
711113,22.6062,88.294
711114,22.6344,88.3027777
711115,22.650242,88.281835
711201,22.6394444,88.3416667
711202,22.6290417,88.35268055
711203,22.625425,88.3409333
711204,22.827718,88.34251385
711205,22.6594444,88.3285
711206,22.650242,88.281835
711225,22.5816944,88.3371944
711226,22.701614,87.9801835
711227,23.1543972,89.8274472
711301,22.4971,88.3371944
711302,23.08805,88.0206
711303,22.500855,87.916319
711304,22.5816944,88.3371944
711305,22.5004722,88.1725833
711306,22.5816944,88.3371944
711307,22.5167,88.131165
711308,22.5816944,88.3371944
711309,22.5284345,88.223444
711310,22.51412,88.17060805
711312,22.4040795,88.005042
711313,22.5576389,88.2305833
711314,22.262129,88.0374005
711315,22.410429,88.081527
711316,22.516482,87.975
711317,22.5816944,88.3371944
711322,22.545981,88.14538365
711331,22.33482,88.09818
711401,22.5211,88.1398
711403,22.5925677,88.3000212
711404,22.652393,88.143778
711405,22.640663,88.2231667
711408,22.6373892,88.1983642
711409,22.6176035,88.273794
711410,22.657077,88.053424
711411,22.612804,88.194978
711412,22.65159,87.973906
711413,22.562008,87.960435
711414,22.592482,88.088427
712101,22.88597223,88.40031945
712102,22.86904165,88.4662639
712103,22.82944445,88.39293055
712104,22.76499995,88.33361105
712105,22.21,88.39
712121,22.5955555,88.2636111
712122,22.95,88.39
712123,22.55,87.88
712124,22.74425,88.3548333
712125,22.7306195,88.2199051
712134,22.39,88.39
712135,22.35,88.32
712136,22.88825,88.40225
712137,22.88825,88.40225
712138,22.88825,88.40225
712139,22.845854,88.3541643
712146,22.95,88.39
712147,22.95,88.39
712148,23.008,88.39
712149,22.9506358,88.39
712152,23.07639,88.39
712201,22.7520528,88.33794025
712202,22.7513192,88.3514317
712203,22.88825,88.40225
712204,22.88825,88.40225
712221,22.812139,88.3528
712222,22.83708335,88.0179861
712223,22.77007132,88.32255958
712232,22.88825,88.40225
712233,22.6860556,88.3505833
712234,22.7027666,88.3235833
712235,22.70111115,88.34958335
712245,22.7400059,88.349994
712246,22.9997485,88.222947
712248,22.73154165,88.35052775
712249,22.7367176,88.33552275
712250,22.722531,88.337202
712258,22.65527775,88.34805555
712291,22.7221827,88.3536356
712301,22.92,88.11
712302,22.95,88.11
712303,22.985,88.12
712304,22.88825,88.40225
712305,22.95,88.39
712306,22.88825,88.40225
712308,22.88825,88.40225
712310,22.685,88.2988888
712311,22.6824722,88.2841944
712401,22.8361111,87.96916661
712402,22.94,88.0000059
712403,22.5336111,88.29138881
712404,22.73766661,88.0551944
712405,22.88825,88.40225
712406,22.72,87.86
712407,22.828281,88.16614
712408,22.76582638,88.00465778
712409,22.814957,88.234481
712410,22.87906176,88.01450839
712412,22.79,87.9
712413,22.855,87.87
712414,22.95,88.39
712415,22.84,87.905
712416,22.665,87.9
712417,22.65,87.84
712501,22.82,87.89
712502,22.9581686,88.40302485
712503,22.639125,88.361125
712504,22.88825,88.40225
712512,22.39,88.39
712513,22.919125,88.40225
712514,22.88825,88.40225
712515,22.95,88.39
712601,22.8748611,87.785209
712602,22.95,88.39
712611,22.95,88.39
712612,22.885,87.63266665
712613,22.76,88.095
712614,22.899125,88.35
712615,22.95,88.39
712616,22.95,88.39
712617,22.95,88.39
712701,22.737124,88.192291
712702,22.88825,88.40225
712706,22.762171,88.170922
713101,23.2566,87.8631111
713102,23.29,87.88
713103,23.21845835,87.83
713104,23.238397,87.860682
713121,23.42,87.85
713122,23.19,88.27
713123,23.74,88.059747
713124,23.17,87.96
713125,23.4,87.95
713126,23.55,87.675
713127,23.41,87.795
713128,23.49055555,87.74
713129,23.76,87.98
713130,23.64383323,88.13108603
713131,23.535,87.83
713132,23.6,87.995
713140,23.830079,88.05
713141,23.32993,87.77517
713142,23.208169,87.694357
713143,23.51,88.05
713144,23.44,87.61
713145,23.43,88.14
713146,23.19,88.13
713147,23.53,87.91
713148,23.465,87.47
713149,23.22,87.98
713150,23.6,88.105
713151,23.17,88.01
713152,23.56,87.6
713153,23.51,87.56
713154,23.2001716,88.0833558
713166,23.09,88.09
713201,23.4980845,87.3202429
713202,23.4917151,87.3062555
713203,23.56048525,87.2527455
713204,23.5725895,87.2885988
713205,23.5687751,87.317939
713206,23.539157,87.3404762
713207,23.5285891,87.2563925
713208,23.530694,87.2801115
713209,23.5494707,87.29182835
713210,23.524667,87.3255155
713211,23.4966895,87.33729
713212,23.518737,87.39184
713213,23.561623,87.278457
713214,23.5453555,87.3315275
713215,23.5101015,87.272874
713216,23.536386,87.298268
713217,23.572935,87.23322
713301,23.6866,86.9735278
713302,23.71535835,87.0636891
713303,23.6766111,86.99475
713304,23.1908472,87.2894444
713305,23.8371222,86.909973
713315,23.817778,86.98328
713321,23.580118,87.1992195
713322,23.658112,87.2005305
713323,23.58916135,87.118031
713324,23.7401457,86.81711977
713325,23.66501766,86.933266
713326,22.2322222,87.8636111
713330,23.673945,86.952395
713331,23.849245,86.901981
713332,21.505329,80.4598795
713333,23.6931054,86.8292748
713334,23.749609,87.029281
713335,23.8302087,86.90368633
713336,23.70782377,87.07696843
713337,23.648638,87.068291
713338,23.630894,87.1907
713339,23.673945,86.952395
713340,23.8371222,86.909973
713341,23.7718571,86.9299325
713342,23.665918,87.164077
713343,23.7337794,86.83811645
713344,23.8371222,86.909973
713346,23.720137,87.265665
713347,23.6126135,87.11575705
713357,23.8371222,86.909973
713358,23.629634,87.095695
713359,23.72312559,86.89408093
713360,32.27071,75.53544
713361,23.8371222,86.909973
713362,23.686409,87.132082
713363,23.650166,87.245635
713365,23.618125,87.136235
713369,24.2808333,87.5516666
713370,23.887533,87.732934
713371,23.693613,86.894779
713372,23.8371222,86.909973
713373,23.673945,86.952395
713376,23.4178,86.653368
713378,23.7092085,87.204543
713381,23.692665,87.3465215
713384,23.648181,87.160475
713385,23.662673,87.307413
713386,23.8371222,86.909973
713401,23.135,88.03
713403,23.39,87.58
713404,23.01,87.99
713405,23.2788739,88.265
713406,23.35,87.7
713407,23.26,88
713408,23.055,87.98
713409,23.22826253,88.3567434
713420,23.6085611,87.1949865
713421,23.045,87.9
713422,23.35,88.16
713423,23.105,87.785
713424,23.13,87.86393055
713426,23.33,88.06
713427,22.99,87.805
713428,23.29,87.64095835
713502,23.59,88.17
713512,23.535,88.26
713513,23.4566389,88.29
713514,23.53,88.19
713515,23.355,88.24
713519,23.34,88.315
713520,23.46,87.96
721101,22.42685,87.3292
721102,22.432,87.2979
721121,22.430889,87.321491
721122,22.5537865,87.4641119
721124,22.420889,87.321491
721125,22.208,87.14634167
721126,22.369,87.5544
721127,22.86316925,87.3541082
721128,22.7090463,87.17061573
721129,22.430889,87.321491
721130,15.5934,87.81766667
721131,22.3956,87.7419
721132,22.3832,87.1908
721133,22.11651773,87.23463777
721134,22.43249998,87.85793332
721135,22.18059028,87.15973426
721136,22.44631313,87.62970202
721137,23.1207,87.8175
721139,22.40380641,87.71720299
721140,22.28276,87.58651296
721143,22.2786,87.3798
721144,22.3842,87.7445
721145,22.2695,87.2867
721146,22.5367,87.7136
721147,22.64197937,87.31986904
721148,24.0497,87.5756
721149,22.381,87.4401
721150,22.55397396,87.4639375
721151,22.39925,87.7745
721152,22.4586,87.7745
721153,22.4586,87.7745
721154,22.4586,87.7745
721155,22.24143435,87.67197222
721156,22.430889,87.321491
721157,22.8244,87.24144944
721158,22.61389165,88.2238972
721159,22.0035,87.146
721160,22.361,87.6112
721161,22.4852777,87.8558333
721166,22.2232,87.5618
721171,22.2956667,87.926
721172,22.2756,87.71495
721201,22.73312292,87.51690533
721211,22.60689916,87.72451041
721212,22.6637,87.7468
721222,22.7252,87.6754
721232,22.7065,87.6162
721242,22.82307037,87.6131037
721253,22.70215,87.3378
721260,22.63867124,87.49761144
721301,22.346,87.232
721302,22.3215556,87.3099167
721303,22.3396944,87.21275
721304,22.3377,87.2693
721305,22.330409,87.318099
721306,22.3145,87.309
721401,21.779705,87.7177185
721402,21.7745451,87.7476739
721403,21.9372222,87.7761111
721404,21.7786111,87.7419444
721405,21.80069595,87.7017845
721406,21.778731,87.754979
721420,21.843897,87.469363
721422,21.8819805,87.620527
721423,21.688066,87.5904546
721424,22.0892145,87.3711475
721425,22.0085285,87.7303865
721426,21.921656,87.279241
721427,21.8437021,87.8041505
721428,21.648867,87.501245
721429,21.9028851,87.5380647
721430,21.9676111,87.8033889
721431,21.8557777,87.9151669
721432,21.90258,87.883551
721433,21.759349,87.6685337
721434,22.0813107,87.6359125
721435,21.9356499,87.35015735
721436,21.8290344,87.4228918
721437,22.175658,87.392236
721438,21.9552788,87.5604061
721439,22.04958605,87.52874655
721440,21.997686,87.6075294
721441,21.6744185,87.5518553
721442,21.826295,87.834438
721443,21.94543604,87.49323346
721444,21.9163275,87.71936
721445,22.430889,87.46
721446,21.6903126,87.4953452
721447,21.815957,87.4523468
721448,21.7686899,87.517519
721449,22.6916,87.7719
721450,21.748852,87.779757
721451,22.0047121,87.3046006
721452,21.8118624,87.647014
721453,21.7234694,87.55995835
721454,22.0636545,87.611843
721455,21.706782,87.664493
721456,21.994871,87.654733
721457,21.8248312,87.348809
721458,22.076019,87.6655108
721463,21.621445,87.507221
721467,22.136614,87.53464
721501,22.63201429,86.76421429
721503,22.4308,87.3214
721504,22.504,86.9912
721505,22.4761,86.8572
721506,22.20608761,86.89485791
721507,22.4518889,86.99715
721513,22.37102116,87.12485847
721514,22.474525,87.020875
721515,22.6168,86.8183
721516,22.584,87.0499
721517,22.6203,86.7806
721601,24.3588,87.8041
721602,22.0798,88.13725
721603,18.8662,87.9842
721604,22.3,88.0559
721606,22.0422752,88.0742056
721607,22.02320835,88.0632278
721624,22.116759,87.59
721625,21.9971,87.81635
721626,22.9051,87.8842
721627,18.94425,88.0914
721628,22.2092,88.1065
721629,15.5934,88.0213
721631,22.2092,88.2753
721632,23.1444,87.898
721633,22.6606,88.0631
721634,22.3623,87.7811
721635,22.1138,88.112
721636,22.29118825,87.9233
721637,22.29904033,87.924518
721638,22.112991,87.799122
721641,23.0254,87.8966
721642,22.8722,88.7265
721643,22.82125555,88.0611333
721644,22.7639,88.1081
721645,22.08118,88.03736
721646,21.9380555,88.3792
721647,22.7639,88.1081
721648,24.4536,87.9044
721649,22.3578,88.1922
721650,22.8722,88.0876
721651,22.9221,87.9839
721652,22.1454,87.9751
721653,22.3487,87.51265
721654,22.1303,88.0483
721655,15.5934,87.9839
721656,23.1832,87.9551
721657,22.9221,87.9839
721658,22.9221,87.9839
721659,22.0670352,88.0291
722101,23.2169022,87.06741455
722102,23.26070975,87.04937925
722121,23.15435,86.933851
722122,23.0797355,87.328532
722132,23.275211,86.9677243
722133,23.416676,87.0930162
722134,22.80024087,86.94964886
722135,22.8666744,86.7833256
722136,23.16324,86.933856
722137,23.3084662,86.9649043
722138,23.04724914,87.44669586
722139,23.3084704,86.9649001
722140,22.95767395,86.8997
722141,23.01265368,87.59408158
722142,23.426395,87.22275
722143,23.5513,87.11239
722144,23.14482784,87.2038063
722146,23.2371722,87.0652127
722147,23.232188,87.2844605
722148,22.83324833,86.751955
722149,22.95324,87.2983
722150,22.767182,87.0218099
722151,22.92224995,87.07365645
722152,23.0536,87.108145
722153,23.5855,86.9354843
722154,22.9812,86.78247
722155,22.74281,87.02795
722156,22.9875,87.14365
722157,23.15949165,87.3285275
722158,23.5228869,86.93580746
722160,22.9222489,87.05975655
722161,22.93328,87.56699
722162,23.13095,87.18497
722164,23.079734,87.328532
722173,23.1632464,86.9338516
722176,23.258282,87.137811
722183,23.51917,87.39389
722201,23.1499272,87.6310658
722202,23.42583113,87.28655447
722203,23.42639788,87.28511113
722204,23.3937333,87.3054
722205,23.07972967,87.18496778
722206,23.19061847,87.54452293
722207,23.30323,87.415683
722208,23.426402,87.3766333
723101,23.2029,86.2154
723102,23.2590184,86.40509675
723103,23.3848199,86.26303005
723104,23.343257,86.58499955
723121,23.4730992,86.7975522
723126,23.451374,86.4533617
723127,23.042185,86.407228
723128,23.147707,86.502181
723129,22.876686,86.5223908
723130,23.31305,86.6988728
723131,23.0270963,86.634026
723132,23.37024525,86.65984705
723133,23.5462978,86.6989517
723134,23.591303,86.663469
723142,23.4618626,86.6234192
723143,23.1005855,86.2006008
723145,23.596918,86.546216
723146,23.5756873,86.4661067
723147,23.4032594,86.3756867
723148,23.3329818,86.49922165
723149,23.3796636,86.3292484
723151,23.1827671,86.6638684
723152,23.207824,86.02329
723153,23.185159,86.2888538
723154,23.28057095,86.24639415
723155,23.5113045,86.465578
723156,23.45324425,86.6680799
723201,23.394458,86.15991435
723202,23.36571815,85.9660856
723212,23.2244286,85.9010613
723213,23.4439542,86.0557258
723215,23.50839505,86.09182065
731101,23.91175007,87.53130393
731102,23.835683,87.522275
731103,23.934976,87.56537
731104,23.834556,87.462028
731121,23.785037,87.578437
731123,23.814113,87.3356175
731124,23.727458,87.430047
731125,23.7836295,87.2304
731126,23.935427,87.415152
731127,24.014244,87.52087
731129,23.8539485,87.608117
731130,23.963498,87.32614
731132,23.9976575,87.614935
731133,23.755596,87.3096895
731201,23.8300282,87.6901615
731202,24.177399,87.814443
731204,23.669759,87.708641
731214,23.660956,87.53875
731215,23.603938,87.8985375
731216,24.064491,87.726247
731218,23.9668285,87.80584
731219,24.449306,87.856203
731220,24.302922,87.876455
731221,24.442888,87.95676
731222,24.545136,87.884431
731223,24.214399,87.721224
731224,23.4558583,88.06275
731233,24.114044,87.795724
731234,23.923107,87.67908205
731235,23.6861915,87.69849365
731236,23.708483,87.630361
731237,24.2562835,87.987966
731238,24.375509,87.88689
731240,23.625789,87.803382
731241,24.1831945,87.9157555
731242,24.245262,87.897312
731243,24.258398,87.766493
731244,24.081378,87.8868695
731245,24.0385825,87.844623
731301,23.691332,87.84024
731302,23.766334,87.884431
731303,23.81780605,87.8002325
731304,23.832189,87.8549935
732101,25.00490072,88.14235414
732102,25.011173,88.141133
732103,25.162655,88.339631
732121,25.011173,88.141133
732122,25.01114469,88.14110803
732123,25.011173,88.141133
732124,25.011173,88.141133
732125,25.011173,88.141133
732126,25.01113903,88.14110303
732127,25.162655,88.339631
732128,25.2256275,88.3616505
732138,25.1521775,88.2098
732139,25.011173,88.141133
732140,25.011173,88.141133
732141,25.162655,88.339631
732142,25.2886,88.38367
732144,24.9996111,88.1455
732201,25.011173,88.141133
732202,25.077787,88.141133
732203,25.162655,88.339631
732204,25.1150735,88.13790265
732205,25.011173,88.141133
732206,25.011173,88.141133
732207,25.011173,88.141133
732208,25.011173,88.141133
732209,25.011173,88.141133
732210,25.011173,88.141133
732215,24.0004861,87.0012916
732216,25.162655,88.339631
733101,25.22949166,88.77384614
733102,25.22060858,88.77045202
733103,25.25,88.77
733121,25.22,88.77
733123,25.22081167,88.77057022
733124,25.42,88.53
733125,25.38029863,88.27001188
733126,25.22,88.77
733127,25.3,88.57
733128,25.45013173,88.16064433
733129,25.67045679,88.3301821
733130,25.6,88.12
733132,25.36021417,88.52015672
733133,25.32,88.76
733134,25.62,88.12
733139,25.3644441,88.603976
733140,25.22,88.77
733141,25.420246,88.73046956
733142,25.36,88.51
733143,25.52073636,88.16009545
733145,25.26039771,88.89075
733156,25.87,87.82
733158,26.260607,88.190192
733201,25.89006944,87.84004629
733202,25.25,88.77
733207,26.31,88.28
733208,26.14027777,88.02046296
733209,25.87043209,87.84003086
733210,26.016,88.10704
733215,25.22091313,88.7706415
734001,26.7166389,88.42875
734002,26.7097222,88.4287778
734003,26.7467,88.4187778
734004,26.70294445,88.430625
734005,27.695725,82.85185555
734006,26.7111667,88.4477
734007,26.6844722,88.4211944
734008,26.86716,88.4466111
734009,26.79633995,88.3839268
734010,26.71811945,88.3844972
734011,26.970309,88.22289
734012,26.68625,88.37532
734013,26.8727396,88.3081847
734014,26.6753,88.3238
734015,26.543477,88.720526
734091,26.73,88.4
734101,27.0536223,88.2621002
734102,27.0328,88.247
734103,27.02217,88.254648
734104,27.036,88.258284
734105,27.0591675,88.2795185
734201,27.067495,88.20075
734203,27.035999,88.2626375
734204,27.035998,88.262675
734209,26.8821,88.2748
734213,27.036,88.2626
734214,26.8740471,88.2626725
734215,27.036,88.2626
734216,26.881888,88.278943
734217,26.9747249,88.426075
734218,26.9994981,88.43239605
734220,26.9377045,88.261545
734221,26.9879,88.26
734222,27.052,88.42545
734223,26.9143545,88.2878
734224,26.9365068,88.3150473
734226,26.881782,88.2790145
734301,27.05961751,88.46879047
734311,27.116849,88.58595
734312,27.070275,88.47645
734313,27.060007,88.469993
734314,27.053,88.583706
734315,26.626525,88.53955
734316,27.06198533,88.46868433
734421,26.683523,88.325847
734423,26.89592015,88.2397383
734424,26.7344444,88.2983333
734425,26.7084,88.4269
734426,26.7083938,88.29944
734427,26.664,88.1883333
734429,26.683882,88.2047
734434,26.7083888,88.363198
734501,26.88,88.57
734503,27.04,88.87
735101,26.53,88.72
735102,26.53,88.69
735121,26.55,88.67
735122,26.35,88.8
735132,26.415,88.705
735133,26.565,88.58
735134,26.56,88.53
735135,26.63,88.505
735202,26.79,89.02
735203,26.75,89.05
735204,26.705,89.115
735205,26.89,88.985
735206,26.85,88.805
735207,26.87,89.065
735208,26.80014,89.45602
735209,26.85,88.67
735210,26.565,89.015
735211,26.525,89.205
735212,26.685,89.04
735213,26.69,89.19
735214,26.67,89.39
735215,26.72281945,89.372875
735216,26.6,89.14
735217,26.65,89.4455
735218,26.71,88.685
735219,26.67997915,88.82857767
735220,26.69,89.27
735221,26.8696528,88.74630555
735222,26.87,88.63
735223,26.935,88.81
735224,26.56,88.865
735225,26.925,88.92
735226,26.5384,88.90455
735227,26.75,88.90945
735228,26.77,89.21
735229,26.845,88.665
735230,26.8,88.74
735231,26.995,88.705
735232,26.76,89.06
735233,26.7,88.93
735234,26.81,88.6
735301,26.45,88.93
735302,26.6,88.79
735303,26.45,89.07
735304,26.32,88.97
735305,26.475,88.835
736101,26.3216111,89.451372
736121,26.475,89.45801
736122,26.51,89.49
736123,26.52,89.51456945
736131,26.35,89.7675
736133,26.38,89.48
736134,26.21,89.5
736135,26.1297778,89.46
736145,26.195,89.3447222
736146,26.37,89.18
736156,26.35,89.51
736157,26.28,89.27
736158,26.13,89.24
736159,26.285,89.65
736160,26.66,88.41
736165,26.395,89.355
736167,26.18,89.3011111
736168,26.08632,89.47
736169,26.155,89.448418
736170,26.255,89.415
736171,26.355,89.315
736172,26.28,89.15
736176,26.3216111,89.4385556
736179,26.35,89.43
736182,26.691829,89.0444345
736201,26.67,89.69
736202,26.4705375,89.715
736203,26.47,89.81
736204,26.52,89.3927777
736205,26.5384,88.90945
736206,26.52,89.68
736207,26.325,88.775
736208,26.49,89.6
736209,26.387458,89.593697
737101,27.331125,88.6070139
737102,27.355,88.595
737103,27.355,88.63
737106,27.235,88.555
737107,27.405,88.51
737111,27.305,88.275
737113,27.3241925,88.185
737116,27.51333335,88.53166665
737120,27.53,88.55
737121,27.165,88.22
737126,27.16,88.3603445
737128,27.11,88.42
737131,27.27,88.7
737132,27.19,88.51
737133,27.19,88.655049
737134,27.26,88.49
737135,27.285,88.565
737136,27.339833,88.655049
737139,27.285,88.412175
741101,23.4002054,88.48615025
741102,23.36,88.5
741103,23.42,88.515
741121,23.315934,88.527525
741122,24.02,88.67
741123,23.53,88.59
741124,23.63,88.505
741125,23.46,88.43
741126,23.62,88.4
741127,23.2599626,88.5678865
741137,23.665,88.28419445
741138,23.56,88.38
741139,23.482057,88.448756
741140,23.52,88.49
741150,23.7,88.25
741151,23.3640475,88.564032
741152,23.945,88.62204165
741153,23.62,88.24
741154,23.53,88.43
741155,23.81,88.48
741156,23.785,88.385
741157,23.766695,88.278805
741158,23.965,88.71
741159,23.2593333,88.5421667
741160,23.745,88.51
741161,23.44,88.59
741162,23.56,88.34
741163,23.81,88.55
741164,23.48,88.58
741165,23.895,88.55
741166,23.4498611,88.53513885
741167,23.2278194,87.9235375
741181,23.7283333,88.31
741201,23.1781112,88.56754173
741202,23.188462,88.589139
741221,22.9455556,88.5422222
741222,23.0783333,88.513014
741223,23.06993,88.655486
741232,22.9756667,88.4353889
741234,22.9576389,88.4956667
741235,22.9739833,88.439539
741238,23.126483,88.6434305
741245,23.008943,88.474296
741246,22.96808885,88.50139595
741247,22.1296944,88.5454444
741248,23.034492,88.516642
741249,22.96187165,88.5736774
741250,22.94210285,88.43001245
741251,22.984368,88.440445
741252,22.9447222,88.5330556
741253,23.384799,88.6442805
741254,23.1961608,88.06752455
741255,23.15694133,88.54937367
741256,23.16,88.671279
741257,22.9582795,88.640367
741301,23.40291665,88.39055555
741302,23.41377246,88.36590821
741313,23.439028,88.396889
741315,23.41,88.42
741316,23.385,88.35
741317,23.34,88.4029167
741319,23.3669444,88.3669444
741401,23.2527777,88.4330555
741402,23.23645414,88.49912952
741404,23.25863117,88.43596299
741501,23.24237016,88.61153974
741502,23.3348775,88.647649
741503,23.475,88.765
741504,23.258406,88.665904
741505,23.35113,88.6025755
741506,23.417143,88.697653
741507,23.394473,88.7202489
741508,23.490512,88.67296
741509,23.398247,88.674768
742101,23.00041468,88.00040772
742102,24.1047,88.2516
742103,24.1066736,88.25309095
742104,24.1047,88.2516
742113,24.1923,88.2688
742121,24.2692,88.0489
742122,24.2273,88.2581
742123,24.24,88.26
742132,24.0596,87.8867
742133,24.0232,87.9257
742134,24.2925,88.0692
742135,24.33170625,88.058375
742136,24.0589,88.12
742137,23.9571935,88.039131
742138,23.4606,88.2538
742140,23.9287,87.6178
742147,24.15525,87.9435
742148,24.35853333,88.083025
742149,24.1528,88.1461
742151,23.1589,88.0465
742159,24.1707,87.9755
742160,24.3642,88.23815
742161,24.1251,87.9561
742163,23.5221,88.3129
742164,25.5272222,88.4202777
742165,24.5272,87.9291
742166,23.6798,88.1155
742168,23.9875,87.922
742174,22.6209,87.9139
742175,25.05976,87.91896
742184,23.8093,88.0131
742187,24.7341,87.9239
742189,24.353,87.89711429
742201,24.0811,87.9102
742202,24.61145,87.942
742212,24.78555,87.873275
742213,24.5643,88.0252
742223,24.075,88.0367
742224,24.6278,87.9871
742225,24.46612515,88.06354185
742226,24.31408571,87.94482857
742227,24.2505,87.9755
742235,24.27314286,87.85057143
742236,22.8668333,88.6223333
742237,24.2214,87.7501
742238,23.95425,88.03725
742301,24.6125,87.8092
742302,24.5109,87.9004
742303,23.93845455,87.6178
742304,24.2045,88.15459286
742305,23.5965,88.2235
742306,23.7144,88.5022
742308,25.0226,87.9393
742401,23.77076333,88.10248963
742402,24.30875,88.2382277
742404,23.9685,87.8257
742405,24.3965,87.961
742406,23.3102,87.2788
742407,24.093009,88.25202
742408,24.093009,88.25202
742409,24.093009,88.25202
742410,24.35,87.9
743122,22.46,88.22
743123,23.375,88.41
743124,22.82,88.38
743125,22.8567222,88.39
743126,22.86,88.405
743127,22.825,88.395
743128,22.85,88.38
743129,22.86,88.41
743130,22.88,88.44
743133,22.82,88.375
743134,22.94,88.42
743135,22.92,88.42
743136,22.93,88.42
743144,22.8,88.37
743145,22.94,88.44
743165,22.89,88.42
743166,22.89,88.42
743193,22.93,88.46
743194,22.86,88.39
743221,22.84543615,88.526688
743222,22.8465431,88.5682797
743223,22.6629722,88.8713889
743232,23.21032215,88.9100761
743233,22.73806295,88.76360795
743234,22.7900394,88.5762923
743235,23.0451667,88.827501
743245,22.9578203,88.8077211
743247,22.8371111,88.8068513
743248,22.76997755,88.53850505
743249,22.9321828,88.7121963
743251,23.14887125,88.81460915
743252,22.8795295,88.7507222
743262,23.05098,88.74835615
743263,22.8440278,88.6651396
743268,22.8377765,88.6443257
743270,23.20218295,88.834607
743271,22.8154283,88.6732468
743272,22.85073745,88.63015605
743273,22.8815039,88.86769605
743286,22.8257356,88.8616275
743287,22.9266475,88.7763118
743289,22.8534576,88.7393617
743290,22.9917374,88.6892228
743291,22.6255547,88.826652
743292,22.68346225,88.9025408
743293,22.71228515,88.73493295
743294,22.73761465,88.5589448
743297,23.1841828,88.7563251
743312,22.156,88.703
743318,22.406,88.16375
743329,22.3057,88.6578484
743330,22.425,88.516
743331,22.2574418,88.18444315
743332,22.165,88.2305
743336,22.109,88.3322222
743337,22.213,88.477
743338,22.149,88.4657
743345,22.453,88.703
743347,21.878,88.212
743348,22.029,88.274
743349,22.08346,88.4272
743351,22.1,88.2584722
743354,22.126,88.3991115
743355,22.243,88.3785
743356,22.9133,88.1297
743357,21.71,88.25
743363,22.392085,88.527
743368,22.24084165,88.2027
743370,22.145842,88.8345
743371,21.772,88.3769
743372,22.26395,88.4467
743373,21.7335,88.118
743374,21.978,88.24515
743375,22.257,88.2872
743376,22.3005,88.549
743377,22.367498,88.2025985
743378,22.214373,88.8903315
743383,21.959,88.4415
743387,22.3252185,88.4555285
743395,22.1455,88.3175
743399,22.013,88.3035
743401,22.7491776,88.7970702
743405,23.037092,88.8574755
743411,22.66212625,88.86475235
743412,22.66167975,88.8788994
743422,22.6288174,88.8636446
743423,22.68734855,88.62534125
743424,22.67792475,88.6924064
743425,22.5975838,88.6991846
743426,22.5234529,88.9160032
743427,22.734953,88.8528376
743428,22.38690488,88.45002883
743429,22.6171801,88.919035
743435,22.4633273,88.9622939
743437,22.6896646,88.7566152
743438,22.7953806,88.7393108
743439,22.2611803,88.9836936
743442,22.44019075,88.81564635
743445,22.6297461,88.7578177
743446,22.32386345,88.88845985
743456,22.54507775,88.8011439
743502,22.510771,88.5981925
743503,22.3515,88.2941
743504,22.300933,88.149877
743513,22.298,88.249
743609,22.257,88.325146
743610,22.32556,88.396
743611,22.2318685,88.7874515
743613,22.37805,88.345
743701,23.0351721,88.7469943
743702,22.4633016,88.61417175
743704,22.7990604,88.621427
743710,23.1268823,88.71165985
743711,22.87751715,88.5432007
744101,11.66583333,92.74111111
744102,11.6658333,92.7411111
744103,11.81055556,92.78555556
744104,11.6658333,92.7411111
744105,11.6658333,92.7411111
744106,11.6658333,92.7411111
744107,11.7,92.72
744112,11.37,92.43
744201,12.615395,92.928454
744202,13.245378,92.974911
744203,12.367702,92.919841
744204,12.94180556,92.88430556
744205,12.50555556,92.90944444
744206,11.44,92.42
744207,10.59138889,92.53833333
744209,12.380685,92.802739
744210,12.165934,92.776506
744211,11.905151,92.9316605
744301,9.175112,92.816118
744302,7.006427,93.93311
744303,8.096867,93.517562
744304,8.000927,93.374073
751001,20.27079473,85.8313815
751002,20.228539,85.8370016
751003,20.28030635,85.77308135
751004,20.2996944,85.8385278
751005,20.1866944,85.62175
751006,20.2578472,85.84577775
751007,20.290795,85.8483333
751008,20.2702,85.8178783
751009,20.2569679,85.8324902
751010,21.3025,85.8560556
751011,20.2858333,85.8040278
751012,20.2772778,85.8181667
751013,20.3,85.8305555
751014,20.2529167,85.8407639
751015,20.2923333,85.8083889
751016,20.3288611,85.8202222
751017,20.3242965,85.8358008
751018,21.2491944,85.8537778
751019,20.2330166,85.779717
751020,20.2381467,85.80679855
751021,20.3341666,85.8091666
751022,20.29014495,85.82974055
751023,20.3183889,85.8134444
751024,20.3789108,85.8286932
751025,20.1866944,85.62175
751026,20.2797266,85.8524016
751028,20.2386,85.7455
751029,20.2908,85.7772
751030,20.262477,85.782045
751031,20.3550039,85.8656259
751032,20.3465323,85.88117715
751033,20.2766,85.7954
751034,20.3025,85.8559
751035,20.323379,85.876265
752001,19.80554956,85.82558485
752002,19.81253795,85.82769395
752003,19.812854,85.831096
752004,19.8829266,85.95940625
752010,19.7117163,85.5491537
752011,19.8391983,85.6473069
752012,19.8961067,85.8092068
752013,19.8363056,85.73558905
752014,19.9455933,85.8160378
752015,20.0677322,85.7059516
752016,19.9959665,85.757754
752017,19.9658719,85.6405559
752018,20.05495005,85.58346455
752019,19.98394,85.56863745
752020,20.0489016,85.5192749
752021,19.9571733,85.4720883
752022,19.8919266,85.40303415
752023,19.921213,85.3681266
752024,19.9431066,85.4006466
752025,20.0254433,85.3294266
752026,20.1095704,85.3915196
752027,19.8630233,85.3523866
752030,19.759155,85.2070766
752031,19.78986665,85.15555415
752032,19.5924616,85.2638483
752034,19.82548,85.2914516
752035,19.84998325,85.18987165
752037,19.68628,85.1871416
752038,20.08391585,85.42045755
752045,19.9637292,85.9154827
752046,19.9817767,85.827534
752050,20.159525,85.7096526
752054,20.247942,85.7178374
752055,20.1866674,85.6218522
752056,20.1572283,85.5973897
752057,20.19991095,85.5890567
752060,20.1052681,85.6290148
752061,20.24817235,85.49226375
752062,20.2036569,85.4559413
752063,20.297525,85.2992116
752064,20.2067469,85.3844033
752065,20.1558054,85.3258618
752066,20.1892258,85.2782727
752068,20.1664,85.1497
752069,20.12917,85.097533
752070,20.1044933,85.1023016
752077,20.2755766,85.19720665
752078,20.1271944,85.1091111
752079,20.10025,85.16655
752080,20.0246433,85.0844167
752081,20.0186578,84.98058122
752082,20.08125353,84.92366128
752083,20.1271944,85.1091111
752084,20.1271944,85.1091111
752085,20.4028,85.06905
752089,20.4008,84.58641
752090,20.0183481,84.9190755
752091,20.02754,85.43765
752092,20.1166667,85.1
752093,20.4006,84.9211
752094,20.1664,84.9581
752100,20.21433735,85.90838545
752101,20.29938833,85.896723
752102,20.203903,85.9607455
752103,20.170723,86.006006
752104,20.1152802,85.8160233
752105,20.0216925,85.88253705
752106,20.0599683,86.0086068
752107,20.0181178,86.14228635
752108,20.0054382,86.19501145
752109,19.97159265,86.26801155
752110,19.95183825,86.0205653
752111,19.90592915,86.0992708
752113,20.06216424,86.08160016
752114,20.0945315,85.9339543
752115,20.164873,85.679443
752116,19.94343485,86.0799844
752118,19.9512947,86.1877464
752119,20.0147037,86.2459849
752120,20.1356803,86.0603595
752121,19.98656355,85.95453475
753001,20.47102311,85.87481812
753002,20.4677124,85.85802054
753003,20.46307144,85.89641168
753004,20.45651897,85.9087445
753006,20.4498024,85.9324929
753007,20.47184915,85.8763719
753008,20.48002796,85.85779962
753009,20.4595947,85.8723481
753010,20.4444501,85.9017388
753011,20.412941,85.8965107
753012,20.4489715,85.89024495
753013,20.45189305,85.9009188
753014,20.4802256,85.83571915
753015,20.4782371,85.8195722
753016,20.45011,85.89393
754001,20.339809,85.9256238
754002,20.2789661,85.9684017
754003,20.3243281,85.9841374
754004,20.12831775,86.08856965
754005,20.4254616,85.8337794
754006,20.44562915,85.76232025
754007,20.38621415,85.6083175
754008,20.352901,85.5245369
754009,20.3230432,85.4026592
754010,20.2322579,86.0148623
754011,20.2127312,86.0151816
754012,20.3384,85.742116
754013,20.441879,85.7539254
754018,20.2755795,86.0284451
754021,20.49553415,85.9184206
754022,20.6209817,85.9506
754023,20.61226,86.0679966
754024,20.66335665,86.08819915
754025,20.53616965,85.95802785
754026,20.4661944,85.8585556
754027,20.5036576,85.8036835
754028,20.56999415,85.87920095
754029,20.5171111,85.62575
754030,20.4476165,85.5155422
754031,20.40335,85.3149483
754032,20.5014657,85.0602608
754034,20.42195405,85.40902345
754035,20.4415,85.4592498
754037,20.4257172,85.18807545
754071,20.4661944,85.8585556
754082,20.6825598,86.0137615
754100,20.41352025,85.98720265
754102,20.3037724,86.09125865
754103,20.2528611,86.1771944
754104,20.2849648,86.2373599
754105,20.2322287,86.0588956
754106,20.22760695,86.2434664
754107,20.1526135,86.2120454
754108,20.16388505,86.27737875
754109,20.1592512,86.1629
754110,20.142961,86.385308
754111,20.343377,86.0432929
754112,20.41089725,85.94025675
754113,20.125697,86.1936075
754114,20.27303,86.111558
754119,20.0655611,86.3273916
754120,20.2528611,86.1771944
754130,20.3858998,86.06648425
754131,20.42630165,86.100505
754132,20.3012873,86.1771944
754133,20.34731995,86.2314816
754134,20.3931033,86.2838999
754135,22.302021,75.820348
754136,20.2769715,86.2819748
754137,20.3300573,86.3257171
754138,20.214172,86.3475686
754139,20.2063083,86.4314783
754140,20.2814607,86.43772635
754141,20.3189263,86.527435
754142,20.32077778,86.659
754145,20.2689,86.649211
754153,20.38769495,86.36720245
754160,20.3123578,86.3868851
754162,20.34895165,86.39071245
754200,20.4955053,86.0300019
754201,20.5458425,86.08418915
754202,20.488695,86.1195588
754203,20.4526417,86.1388533
754204,20.6074913,86.17766495
754205,20.6101158,86.2444733
754206,20.5603636,86.2280641
754207,20.51435,86.22305
754208,20.5110312,86.31414075
754209,20.4605483,86.2533199
754210,20.4537883,86.3228999
754211,20.51755,86.3876
754212,20.4728818,86.491686
754213,20.41849935,86.505787
754214,20.620841,86.365639
754215,20.5911016,86.5620833
754216,20.5092689,86.56021965
754217,20.55814245,86.6481836
754218,20.6236558,86.5209058
754219,20.6609266,86.6363833
754220,20.71585365,86.71480465
754221,20.5340696,86.1610443
754222,20.5757779,86.4669142
754223,20.476915,86.363311
754224,20.4201601,86.6156505
754225,20.5957816,86.7934983
754227,20.73083,86.647733
754228,20.40971,86.407754
754231,20.6427308,86.69822995
754239,20.6788541,86.5860193
754240,20.5643403,86.195279
754244,20.4328935,86.4314415
754245,20.47996245,86.6477116
754246,20.62043495,86.6967708
754248,20.74583,86.861825
754250,20.5288889,86.38377
754253,20.25,85.2
754289,20.55045915,86.2958983
754290,20.68449,86.2967795
754292,20.64849745,86.2925133
754293,20.429805,86.1754217
754294,20.2253346,86.1761472
754295,20.4934357,85.6593115
754296,20.6612883,86.14454815
754297,20.5455486,85.7322988
754298,20.3829804,86.14799635
754299,20.4534765,85.563661
755001,20.8523333,86.3293333
755003,20.6867796,86.35032055
755004,20.7147231,86.4336343
755005,20.7251216,86.2557283
755006,20.8267985,86.4485556
755007,20.85463575,86.31235395
755008,20.76647,86.1899841
755009,20.80420915,86.2277783
755010,20.6584607,86.3766104
755011,20.805999,86.5442317
755012,20.70171365,86.45296205
755013,20.766934,86.4852329
755014,20.8201185,86.4172509
755015,20.88485425,86.1369346
755016,20.722063,86.5491157
755017,20.772501,86.30535
755018,20.96544,85.91525
755019,21.01871295,86.12213925
755020,20.8523333,86.3293333
755022,21.00851825,86.17428155
755023,20.8505348,86.0475839
755024,20.7424714,86.1282795
755025,20.9995495,86.226647
755026,20.9734217,86.01944305
755027,20.7485132,86.369276
755028,21.04088315,85.75077595
755036,20.85567575,86.52697225
755043,20.8613212,86.2453374
755044,20.7144243,86.0690968
755049,20.677425,86.2074949
755050,20.7758333,86.1552777
755051,20.8494566,86.1804866
755061,20.66003315,86.47948345
755062,20.8027655,86.3581944
755063,20.605018,86.083954
756001,21.49837621,86.92531071
756002,21.4775,86.9516533
756003,21.5124383,86.935
756019,21.5296874,86.87093215
756020,21.5641332,86.7692686
756021,21.4035488,86.9080338
756022,21.6822733,87.1308216
756023,21.6704133,87.22793245
756024,21.58495,87.1919516
756025,21.46032575,86.99108415
756026,21.66641575,87.2809408
756027,21.531265,86.9963766
756028,21.6269816,87.02662745
756029,21.6430416,87.0765733
756030,21.7451816,87.1387166
756032,21.7972778,87.22715555
756033,21.89151,87.1801466
756034,21.74831995,87.2984941
756035,21.7347483,87.3814183
756036,21.6698816,87.41132665
756037,21.6104791,87.40412745
756038,21.6593583,87.3539966
756039,21.65055825,87.4373633
756040,21.4666766,86.7591483
756041,21.4998133,86.7103947
756042,21.3285333,86.7490583
756043,21.38795245,86.7989825
756044,21.2871766,86.8477475
756045,21.30229925,86.6695317
756046,21.2069916,86.7873016
756047,21.27315915,86.57619
756048,21.2999161,86.4676531
756049,21.308445,86.52253995
756050,21.283449,86.538143
756051,21.2483533,86.8259949
756055,21.23896595,86.68757255
756056,21.4822533,86.8981316
756058,21.5315249,86.64633075
756059,21.3024293,86.4361156
756060,21.4187066,86.8538916
756079,21.6913883,87.3246099
756080,21.6239583,87.1422783
756081,21.66881915,87.1728883
756083,21.5830008,87.2749283
756084,21.79655,87.2856716
756085,21.63287,87.4353633
756086,21.7669116,87.2193649
756087,21.8181066,87.2189518
756088,21.7330416,87.233885
756089,21.57445,86.8211033
756100,21.0629433,86.49976
756101,21.0981083,86.50454055
756111,21.13301745,86.54683995
756112,20.9987466,86.4183333
756113,21.1176233,86.43329165
756114,21.10697825,86.34728745
756115,21.216355,86.4205583
756116,20.9865916,86.5271933
756117,20.8863666,86.44435245
756118,20.9212072,86.50649245
756119,20.8850158,86.5625508
756120,20.92130495,86.3696391
756121,21.0356573,86.29785075
756122,20.918615,86.3107699
756123,21.05926,86.6132
756124,21.07142945,86.678569
756125,21.1235983,86.7517833
756126,21.2008283,86.6018466
756127,21.0192945,86.5934733
756128,21.0218466,86.5391033
756129,20.9262066,86.8027366
756130,20.9863889,86.6602633
756131,20.945825,86.717475
756132,20.86703915,86.78970745
756133,20.784225,86.74855995
756134,21.1931389,86.4938616
756135,21.1299916,86.39548
756137,20.93891415,86.5246208
756138,20.82033745,86.6534025
756139,20.93568,86.6243766
756144,21.142915,86.2916316
756162,21.16839,86.790715
756163,20.9824083,86.5839883
756164,20.9521466,86.860995
756165,21.1052466,86.697165
756166,21.1091383,86.6187
756167,21.01047525,86.6303975
756168,21.14706,86.699705
756171,20.8532331,86.9083752
756181,21.0439733,86.4842778
756182,21.227365,86.4931299
757001,21.93452496,86.7277235
757002,21.9341188,86.72445055
757003,21.9413883,86.7401849
757014,22.0764833,86.7682422
757016,21.77245195,87.0459018
757017,21.6474983,86.828085
757018,21.8425449,86.915939
757019,21.6958983,86.6210203
757020,21.80192905,87.00259575
757021,22.06675165,86.831984
757022,22.0178354,86.9752871
757023,21.9277053,86.9096246
757024,21.8616858,86.6830011
757025,21.7168384,86.8127911
757026,21.7137316,86.753802
757027,21.6413633,86.7297283
757028,21.6420827,86.93384075
757029,21.8336323,86.8010087
757030,22.0650413,86.6466034
757031,22.2609,86.1732
757032,22.1502222,86.5433889
757033,21.9380556,86.7261111
757034,21.9696389,86.0755833
757035,21.958191,85.860086
757036,21.8457118,86.0159004
757037,21.7751651,85.9716423
757038,21.5179354,86.1556028
757039,21.92659,85.8652
757040,21.5056666,86.5265216
757041,21.60173165,86.55570415
757042,22.33538,86.2729
757043,22.26126957,86.1758279
757045,21.9380556,86.7261111
757046,22.19186,86.1104
757047,22.09397,86.1163
757048,22.21421,86.2876
757049,21.9392029,86.63500955
757050,22.18858,86.1499
757051,22.25131,86.6018
757052,21.6927016,86.9469916
757053,22.45012,86.0641733
757054,22.33385,86.0927
757055,21.7993311,87.1451816
757056,21.70206283,86.9990973
757073,21.854565,87.0571518
757074,21.7624923,86.6019126
757075,21.7985534,86.66165675
757077,21.56585,86.4781049
757079,21.443641,86.3408
757081,22.1230154,86.6554067
757082,21.602332,86.9291572
757083,21.63014015,86.78068245
757084,21.9702625,86.9362537
757085,21.6054266,86.6664833
757086,22.25001,86.4839
757087,21.65361665,86.5643608
757091,21.9786005,86.0055274
757092,22.535251,86.0383
757093,21.9380556,86.7261111
757100,21.76118235,86.88291615
757101,21.5767299,86.6104949
757102,21.65092575,86.70310745
757103,21.8034545,86.7133297
757104,21.7346516,86.5637329
757105,22.0181331,86.68823305
757106,21.4390333,86.47596745
757107,21.9669813,86.8133214
758001,21.63729018,85.6073556
758002,21.64165845,85.60719315
758013,21.7045083,85.595065
758014,21.598325,85.6531766
758015,21.2586866,86.0715183
758016,21.7068783,85.9192041
758017,21.6982215,85.7967655
758018,21.5072958,85.51245915
758019,21.3568933,85.4007533
758020,21.1706166,86.1365499
758021,21.23951915,86.13089165
758022,21.13173495,86.2032958
758023,21.2232133,86.2995083
758025,21.1631699,86.024075
758026,21.11046165,85.8401416
758027,21.41545665,85.8786858
758028,21.3188233,85.74696
758029,21.5381866,85.82483575
758030,21.60151075,85.87673165
758031,21.83572775,85.5493716
758032,21.8557913,85.7043318
758034,21.9768658,85.42102
758035,22.0663366,85.3872616
758036,21.8449883,85.57053495
758037,22.1045388,85.33202215
758038,22.0570133,85.47417745
758040,22.06550665,85.284027
758041,22.042475,85.6234083
758043,21.10010495,86.11733245
758044,21.93509915,85.71683245
758045,21.75262935,85.85434545
758046,21.8103216,85.7815895
758047,21.9864116,85.5678833
758076,21.2038066,85.4869083
758078,21.24214995,86.32585995
758079,21.4286299,85.6289366
758080,21.25784995,85.87870245
758081,21.610345,86.0338816
758082,21.1731108,85.9266641
758083,21.14613495,86.2482158
758084,21.4344333,85.3259066
758085,21.6760249,85.3397416
758086,21.89388,85.3983566
758087,21.4969916,85.6961266
759001,20.6472216,85.5993333
759013,20.697312,85.5954266
759014,20.7868056,85.7063166
759015,20.57565915,85.5038108
759016,20.79467495,85.85493495
759017,20.9078916,85.8221389
759018,20.93519885,85.54493385
759019,20.7828183,85.40466165
759020,20.69323245,85.3049708
759021,20.636925,85.34164825
759022,20.6962283,85.168355
759023,20.85674745,85.67632245
759024,20.9375366,85.7467433
759025,20.6907183,85.5014183
759026,20.794125,85.52808
759027,20.5970816,85.6447466
759028,21.07979495,85.5632135
759029,21.091805,85.3524666
759037,20.8406389,85.0965556
759039,20.9546816,85.6380116
759040,20.8406389,85.0965556
759100,21.0169108,85.1890933
759101,20.89970795,85.2165064
759102,20.806221,84.45798
759103,20.917078,85.13191675
759105,21.2377615,85.04607015
759106,20.9074444,85.17125
759107,20.957067,85.2223
759111,20.8406389,85.0965556
759116,20.9261944,85.1528333
759117,21.0916389,85.0532866
759118,21.245153,85.2089599
759119,21.4390547,85.1944958
759120,20.91349525,85.3252253
759121,20.7878966,85.2769316
759122,20.842418,85.0939605
759123,20.8783533,85.12154
759124,21.0524923,84.8685958
759125,20.77556465,84.6215391
759126,20.94207415,84.48414995
759127,20.89991665,84.8104666
759128,20.8061866,85.2030733
759129,20.73825245,85.07311665
759130,21.050535,84.9552166
759132,20.7758916,84.99791165
759141,21.1022,84.80489495
759143,20.8550691,85.0468358
759145,20.8437222,85.1506111
759146,21.0014408,85.2633833
759147,21.0213325,85.15444278
759148,20.8406389,85.0965556
759149,20.8785483,84.882245
759150,21.004665,85.020739
759151,21.16329955,85.14795605
760001,19.31193021,84.79350586
760002,19.31471457,84.78092732
760003,19.2418133,84.7940233
760004,19.30741333,84.8081229
760005,19.3010333,84.7980299
760006,19.32033945,84.77320445
760007,19.32027,84.8685658
760008,19.3016808,84.8117758
760009,19.3144213,84.7754792
760010,19.30456135,84.82593485
760011,19.865671,84.649809
761001,19.34921415,84.80425245
761002,19.2745433,84.8992809
761003,19.4329316,84.8701133
761004,19.13189685,84.5706274
761005,19.0731017,84.5023613
761006,19.0679144,84.6062934
761007,19.3390016,84.5645983
761008,19.2276783,84.759105
761009,19.14,84.7316199
761010,19.1786816,84.614046
761011,19.2259333,84.4926499
761012,19.39655,84.576379
761013,19.44871345,84.6085424
761014,19.42644635,84.47823245
761015,19.45629215,84.3050187
761016,19.1044366,84.2616716
761017,19.29669905,84.25034665
761018,19.52072745,84.89589165
761019,19.5040283,84.967485
761020,19.358895,84.98815453
761025,19.37992,85.0494183
761026,19.404684,84.9904772
761027,19.454265,85.0748792
761028,19.5208847,85.0901541
761029,19.6630599,85.1259411
761030,19.6089574,85.0558144
761031,19.63452825,85.0031835
761032,19.6286383,84.9397966
761035,19.7351338,85.04085405
761037,19.181345,84.55498
761041,19.5793083,84.8629316
761042,19.27759,84.5511024
761043,19.50578495,84.82307415
761045,19.324905,84.93859865
761052,19.2482933,84.8647366
761054,19.3940383,84.67493915
761055,19.35207705,84.46299745
761100,19.3902447,84.7508716
761101,19.4365241,84.7535766
761102,19.4786068,84.76775455
761103,19.52775125,84.72557585
761104,19.5793617,84.7365658
761105,19.7091958,84.83214575
761106,19.5250911,84.6045432
761107,19.66592285,84.54180035
761108,19.76221545,84.4353423
761109,19.6520333,84.409729
761110,19.61450308,84.65893912
761111,19.60188255,84.66878155
761114,19.63962362,84.60045237
761115,19.637795,84.6377633
761116,19.703845,84.701105
761117,19.7366749,84.7169666
761118,19.8123383,84.78469415
761119,19.8830649,84.6504267
761120,19.8932566,84.7134133
761121,19.97244825,84.79993515
761122,19.7297608,84.64965745
761123,19.7880933,84.6082783
761124,19.8350449,84.6011016
761125,19.93774,84.5201683
761126,19.947172,84.5791616
761131,20.0047133,84.629145
761132,20.01481745,84.50436495
761133,19.9143383,84.5675283
761140,19.9238808,84.6035483
761141,20.1387116,84.5767366
761143,19.89837,84.886066
761144,19.4635713,84.6575198
761146,19.4868668,84.6914275
761151,19.917483,84.389851
761200,18.77830005,84.0882525
761201,18.8038373,84.0768167
761206,18.96816,83.8933099
761207,18.96766505,84.02234105
761208,18.8286916,83.9478099
761209,19.1743583,84.4470966
761210,18.8138458,84.2081391
761211,18.8388527,84.1675023
761212,18.9842003,84.21782215
761213,18.97713865,84.14051665
761214,19.1089166,84.1070099
761215,18.8351938,84.2691755
761217,19.48144435,84.10965165
762001,20.47898138,84.23109188
762002,20.4807,84.14764
762010,20.2438366,84.3464633
762011,20.330925,84.0683633
762012,20.4408266,84.4093933
762013,20.6249516,84.4229366
762014,20.8399833,84.23315825
762015,20.8040316,84.0632033
762016,20.8247333,83.9137283
762017,20.6440566,83.7397
762018,20.5476833,83.6678083
762019,20.2989,84.2581199
762020,20.6209533,84.60193
762021,19.71602,84.1185649
762022,20.16579,84.4117483
762023,20.5849633,84.4214733
762024,20.7292749,84.35794
762026,20.7818066,84.233265
762027,20.3709983,84.3617716
762028,20.2811716,84.4799233
762029,20.3882527,84.2610211
762030,82.566686,82.566686
762100,20.0928241,84.34347995
762101,20.04941745,84.23522245
762102,20.09981215,84.03632865
762103,20.0522206,83.9373386
762104,19.90784,84.12909825
762105,19.8184239,83.885596
762106,20.2234248,84.12899325
762107,19.9809202,83.6636738
762109,20.0731166,83.8121378
762110,20.2882183,83.8151401
762112,20.15876165,84.2816925
763001,18.74951,82.8359183
763002,18.72435327,82.81956993
763003,18.7409016,82.8372466
763004,18.7487116,82.80642
763008,18.76291887,82.92811493
764001,18.863062,82.5721042
764002,18.858345,82.5593783
764003,18.8524835,82.57639965
764004,18.8734035,82.5684708
764005,18.858345,82.5593783
764006,19.6697,83.09
764011,18.8021166,82.60356165
764014,18.8798867,83.167525
764020,18.81797225,82.70502855
764021,18.82656375,82.73732345
764027,18.87232995,83.2675183
764028,19.06084,82.92401
764036,18.6885449,82.8932383
764037,18.5596383,82.6836016
764038,18.393635,82.682145
764039,18.49535093,82.89528564
764040,18.5199608,82.1406487
764041,18.5810316,82.6088133
764042,18.7526533,82.4343783
764043,18.75265043,82.4343783
764044,18.23001,82.0579916
764045,18.7065683,82.4008316
764046,18.863062,82.566686
764047,18.23001,82.0579916
764048,18.752587,82.4343875
764049,19.34218695,82.6758034
764051,18.224435,82.059782
764052,19.6654,84.00004
764055,18.94732295,82.5497166
764056,19.044975,82.550695
764057,19.1267933,82.6750883
764058,19.1419066,82.326925
764059,19.2587083,82.5481804
764061,19.2608533,82.2382316
764062,19.0906266,83.785955
764063,19.209625,82.5633249
764070,19.28190665,82.7528183
764071,19.4162127,82.5384838
764072,19.5082589,82.3362699
764073,19.66704835,82.1780476
764074,19.9056456,82.078743
764075,19.3721125,82.3099233
764076,19.68329325,82.367914
764077,19.8438813,82.4617141
764078,19.2002516,82.6615449
764081,82.6088378,18.58104293
764085,19.2679816,82.8256066
764086,18.23801818,81.80414
764087,18.295632,81.5551543
764088,19.948812,81.937739
765001,19.6654,83.15824
765002,19.02138,83.37373
765010,19.25117,83.456406
765011,19.615705,83.8845
765013,18.9871033,83.0607416
765015,19.3015875,82.8065974
765016,19.5048666,83.3044116
765017,19.2647983,83.4211349
765018,19.2873883,83.4381966
765019,19.5820916,83.47950995
765020,19.5793817,83.7445567
765021,19.8368358,83.4537834
765022,19.0454566,83.8804633
765023,19.09396,83.7230083
765024,19.3029166,83.7735233
765025,19.2379033,83.8404083
765026,19.4843033,83.6873916
765029,19.2447266,83.6414633
765033,19.18776,83.94696
765034,18.937985,83.756925
766001,19.9101352,83.1706907
766002,19.9354685,83.1871758
766003,19.923,83.0592708
766011,20.0639283,83.1607066
766012,20.1976658,83.2719508
766013,19.6148416,82.877
766014,19.8607335,82.9387993
766015,19.8419833,82.7727483
766016,20.018589,82.8204092
766017,19.70584665,82.7971658
766018,19.51149995,82.78390665
766019,19.664055,82.69806
766020,19.824015,83.4286033
766023,19.7874666,82.868185
766026,19.3466916,82.86
766027,19.70976,83.3637983
766028,19.5919648,82.6376366
766029,19.9397966,82.8451433
766031,20.3971841,83.4542608
766032,20.35539495,83.45817165
766036,20.176,82.9885
766037,19.5760175,82.9785258
766100,20.0578539,83.3824072
766101,20.1442883,83.34568
766102,20.2697508,83.51247415
766103,19.7676549,82.6763033
766104,20.9093703,82.588
766105,20.73826015,82.58644685
766106,20.548456,82.6649877
766107,20.3080295,82.7605409
766108,20.0865189,82.5973579
766110,20.0435935,83.3738871
766111,20.3841446,82.6276865
766118,20.1965777,82.691
767001,20.70571911,83.48806583
767002,20.69418115,83.55215735
767016,20.7257211,83.6722053
767017,20.8596383,83.8315482
767018,20.914474,84.0510556
767019,21.014753,83.7980353
767020,20.8598233,83.5158233
767021,20.9298116,83.5417433
767022,21.02264165,83.39060665
767023,21.031427,83.5601486
767024,20.70683635,83.3315433
767025,20.744523,83.13186
767026,20.5522946,83.0056583
767027,20.7345822,82.97282025
767028,20.7777559,82.8921183
767029,20.56869995,83.36345425
767030,20.46093,83.4724566
767032,20.4321358,83.3331141
767033,20.2899499,83.181181
767035,20.2099833,82.9137233
767037,20.395112,83.0729416
767038,20.621683,82.8142772
767039,20.4569258,82.92257605
767040,20.32756995,82.87483495
767041,20.726705,83.1768833
767042,20.3459423,83.15263635
767045,21.1063058,83.66694735
767046,20.43843265,83.5792568
767048,20.68752595,83.23716135
767060,20.4893545,82.81186835
767061,20.96811,83.4209083
767062,20.9571092,83.8852816
767065,20.78096415,83.42678035
767066,20.2351648,83.1079883
767067,20.5440866,83.496865
767068,20.936194,83.673428
767070,20.4019343,83.3000498
767071,20.79971665,83.5357165
768001,21.4683333,83.9769444
768002,21.4735278,83.9676944
768003,21.47875,83.9564444
768004,21.48649575,83.9826313
768005,21.4304154,84.0259546
768006,21.5036793,83.94428943
768007,21.4669,83.9812
768016,21.5786667,83.9812778
768017,21.47905555,83.9395833
768018,21.5086111,83.9002777
768019,21.4749444,83.8818056
768020,21.4922222,83.9072222
768024,21.42111,83.8971549
768025,21.362595,83.9082
768027,21.7974728,83.5916217
768028,21.33361983,83.61814663
768029,22.0310716,83.775405
768030,21.464245,83.53542
768031,21.578808,83.475714
768032,21.1883228,83.46107645
768033,21.3000858,83.403194
768034,21.1827363,83.2934754
768035,21.0897,83.2521192
768036,21.0060156,83.0469885
768037,20.93017015,83.3375157
768038,21.4008793,83.5916217
768039,20.94219925,82.81224415
768040,21.3507399,83.6191944
768042,21.09726745,82.79703935
768045,21.5863127,83.4211991
768048,21.12516705,83.38146075
768049,21.00303815,83.19867
768050,20.8454099,82.730938
768052,21.6398137,83.5207472
768053,21.369,83.7757
768102,21.3080733,83.8605233
768103,21.264615,83.7620783
768104,21.19592909,83.74497718
768105,21.2261507,84.0910066
768106,21.1123267,84.3926
768107,21.57836455,84.3850392
768108,21.5377637,84.80013985
768109,21.2935739,84.7828952
768110,21.54561147,84.97975081
768111,21.3827883,83.8465916
768112,21.4467445,84.1456674
768113,21.315572,83.9697848
768115,21.1566625,83.82510995
768118,21.4593611,83.9746667
768119,21.53331,84.660389
768121,21.4767916,84.52743685
768200,21.5386305,84.0827024
768201,21.85647222,84.01344444
768202,21.86407565,84.02901001
768203,21.8564722,84.0134444
768204,21.91753565,84.0327065
768210,21.7248844,84.0127559
768211,21.7418167,83.920015
768212,21.6566374,84.0466389
768213,21.8368783,84.230645
768214,21.6662063,84.211853
768215,21.9087289,84.2550593
768216,21.85499129,83.91988697
768217,21.7932567,83.8516898
768218,21.80555556,83.86380556
768219,21.7639467,83.74724755
768220,21.8870997,84.1480854
768221,22.0523801,84.2814561
768222,21.7489324,84.3463766
768224,22.09651375,84.4535927
768225,21.7918507,83.9164133
768226,21.7841317,83.5706983
768227,21.7550949,84.5236716
768228,21.9169,84.4408479
768233,21.83,83.91
768234,21.69129,83.8227317
769001,22.22552663,84.86091943
769002,22.24593915,84.87134915
769003,22.2631133,84.85076
769004,22.2295166,84.7977137
769005,22.2575883,84.867135
769006,22.24924745,84.88306415
769007,22.1977858,84.86509665
769008,22.2481016,84.89621
769009,22.26206755,84.8272968
769010,22.233744,84.8866791
769011,22.2203683,84.8649933
769012,22.2277033,84.8383427
769013,22.2297572,84.8569968
769014,22.2564366,84.89018
769015,22.24159975,84.81038075
769016,22.1864,84.874695
769017,22.2466,84.8733
769042,22.27961115,84.90856565
769043,22.1791392,84.8571252
770001,22.1203133,84.0393733
770002,22.14932,83.9866083
770011,22.08511495,83.9286783
770012,22.1739958,83.78327995
770013,21.9707685,83.6779533
770014,22.3012483,84.10585995
770015,22.31517495,83.9653283
770016,22.18939825,84.2695341
770017,22.1542689,84.583308
770018,22.2689987,84.40549165
770019,21.9675333,84.0374583
770020,22.1778791,84.0356616
770021,22.0441183,83.8683941
770022,22.03320995,84.21651245
770023,22.26154475,84.51477445
770024,22.04944495,83.64085745
770025,21.9655555,83.9136966
770031,22.2319017,84.7363863
770032,22.2298782,84.9189108
770033,22.3871314,84.6115832
770034,22.2378781,84.6777351
770035,22.3987028,84.9726476
770036,22.2691023,84.9957901
770037,22.0651566,84.8874383
770038,21.8188283,84.9341481
770039,22.3174204,84.75571485
770040,21.93717285,85.0005658
770041,21.86617745,85.1130483
770042,21.8722149,85.1688566
770043,21.8497675,84.71085915
770044,21.7218488,85.0119224
770046,22.403882,84.859261
770048,21.8736783,85.24196
770051,21.71892045,84.87659245
770052,21.9693917,85.2192983
770070,22.2131576,84.50087585
770072,21.9965966,83.9236933
770073,22.07401495,84.0536215
770074,22.446698,84.0939149
770075,21.85670095,83.6792296
770076,22.04572245,83.75287
781001,26.1887778,91.7456389
781002,26.1887256,91.7456568
781003,26.18508335,91.76493055
781004,26.19526,91.76467
781005,26.15058165,91.7848028
781006,26.1887778,91.7456389
781007,26.1731667,91.7639722
781008,26.17670835,91.7502778
781009,26.1718333,91.7326944
781010,26.16062,91.70948
781011,26.1887778,91.7456389
781012,26.16377773,91.6903611
781013,26.1425278,91.665
781014,26.1552222,91.6647222
781015,26.1052778,91.5921922
781016,26.1633,91.74657
781017,26.13715,91.6274
781018,26.1475,91.7430556
781019,26.1409167,91.7628056
781020,91.4810429,26.1058359
781021,26.1838611,91.7868611
781022,26.1212778,91.8217778
781023,26.0802,91.5596
781024,26.1678222,91.7789528
781025,26.150795,91.73272
781026,26.18054,91.82509
781027,26.1532,91.85334
781028,26.1178333,91.7969722
781029,26.11241335,91.7984422
781030,26.2098,91.74197
781031,26.1858361,91.68733335
781032,26.15969,91.76777
781033,26.0997693,91.8763721
781034,26.14179,91.74232
781035,26.1160833,91.7083333
781036,26.15101,91.79836
781037,26.13384,91.82502
781038,26.1291389,91.7871389
781039,26.1803056,91.6816389
781040,26.1203667,91.7507642
781101,26.26283055,91.69594073
781102,26.24878127,91.52404287
781103,26.1746,91.3401
781104,26.1455,91.3418
781120,26.0802,91.5596
781121,26.2036,91.4716
781122,26.10066084,91.50519055
781123,25.97347022,91.22902078
781124,26.04981863,91.39237898
781125,26.08971826,91.53936509
781126,26.1627,91.2114
781127,25.2627,92.18170575
781128,26.0901,91.3101
781129,26.0678,91.3928
781131,26.1887778,91.7456389
781132,26.1887778,91.7456389
781133,26.153358,91.645241
781134,26.07361103,91.42861103
781135,25.5638,91.0924
781136,26.2302,91.7102
781137,26.1135,91.3433
781138,26.1804,91.0839
781141,26.1887772,91.74563823
781150,26.2023389,91.81790525
781171,26.167155,91.831075
781301,26.32350445,91.01027
781302,26.25715,91.13097
781303,26.2349,91.2118
781304,26.2326,91.2033
781305,26.27945,91.15628
781306,26.2419,91.2001
781307,26.36995,91.2239
781308,26.3171,91.0051
781309,26.30024,91.07257
781310,26.2053,91.202
781311,26.3291389,91.01025
781312,26.4447778,91.438
781313,26.2856,90.5742
781314,26.3291389,91.01025
781315,26.3291389,91.01025
781316,26.42852771,90.9693611
781317,26.4919722,90.8861944
781318,26.2953,91.0432
781319,26.2131,90.5215
781320,26.2953,91.0432
781321,26.273,90.5113
781325,26.49991661,91.1787222
781326,26.3024,91.1412
781327,26.4154,91.1148
781328,26.3637,91.1032
781329,26.2942,91.1126
781330,26.3291389,91.01025
781333,26.2809,91.2549
781334,26.4447778,91.438
781335,26.2648,91.2646
781337,26.2618,91.4642
781338,26.2243,91.1746
781339,26.2059,91.2845
781340,26.2637,91.263
781341,26.2135,91.2642
781343,26.2809,91.2542
781344,26.342,91.2947
781346,26.3129,91.2106
781347,26.2241,91.2821
781348,26.2202,91.2636
781349,26.3322,91.2846
781350,26.123,94.123
781351,26.2701,91.202
781352,26.3291389,91.01025
781353,26.2734,91.1927
781354,26.1887778,91.7456389
781355,26.2638,91.2638
781360,26.2648,91.2646
781364,26.58408889,91.73079067
781365,26.44169,91.61042
781366,26.3159,91.4345
781367,26.60669,91.58147
781368,26.4306,91.4452
781369,26.2707,91.3135
781370,26.2701,91.202
781371,26.47488882,91.2690833
781372,26.3126,91.2113
781373,26.3136,91.2353
781374,26.4198,91.2554
781375,26.4447778,91.438
781376,24.1819,92.4039
781377,26.4447778,91.438
781378,26.2625,91.1711
781380,26.345684,91.689828
781381,26.34613,91.72826
781382,26.4223,91.7313
782001,26.3486944,92.7005
782002,26.35175,92.67827771
782003,26.3503,92.6922
782101,24.1617,92.1392
782102,26.3503,92.6912
782103,26.228,92.52016661
782104,26.2521,92.3423
782105,26.252942,92.335689
782106,26.2521,92.3423
782120,26.3503,92.6922
782121,26.3503,92.6922
782122,26.3503,92.6922
782123,26.46652771,92.47402771
782124,26.4132222,92.7427222
782125,26.4480783,92.65966661
782126,26.4535,92.4245
782127,26.4187,92.3425
782128,26.3486944,92.7005
782135,26.3307,92.8605
782136,26.63577771,92.9842778
782137,26.3338,92.5633
782138,26.3503,92.6922
782139,26.3503,92.6922
782140,26.4159,92.8397
782141,26.3735,92.794
782142,26.30291661,92.62588881
782143,26.3618,92.5545
782144,26.26278,92.64178
782401,26.1401,91.5625
782402,26.0723,91.5813
782403,26.1887778,91.7456389
782410,26.12375,92.1985833
782411,26.3503,92.6922
782412,26.1903,92.3739
782413,26.3503,92.6922
782425,26.1214,92.3057
782426,26.1578611,92.65927771
782427,26.1835,92.7362
782428,26.1069,92.7456
782429,26.3503,92.6922
782435,26.3486944,92.7005
782436,26.01002,92.864606
782439,26.3503,92.6922
782440,26.1166,92.8666
782441,26.2092,93.0527
782442,26.3503,92.9001
782445,26.0685,92.9001
782446,26.3486944,92.7005
782447,26.3486944,92.7005
782448,25.8524,92.8568
782450,25.8071,92.4658
782460,25.8394444,93.4376944
782461,25.8394444,93.4376944
782462,25.8394444,93.4376944
782470,25.3219,92.1619
782480,26.0242778,93.7720556
782481,25.8415,93.4246
782482,25.8415,93.4246
782485,25.2532,92.4632
782486,25.67923333,93.38
782490,26.1777,93.6625
783101,26.14587,90.61544
783120,26.0505,90.331
783122,25.5555,90.4622
783123,25.5746,91.0017
783124,25.5429,90.4626
783125,26.054,90.4759
783126,26.0276,90.5002
783127,25.8664025,89.934608
783128,26.0186944,89.9942778
783129,26.034674,90.3082694
783130,25.5807,90.5607
783131,25.5332,89.8601
783132,26.003736,90.08504
783133,26.0426,90.3827
783134,26.0186944,89.9942778
783135,25.6953,89.8982
783136,25.431379,89.54179
783301,26.2607952,90.0504529
783323,26.020698,90.000583
783324,26.0240111,89.899609
783325,26.034461,89.965647
783330,26.0157,90.144745
783331,26.1026775,89.94994
783332,26.314573,90.218604
783333,26.400156,89.885592
783334,26.158731,89.862202
783335,26.2647955,89.786202
783336,26.446043,90.099187
783337,26.366979,90.1005287
783339,26.192437,90.093814
783345,26.3021445,90.210985
783346,26.555464,90.2638387
783347,26.445865,90.236193
783348,26.2485085,90.2465915
783349,26.204665,90.1276305
783350,26.605213,90.020988
783354,26.4036944,90.131002
783360,26.440042,90.0312195
783361,26.484289,89.89962
783369,26.425546,90.3503
783370,26.4545345,90.2643585
783371,26.1427905,90.437271
783372,26.513621,90.399507
783373,26.521776,90.442572
783375,26.61701,90.410162
783376,26.342078,90.441393
783380,26.485938,90.5425065
783381,26.48083035,90.5081878
783382,26.1354,90.3413
783383,26.2618,90.3413
783384,26.3369167,90.6640833
783385,26.5085833,90.5259167
783386,26.5223,90.5002
783388,26.0359,90.5157
783389,25.223593,91.311005
783390,26.4970026,90.73431405
783391,26.5835605,90.771756
783392,26.421471,90.821068
783393,26.641972,90.603839
783394,26.528276,90.502159
784001,26.6511,92.77285
784010,26.620828,92.799014
784025,26.69515,92.85415
784026,26.7274886,92.8066761
784027,26.71103,92.9009
784028,26.6967245,92.8343361
784101,26.82735,92.78345
784102,26.89983485,92.7993994
784103,26.78822,92.78212375
784104,26.71201645,92.77037625
784105,26.7571988,92.77675737
784110,26.83032,92.4901
784111,26.7046,92.7658
784112,26.67625,92.4371
784113,26.4331,92.09883
784114,26.56467,92.47638
784115,26.53704,92.20243
784116,26.554665,92.20112925
784117,26.6743154,92.37003
784125,26.4348442,92.0296825
784144,26.45280323,91.88183377
784145,26.40100708,91.89526864
784146,26.47802787,92.08367357
784147,26.71103,92.9009
784148,26.46951115,91.8440189
784149,26.65735,92.57845
784150,26.67625,92.69155
784153,26.71103,92.9009
784154,26.6475131,92.7767266
784160,27.11994136,93.93004321
784161,27.01,93.92
784163,27.07,93.84
784164,27.23,94.09
784165,26.91,93.79
784166,26.620828,92.799014
784167,26.777,93.27825
784168,26.85798,93.66328
784169,26.71103,92.9009
784170,26.65425,92.80115
784171,26.85353,93.47975
784172,26.82687998,93.5180284
784173,26.7050782,92.9486037
784174,26.8165901,93.1420563
784175,26.7362359,92.87185
784176,26.7109,93.17225
784177,26.62244,93.13567
784178,26.84985,92.56785
784179,26.86612,93.40905
784180,26.7371131,92.93007
784182,26.875768,92.966659
784184,26.58719,92.85264
784189,26.620828,92.799014
784190,26.57164125,92.07330645
784501,26.7298,92.6739
784502,26.7455,92.7375
784504,26.90262,92.95665
784505,26.8214334,92.682478
784506,26.81437525,92.59411465
784507,26.76984,92.27162
784508,26.79298,92.3876
784509,26.7460267,92.1052927
784510,26.79901435,92.050079
784513,26.474,91.97855
784514,26.5943518,91.9927
784521,26.663199,91.9526
784522,26.6025306,91.82153385
784523,26.37447,92.10479
784524,26.72083,92.22323
784525,26.567407,91.97598153
784526,26.7610705,91.8573343
784527,26.7243,91.7561
784528,26.71103,92.9009
784529,26.4724462,92.033288
785001,26.75794447,94.21102223
785004,26.6294,93.4028
785006,26.7397222,94.1581944
785007,26.44441,94.1502
785008,26.7249444,94.22925
785009,26.4242,94.1212
785010,26.48421,94.1037
785013,26.7282778,94.1947778
785014,26.6361,93.6711
785015,26.461,94.123
785101,26.483,94.1426
785102,26.756,94.2094
785104,26.98366808,94.15630551
785105,26.756,94.2094
785106,26.94455551,94.16366661
785107,26.4822,94.2141
785108,26.4924,94.0959
785110,26.756,94.2094
785111,26.502,94.1444
785112,26.4947,94.2422
785601,26.1978333,93.8606944
785602,26.2813,93.884
785603,26.1114,92.1426
785609,26.5355,94.3209
785610,26.2739,94.012
785611,26.4008,93.4834
785612,26.64066661,93.60091661
785613,26.5833,93.8
785614,26.70925,93.9751111
785615,26.7172,93.7111
785616,24.1518,92.1817
785618,26.3418,94.072
785619,26.51225,93.9716944
785621,26.51225,93.9716944
785622,26.3608,93.5906
785625,26.5298,94.0531
785626,26.5089,93.9695
785630,26.60038881,94.20152771
785631,26.2652,94.0758
785632,26.353,94.114
785633,24.1911,92.1413
785634,26.7580278,94.2100556
785635,26.70802771,94.3964722
785636,26.7317,94.4677
785640,26.9836944,94.6318889
785661,24.5816,92.1615
785662,27.12666662,94.74002772
785663,25.1518,92.5816
785664,26.5628,94.3211
785665,26.5791,94.3708
785666,26.5903,94.374
785667,26.123,94.123
785669,27.152078,94.214333
785670,27.152,94.8809722
785671,23.5718,92.2614
785672,27.2389,94.6762
785673,23.4219,92.1615
785674,23.4956,92.1416
785675,27.27,94.89
785676,27.27,94.89
785680,26.8118333,94.5207222
785681,24.1815,92.1691
785682,26.5314,94.2801
785683,26.5046,94.2934
785684,26.5909,94.3752
785685,26.9886944,94.6318889
785686,26.9225,94.7548
785687,26.8472,94.8027
785688,24.1319,92.5624
785689,23.1345,92.4516
785690,26.9886944,94.6318889
785691,26.1234,91.1234
785692,27.0639,95.0941
785693,27.0857,95.1701
785696,23.5716,92.3419
785697,26.9836944,94.6500833
785698,24.3712,94.1215
785699,26.5928,93.7498
785700,26.4744,94.1914
785701,26.5933,93.3713
785702,26.50013881,93.9724444
785703,26.51225,93.9716944
785704,27.0053,94.5125
785705,26.2229,94.0332
786001,27.46,95.0706
786002,27.4832222,94.94156945
786003,27.46979815,94.91014445
786004,27.44107291,94.89023959
786006,27.2937,94.5735
786007,27.1,95.22
786008,27.47,94.89
786010,27.4502601,94.99982071
786012,27.47892593,95.01873147
786101,27.45,95.08
786102,27.2751,95.0717
786103,27.38,95.17
786125,27.294,95.346775
786126,27.4005,95.26505
786145,27.28,95.19166667
786146,26.34045,94.0705
786147,27.56,95.32
786148,27.454845,95.348428
786150,27.53265,95.49375
786151,27.33,95.33
786152,27.63,95.65
786153,27.3538,95.3338
786154,27.2902,92.42086
786155,27.5001,95.3947
786156,27.48,95.35
786157,27.91,95.76
786158,27.99,95.79
786159,27.5611,95.560945
786160,27.55,95.69
786170,27.48,95.43
786171,27.39,95.63
786173,26.4445,94.151
786174,27.39,95.63
786179,27.1922,95.5625
786181,27.29,95.66
786182,27.28,95.68
786183,27.49050618,95.25054012
786184,27.47,95.17
786187,27.31,95.64
786188,27.38,95.89
786189,27.39,95.62
786190,27.4414,95.275
786191,27.34,95.35
786192,27.38245,95.26295
786601,27.39,95.29
786602,27.35,95.32
786610,27.28,95.24
786611,27.18,95.11
786612,27.22,95.17
786613,27.24,94.98
786614,27.28,95.24
786621,27.18,95.34
786622,27.2827,94.5612
786623,27.19475,95.3586111
786692,27.366,95.3118611
787001,27.2375556,94.1075
787023,27.16,94.01
787026,27.42,94.43
787031,27.23007465,94.09013715
787032,27.45,95.01
787033,27.48,95.01
787034,27.43,94.31
787035,27.53,94.27
787051,27.28,94.09
787052,27.14,94.11
787053,27.3,94.41
787054,27.23,94.09
787055,27.31,94.45
787056,27.46,94.23
787057,27.6,94.76
787058,27.41,94.55
787059,27.58983024,94.72037963
787060,27.83,95.22
787061,27.71,94.88
787110,27.52,94.67
788001,24.823637,92.801827
788002,24.84,92.81
788003,24.83912,92.75
788004,24.8122385,92.8013835
788005,24.61,92.6
788006,24.800415,92.80046
788007,24.823637,92.8018054
788009,24.83,92.81
788010,24.823637,92.79
788011,24.69,92.75
788013,24.73,92.89
788014,24.823637,92.801827
788015,24.8518185,92.5609135
788025,24.87,92.77
788026,24.83,92.73
788030,24.88,92.88
788031,24.88,92.88
788098,24.83,93.02
788099,24.64,92.96
788101,24.88,92.55
788102,24.814,93.0205
788103,24.823637,92.801827
788104,24.9980185,92.9267135
788106,24.59,92.84
788107,24.59935,92.73
788108,24.66654,92.7903675
788109,24.823637,92.801827
788110,24.81143333,92.97123333
788111,24.8774185,92.4815135
788112,24.678,92.79
788113,24.65,92.69
788114,24.59015,92.840125
788115,24.69,92.84
788116,24.65,92.89
788117,24.68,92.73
788118,24.823637,92.801827
788119,24.73031923,92.89008538
788120,24.675,92.82
788121,24.65,92.69
788123,24.823637,92.62
788126,24.6925,92.4512
788127,24.7524185,92.9294135
788150,24.76,92.59
788151,24.677902,92.554808
788152,24.08,92.15
788155,24.68,92.56
788156,24.64,92.48
788160,24.55,92.59
788161,24.45,92.55
788162,24.55,92.59
788163,24.56,92.64
788164,24.65,92.57
788165,24.4,92.56
788166,24.201542,92.124523
788168,24.61,92.61
788701,24.55,92.82
788709,24.87,92.35
788710,24.867584,92.360382
788711,26.48,83.66
788712,24.87,92.35
788713,24.87,92.35
788719,24.72,92.35
788720,24.79,92.41
788722,24.75,92.35
788723,24.68,92.34
788724,24.61,92.32
788725,24.94,92.73
788726,24.48,92.32
788727,24.867584,92.360382
788728,24.41,92.3
788733,24.6036115,92.3870211
788734,24.54879,92.42768
788735,24.81,92.77
788736,24.5,92.43
788737,24.75,92.34
788738,20.2572,66.50255
788781,24.82,92.29
788801,28.61,80.08
788802,24.86033,92.5922
788803,24.87,92.53
788804,24.89,92.54
788805,24.88,92.57
788806,24.87,92.56
788815,24.97,92.58
788816,25,92.46
788817,24.44,92.29
788818,25.11725,93.05
788819,24.5981,92.8459
788820,24.59,92.843
788830,25.18,93.11
788831,25.3,93.13
788832,24.7368185,92.7459135
788931,24.982435,92.83307
790001,27.3096905,92.4126896
790002,27.1097351,92.2582725
790003,27.1952008,92.3990395
790101,27.35394845,92.28489645
790102,27.3054786,93.1193025
790103,26.9999045,93.134464
790104,27.45519755,91.6671102
790105,27.631776,91.5849689
790106,27.3239125,91.4335258
790114,27.043197,92.3815939
790116,27.18217585,92.4293814
791001,28.19610405,94.4547692
791002,28.284559,95.165704
791003,28.3378318,94.217261
791004,28.3361746,94.9616457
791101,27.9390798,94.4887835
791102,27.9634455,95.2034166
791103,28.2055025,94.5953639
791104,28.11977275,95.46423205
791105,28.55625615,95.0433105
791109,27.13025,93.74111111
791110,27.1176685,93.7186998
791111,27.09902778,93.62633333
791112,27.1524783,93.3612895
791113,27.1218513,93.2785499
791114,27.1357721,93.224627
791118,27.5517933,93.370185
791119,27.2902329,93.38856215
791120,27.4843751,93.5744694
791121,27.1656165,93.6263333
791122,28.2193608,94.18866035
791123,26.9108257,93.4378157
791125,27.4829144,94.39543445
792001,27.582356,96.17569643
792055,27.2460961,96.93599845
792056,27.5050178,95.92072875
792101,28.3754501,95.512312
792102,27.8031757,96.1190306
792103,27.4549252,95.8853261
792104,27.5813992,96.4742263
792105,27.5806075,95.8463334
792110,28.165561,95.7479428
792111,27.5125775,95.5756124
792120,27.1217487,95.485153
792121,27.137693,95.739659
792122,27.471415,96.16520105
792123,27.1934439,96.2180586
792124,27.4156,95.9989
792129,27.1920129,95.5395352
792130,27.0185989,95.37332195
792131,26.8086119,95.2140515
793001,25.57630834,91.88903056
793002,25.57761111,91.87872222
793003,25.57238889,91.89941667
793004,25.56430556,91.87286111
793005,25.5739167,91.8848611
793006,25.56988889,91.91427778
793007,25.56038889,91.91791667
793008,25.5739167,91.8848611
793009,25.5739167,91.8848611
793010,25.5739167,91.8848611
793011,25.57552778,91.90297222
793012,25.5739167,91.8848611
793014,25.5739167,91.8848611
793015,25.423199,92.0373395
793016,25.5739167,91.8848611
793017,25.5739167,91.8848611
793018,25.5739167,91.8848611
793019,25.5739167,91.8848611
793021,25.5739167,91.8848611
793022,25.5739167,91.8848611
793101,25.9247295,91.6464795
793102,25.89853,91.906846
793103,26.4601,96.2321
793104,25.63695835,91.88743055
793105,25.794626,92.0942525
793106,25.251039,91.007928
793107,25.5739167,91.8848611
793108,25.3,91.7
793109,25.1991788,92.0263631
793110,25.209702,91.87269505
793112,25.41243385,91.7784746
793113,25.37810335,91.74644155
793114,25.403318,91.433836
793115,25.485669,91.509966
793116,25.748605,92.0541575
793119,25.609908,91.2680446
793120,25.651338,91.5756261
793121,25.5739167,91.8848611
793122,26.036524,92.083764
793123,26.036524,92.083764
793126,25.600422,91.006658
793150,25.5225415,92.3793895
793151,25.604488,92.3657115
793160,25.278224,92.2994845
793161,25.230257,92.115646
793200,25.279538,92.493637
793210,25.281644,92.43493
794001,25.51247222,90.22063889
794002,25.619892,90.3281072
794003,25.68208,90.237887
794004,25.7198455,90.447255
794005,25.423999,90.248372
794101,25.57835,90.19481
794102,25.292092,90.678368
794103,25.3094,90.26576945
794104,25.8303475,90.201004
794105,25.59096,90.124386
794106,25.35916667,89.93546667
794107,25.5124722,90.78449
794108,25.84922,90.695427
794109,25.8406933,90.3402755
794110,25.704691,90.711955
794111,25.5644295,90.576442
794112,25.870888,90.936658
794113,25.79975,90.44055
794114,25.2006985,90.892957
794115,25.413218,90.021892
794116,25.73073599,89.89685469
795001,24.80197221,93.94052779
795002,24.870967,93.894162
795003,24.751875,93.906335
795004,24.80995,93.91321
795005,24.795854,93.97003
795006,24.289517,93.321573
795007,25.3517165,94.1078085
795008,24.76561445,93.954067
795009,24.703009,93.90448
795010,24.8350565,94.04243
795011,24.54321395,93.761064
795015,25.403497,94.2195175
795101,24.279953,93.8751725
795102,24.121985,93.950497
795103,24.499697,93.901377
795104,25.4692055,94.2583755
795105,25.3349065,94.2242665
795106,25.2552805,94.06504
795107,25.019738,93.9169125
795112,25.116068,93.808654
795113,24.76814,93.8959
795114,24.90391,94.0202345
795115,24.799111,93.308506
795116,24.6524655,93.1288405
795117,24.329202,93.751896
795118,25.050851,94.042913
795121,24.25663,93.108853
795122,25.1112325,93.9327605
795124,24.5840665,93.6669264
795125,25.071688,93.71681
795126,24.6374808,93.66960075
795127,24.265434,94.062923
795128,24.398561,93.5819115
795129,25.223743,93.96314
795130,24.704775,93.948104
795131,24.2485455,94.0256585
795132,24.60360185,93.89339735
795133,24.4561515,93.743469
795134,24.708433,93.8216865
795135,24.44846,94.1213
795136,24.95388,93.894898
795138,24.644924,93.99838889
795139,24.184065,93.483674
795140,24.7622115,93.9040925
795141,24.96586,93.483164
795142,25.172922,94.458663
795143,24.2454435,93.194882
795144,25.2453005,94.2761
795145,24.8603235,94.400155
795146,24.847276,93.812344
795147,24.7172835,93.3649935
795148,24.58,94.012865
795149,24.683119,94.068398
795150,25.525378,94.155491
795159,24.8517,93.586967
795160,25.01496,93.37617
796001,23.72583333,92.71902778
796004,23.7258333,92.7190278
796005,23.6904661,92.7189915
796007,23.7369654,92.72177535
796008,23.7258333,92.7190278
796009,23.7403885,92.6952269
796012,23.7258333,92.7190278
796014,23.7258333,92.7190278
796015,23.83106745,92.7342706
796017,23.81908165,92.86358795
796070,24.0637264,92.7562916
796081,24.1663,92.540953
796091,24.3462964,92.7329177
796101,24.4066879,92.7819013
796111,24.2112054,92.94114515
796161,23.530181,92.8558283
796181,23.3361468,92.9100036
796184,23.1715958,93.0140197
796186,23.2166289,92.7954625
796190,23.47026305,92.7342921
796261,23.7699301,92.9935276
796290,23.8707478,93.2216649
796291,23.9598872,93.29188525
796310,23.4485616,93.1467246
796320,23.19881075,93.267011
796321,23.4767456,93.33458655
796370,23.2469599,93.094502
796410,23.7873376,92.558484
796421,23.7939152,92.65021435
796431,23.6022915,92.45384405
796441,23.9034,92.489224
796470,24.1316753,92.3815226
796501,23.63333795,92.59719715
796571,22.9518894,92.9465288
796691,22.9364395,92.7632039
796701,22.8774005,92.7053617
796710,23.26477,92.47568
796751,22.90487285,92.488981
796770,22.5919329,92.6233827
796891,22.3903783,92.78581195
796901,22.4089571,93.01443295
797001,25.67077778,94.10758333
797002,25.6707778,94.0221433
797003,25.70389495,94.1402533
797004,25.7245655,94.1075833
797006,25.57517915,94.13897705
797099,26.2849592,94.22816736
797101,25.3539864,93.6253294
797103,25.8053563,93.754315
797104,25.7177875,94.363008
797105,25.8346527,94.1188947
797106,25.7121107,93.8434767
797107,25.5794666,94.3358385
797108,25.665885,94.4616
797109,25.9097723,94.2198049
797110,25.5929874,93.6500866
797111,26.108492,94.2472983
797112,25.88987085,93.74255916
797113,25.90252457,93.69343156
797114,25.6585171,94.6891139
797115,25.86509808,93.76023
797116,25.86803265,93.7538716
797117,25.863216,93.754315
797118,25.8553552,93.7214707
797120,25.6587,94.087435
797121,25.6707778,94.1075833
798601,26.32689052,94.50999997
798602,26.84590102,95.0826292
798603,26.49124365,94.96388385
798604,26.5004383,94.45783495
798607,26.2674958,94.4052441
798611,25.89355679,94.8448933
798612,26.2356849,94.8895146
798613,26.44657715,94.60279615
798614,26.428745,94.6167416
798615,26.40445635,94.5434617
798616,26.2174742,94.6773978
798617,12.16680556,77.10655556
798618,26.6349246,94.6404528
798620,26.01333333,94.5583188
798621,26.70281745,95.02377859
798622,26.7054606,94.8138738
798623,26.6578,94.51448
798625,26.490384,94.807155
798626,26.20128855,95.01892209
798627,26.163016,94.5254485
798628,26.10574218,94.79793987
799001,23.82975,91.27883333
799002,23.82975,91.2788333
799003,23.81177778,91.26766667
799004,23.82447222,91.29216667
799005,23.845491,91.288864
799006,23.85744444,91.28725
799007,23.83555556,91.29502778
799008,23.8475,91.34185
799009,23.884989,91.250156
799010,23.82975,91.2788333
799011,23.82975,91.2788333
799012,23.888027,91.292465
799013,23.487446,91.490975
799014,23.79069444,91.27063889
799015,23.909314,91.251929
799022,23.82975,91.2788333
799035,23.832823,91.368358
799045,23.821607,91.448761
799046,23.8469704,91.4145956
799101,23.5408333,91.49175
799102,23.67402778,91.28225
799103,24.1314,91.1651
799104,23.9408,91.9881
799105,23.292,91.2548
799113,23.555724,91.451206
799114,23.546582,91.47523
799115,23.49172222,91.32958333
799120,23.54083333,91.49175
799125,23.5408333,91.49175
799130,23.82975,91.2788333
799131,23.05588734,82.68185345
799132,23.3825,91.3517
799141,21.2319,92.1141
799142,23.5408333,91.49175
799143,23.0423,91.3854
799144,23.31075,91.56244444
799145,23.00369444,91.73263889
799150,23.5408333,91.49175
799153,23.82975,91.2788333
799155,23.25177778,91.45577778
799156,23.5408333,91.49175
799157,23.5408333,91.49175
799201,24.08130556,91.59627778
799202,23.82975,91.2788333
799203,23.82975,91.2788333
799204,23.90603,91.990797
799205,23.84013889,91.63461111
799207,24.020842,91.744489
799210,23.929796,91.336714
799211,23.82975,91.2788333
799212,23.82975,91.2788333
799250,24.37883333,92.15980556
799251,24.3788333,92.1598056
799253,24.37444444,92.16497222
799254,23.72124,91.74458
799256,24.1417,92.1732
799260,24.151,92.857
799261,24.3788333,92.1598056
799262,24.437103,92.242231
799263,24.3788333,92.1598056
799264,24.16238889,92.03797222
799266,24.06562,91.993047
799269,23.68997,92.212345
799270,24.3788333,92.1598056
799271,24.3788333,92.1598056
799273,23.90603,92.0213
799275,23.90603,91.990797
799277,24.32977778,91.99872222
799278,23.90603,91.990797
799279,24.3788333,92.1598056
799280,24.3788333,92.1598056
799281,24.3788333,92.1598056
799282,24.3788333,92.1598056
799284,23.626144,91.91402
799285,23.90603,91.990797
799286,24.1469,91.82295
799287,23.90603,91.990797
799288,24.3788333,92.1598056
799289,23.8006185,91.87766456
799290,24.1550135,91.9738935
800001,25.60163,85.124597
800002,25.58931625,85.11994755
800003,25.610435,85.148958
800004,25.6188611,85.15923147
800005,25.6184722,85.1683611
800006,25.4909939,85.1408839
800007,25.549045,85.1365671
800008,25.5986111,85.2247222
800009,25.5521,85.2283
800010,25.633112,85.113811
800011,24.924666,88.0308025
800012,25.650327,85.097355
800013,25.594095,85.137565
800014,25.594433,85.096745
800015,25.582278,85.043628
800016,25.6035833,85.1325556
800017,25.6064,85.1336
800019,25.607,85.1437
800020,25.5991575,85.15916245
800021,25.439612,81.862055
800022,25.579444,85.152149
800023,25.590052,85.149233
800024,20.27097,85.826866
800025,25.620956,85.079836
800026,25.5963705,85.1743589
800027,25.58343,85.16084
800028,25.6079408,85.1176073
800030,25.36513265,85.63132975
800031,25.609,85.06
800032,25.583113,85.118317
800033,25.611219,85.130692
800034,25.571653,85.095401
800035,25.6,85.13
800036,25.65,85.12
801102,25.3271071,85.1564564
801103,25.23305565,85.40557095
801104,25.2135454,85.2315645
801105,25.584888,85.038935
801106,25.563323,84.869808
801107,25.522391,84.989291
801108,25.635823,85.0406507
801109,25.2956555,85.12222625
801110,25.2326546,85.2131313
801111,25.3860005,85.33350005
801112,25.59332285,85.1254202
801113,25.2123123,85.1313544
801301,25.21933335,85.25
801302,25.3250972,85.296545
801303,25.16,85.229698
801304,25.38,85.272247
801305,25.37,85.33
801306,25.22,85.18
801307,25.3,85.353837
801503,25.594095,85.1047325
801505,25.584111,85.1304722
801506,25.574127,85.0701
801507,25.5563277,85.0203605
802101,25.555533,83.9789722
802102,25.539696,83.952187
802103,25.5478975,84.006231
802111,25.592433,84.213535
802112,25.623714,84.3440235
802113,25.664571,84.088022
802114,25.470236,83.874318
802115,25.493387,84.257473
802116,25.5904615,84.011525
802117,25.348012,84.002492
802118,25.628305,84.0911545
802119,25.546702,84.143857
802120,25.635808,84.157865
802122,25.379791,83.919861
802123,25.4460315,84.035092
802125,25.4314875,84.2588975
802126,25.476974,84.133971
802127,25.474925,84.2206835
802128,25.351593,83.9038
802129,25.385419,84.156219
802130,25.62083,84.328597
802131,25.656729,84.1783505
802132,24.908055,83.532339
802133,25.576161,84.200498
802134,25.5208125,84.297373
802135,25.63899,84.121466
802136,25.5483806,84.13910525
802152,25.542031,84.4674255
802154,25.591422,84.475497
802155,25.410937,84.370024
802156,25.613284,84.577251
802157,25.574851,84.547872
802158,25.4771665,84.440051
802159,25.382676,84.392411
802160,25.5748365,84.778226
802161,25.549188,84.75031
802162,25.542581,84.567124
802163,25.638159,84.779867
802164,25.387555,84.712161
802165,25.614312,84.387541
802166,25.6371035,84.468979
802183,25.5616341,84.3927635
802201,25.3582675,84.6345715
802202,25.351508,84.330587
802203,25.425086,84.548595
802204,25.2918965,84.349471
802205,25.1888045,84.3575445
802206,25.449574,84.646865
802207,25.306982,84.411037
802208,25.285665,84.586714
802209,25.223466,84.430419
802210,25.514591,84.610845
802211,25.1024975,84.127672
802212,25.190514,84.251983
802213,25.186633,84.016955
802214,25.126751,84.295023
802215,25.056224,84.019386
802216,25.2067205,84.082425
802217,25.011102,84.0762
802218,25.206396,84.135598
802219,24.922822,84.140875
802220,25.141681,84.040532
802221,25.2591915,84.235812
802222,25.265536,84.507254
802223,25.3529825,84.492257
802224,25.290641,84.44303
802226,24.962065,84.073225
802301,25.559738,84.6685278
802302,25.5587222,84.6674722
802311,25.654193,84.705837
802312,25.577812,84.638118
802313,25.61478,84.6644021
802314,25.589084,84.6674722
802316,25.685941,84.627274
802351,25.650334,84.537048
802352,25.487059,84.73847
803101,25.19637033,85.5221296
803107,25.22883335,85.64
803108,25.34,85.39
803109,25.028337,85.529066
803110,25.35,85.505
803111,25.16,85.44
803113,25.2763295,85.46
803114,25.22,85.36
803115,25.115,85.51
803116,25.05,85.38646
803117,25.08,85.42
803118,25.28,85.5156389
803119,25.299245,85.585
803120,25.2658333,85.415
803121,25.19,85.52
803201,25.47001,85.27029815
803202,25.60447365,85.1447945
803203,25.594095,85.137565
803211,25.4447455,85.625151
803212,25.4601,85.5402
803213,25.409034,85.707869
803214,25.430116,85.770583
803215,25.4874,85.7298
803216,25.16,85.55
803221,25.471729,85.779425
803301,25.3484135,85.99874
803302,25.384275,85.8788205
803303,25.307334,86.0373405
803306,25.3505275,85.81783225
803307,23.4831405,85.8208635
804401,25.241,84.785
804402,25.3,84.64429
804403,24.75,84.6689
804404,25.234989,84.69
804405,25.2139289,84.9895549
804406,25.213929,84.989555
804407,25.08426215,84.69
804408,25.22840235,84.9949829
804409,25.1351,84.5927
804417,25.213929,84.989555
804418,25.213929,84.989555
804419,25.1613775,84.7297675
804420,25.21,84.989555
804421,25.1264,84.8099
804422,25.128,84.989555
804423,22.5446,88.5966
804424,25.213929,84.989555
804425,25.213929,84.989555
804426,25.21617,84.74879
804427,25.21371489,84.98871578
804428,25.60142,84.72205
804429,25.174195,84.62
804432,25.21392893,84.98955498
804435,24.970744,84.9687502
804451,25.350007,85.1325556
804452,25.289745,85.1245666
804453,25.3323232,85.2554544
804454,25.311046,85.025041
805101,24.840679,85.465938
805102,24.782015,85.691194
805103,24.832383,85.414947
805104,24.9154841,85.5908926
805105,25.081988,85.63455
805106,24.8326809,85.883897
805107,24.838641,85.733347
805108,25.09405,85.636231
805109,24.939766,85.43119
805110,24.887,85.5350278
805111,24.88458457,85.53363229
805112,24.883502,85.533326
805113,24.623,84.651
805114,24.773549,85.429205
805121,24.8346155,85.563733
805122,24.77423247,85.42816777
805123,24.95609613,85.531262
805124,24.9579826,85.7374603
805125,24.64697,85.495167
805126,24.74728364,85.53597636
805127,24.654947,85.407613
805128,24.75444955,85.260769
805129,24.810351,85.309822
805130,24.800938,85.243951
805131,24.800938,85.24395006
805132,24.9579826,85.7374603
805141,24.83263125,85.883897
805142,24.850889,85.244107
811101,25.141694,85.862891
811102,25.14171275,85.86261875
811103,25.1417065,85.8627095
811104,25.257734,85.799799
811105,25.141694,85.822892
811106,86.1926748,25.2827344
811107,25.1392256,85.9837127
811112,25.2173878,86.312099
811201,25.3726,86.482991
811202,25.3747561,86.473525
811211,25.2885718,86.5526896
811212,25.2564134,86.4235
811213,25.12241373,86.55265204
811214,25.3171496,86.4906091
811301,85.9091557,24.9609143
811302,25.260279,86.0284337
811303,24.5661699,86.4227907
811304,25.0739105,85.862891
811305,24.8868994,86.2742614
811306,86.069863,25.0273564
811307,24.9260328,86.2232152
811308,24.7570679,86.4125185
811309,86.1964041,25.1908029
811310,86.15237901,25.15079304
811311,86.0762607,25.1940693
811312,24.9529875,86.39431905
811313,24.957541,86.2254562
811314,24.734995,86.257162
811315,24.966311,86.032962
811316,24.680306,86.3898115
811317,24.8520434,86.2078796
812001,25.25092029,86.98680586
812002,25.2424722,86.97269445
812003,25.2496944,86.9869722
812004,24.6522,84.652
812005,25.1848472,86.94050155
812006,25.2165,85.9348
812007,25.2409722,86.9528889
813101,25.358,84.269
813102,25.52201205,86.8573427
813103,24.87176,86.603233
813104,24.74605,84.8736
813105,24.238,84.5285
813106,24.7475,86.26455
813107,24.37,86.248
813108,25.04226665,86.91255
813109,24.325,86.297
813110,24.85533,86.26455
813201,24.64205,84.8885
813202,25.6685,86.5085
813203,25.267511,87.2628853
813204,24.3345,84.311
813205,24.305,85.254
813206,24.956,84.965
813207,24.9325,86.6872
813208,25.0328,87.449935
813209,25.3224,87.4136
813210,25.201,86.9869722
813211,25.0804,86.7303
813212,24.85525,86.125
813213,84.421,24.536
813214,25.2496944,86.9869722
813221,24.69575,85.53627
813222,24.7315,84.66878
814101,24.244502,87.241744
814102,24.54379,87.249992
814103,24.3761,87.4404375
814110,24.34754355,87.1485142
814111,24.535169,87.467811
814112,24.490417,86.690601
814113,24.54925,86.81541
814114,24.483309,86.69495
814115,24.490417,86.690601
814116,24.490417,86.690601
814118,24.30874005,87.09365
814119,24.2667085,87.2499915
814120,24.49315576,86.78434984
814131,24.83258,86.969409
814133,24.8256,87.17308
814141,24.3946328,87.07635
814142,24.5022585,86.68014485
814143,24.483308,86.784357
814144,24.09897,87.29105
814145,24.50825,87.15255
814146,24.15036828,86.63894421
814147,24.9389,87.34759
814148,24.4296,87.078753
814149,24.232913,86.8659379
814150,24.3668003,86.81363113
814151,24.580121,87.0105591
814152,24.4753,86.6466
814153,24.67452,87.22995
814154,25.09314,87.38382
814155,24.99792077,87.20551692
814156,24.681853,87.418951
814157,24.4917897,86.84520185
814158,24.276,87.26
814160,24.60226,87.02173
814165,24.49885,86.67075
814166,24.1,87.01745
814167,24.206842,87.15812
814168,24.21478,87.19292
814170,24.29945,87.23785
815117,24.25987,87.36958
815301,24.1863195,86.304918
815302,24.9,86.18
815311,25.25,86.675
815312,24.22,86.22
815313,24.525991,85.835769
815314,24.537832,86.188773
815315,24.235,86.5011155
815316,24.1866025,86.155
815317,24.35,86.04721535
815318,24.21,86.4
815351,23.97024438,86.83701875
815352,24.28836,86.52704
815353,24.25297,86.647936
815354,23.87293,86.87791
815355,24.1444,86.817013
815357,24.1257735,86.7454009
815359,23.95841,87.19855
816101,24.894,87.79259
816102,24.875346,87.607
816103,24.238489,87.475619
816104,24.6924996,87.561436
816105,24.85814525,87.77417475
816106,24.4810076,87.756651
816107,24.6372,87.81083
816108,25.051926,87.82087
816109,25.2432645,87.5912215
816110,24.7151,87.62772
816115,24.244502,87.241744
816116,25.051923,87.7212
816117,24.34839636,87.70000818
816118,24.238492,87.4538
816120,25.01585,87.60223
816129,25.051389,87.708653
818142,23.795653,86.430385
821015,24.861575,83.920166
821101,25.0407314,83.6109161
821102,24.817701,83.6017005
821103,25.066949,83.498521
821104,24.914626,83.825147
821105,25.2318095,83.5395885
821106,25.042566,83.44141
821107,25.1018945,83.9211725
821108,24.9494444,83.74444
821109,25.1332495,83.6637125
821110,25.2130825,83.6122265
821111,24.963089,83.914207
821112,25.231667,83.920166
821113,24.9217125,83.935388
821114,24.565,83.4707
821115,24.95,84.0333
821301,25.023365,84.161319
821302,24.705824,84.003686
821303,24.673642,84.007488
821304,24.5870695,83.8867105
821305,24.937637,84.099306
821306,24.977805,84.263231
821307,24.901389,84.183889
821308,24.834177,84.137082
821309,25.135626,84.3949375
821310,25.0564995,84.2895875
821311,24.62874,84.014098
821312,24.8628775,83.9816905
822101,24.03920335,84.06661555
822102,24.00384,84.11185
822110,23.964788,84.05143
822111,23.84637029,84.11287371
822112,24.17316,83.808651
822113,24.25132,83.26594
822114,24.15397,83.8136494
822115,23.39451,85.03621
822116,23.87214,85.98754
822117,24.3612,83.8912
822118,23.45972,85.98475
822119,23.537264,84.232574
822120,23.95462,85.97842
822121,24.251515,83.523975
822122,23.980666,84.487862
822123,24.132315,84.421205
822124,23.12894,85.16454533
822125,24.1248,83.9141
822126,23.90437,84.36998
822128,24.187505,83.707495
822129,24.38181,83.61214
822131,24.0375556,84.27923
822132,24.24181,83.8663985
822133,24.330989,83.66032
822134,24.317191,83.8101634
823001,24.79816155,85.00578778
823002,24.8004744,84.9947548
823003,24.6867467,84.94383646
823004,24.73,84.9438365
823005,24.7938333,85.0080833
823311,24.62403809,84.94383643
824101,24.770316,84.248952
824102,19.87617,75.343313
824103,19.87617,75.343313
824111,19.87617,75.343313
824112,19.87617,75.343313
824113,19.87617,75.343313
824114,19.87617,75.343313
824115,19.87617,75.343313
824116,19.87617,75.343313
824118,25.234989,84.670562
824120,19.87617,75.343313
824121,19.87617,75.343313
824122,19.87617,75.343313
824123,19.87617,75.343313
824124,19.87617,75.343313
824125,19.87617,75.343313
824126,24.85956,84.50646
824127,19.87617,75.343313
824129,19.87617,75.343313
824143,25.0333,84.999999
824201,24.45675545,85.13885545
824202,24.75,84.37
824203,19.87617,75.343313
824205,24.66958,84.772027
824206,24.45375,84.584343
824207,24.72134,84.856793
824208,19.87617,75.343313
824209,24.624154,84.9438365
824210,24.43824,84.591645
824211,24.55830923,84.79204492
824217,24.53514,84.705104
824219,24.62589,84.657541
824220,24.45676,85.138856
824221,24.425,84.355
824231,24.6867467,84.94383642
824232,24.624154,84.9438365
824233,25.234989,84.6689
824234,24.6867467,84.9438365
824235,24.624154,84.9438365
824236,24.624154,84.94379694
824237,24.6867467,84.94352983
824301,19.87617,75.343313
824302,19.87617,75.343313
824303,19.87617,75.343313
824304,25.5689,84.09579
825101,26.57335,85.655047
825102,24.090195,85.367785
825103,24.06141,84.9864
825106,23.8987222,86.0516111
825108,24.174094,86.13
825109,23.72,85.31305
825132,24.783011,85.66145
825167,23.59,86.2
825301,23.9949146,85.36160462
825302,23.98496,85.3927
825303,23.99385,85.3927
825311,23.85366526,85.21656973
825312,23.9932,85.7679401
825313,24.17625,85.77562
825314,23.7911389,85.5748056
825315,24.18868,85.49297
825316,23.7336035,85.47644715
825317,24.026542,85.46592
825318,24.3212,85.834546
825319,24.1090446,85.340663
825320,24.8,85.47
825321,23.85807,85.0311331
825322,24.179748,85.49
825323,23.996,85.371017
825324,24.195,85.8263155
825325,23.785328,85.590793
825326,23.8486516,85.46592
825329,23.9295284,86.1548269
825330,23.72315,85.47857
825336,23.853605,85.440856
825401,24.20547467,84.87116311
825402,24.08595805,85.13631
825403,24.4366727,84.880078
825404,24.200766,84.719146
825405,23.9926667,85.366
825406,24.386733,85.251956
825407,24.471858,85.687145
825408,24.2789938,85.1868087
825409,24.4502,85.42678
825410,24.47018597,85.59280257
825411,24.20064603,85.3542922
825412,24.24,85.585
825413,24.324304,85.521553
825414,24.43370575,84.8143035
825415,23.8466,85.0239
825418,24.468084,85.6323
825421,24.2747,85.7935
826001,23.7967137,86.43306945
826003,23.80675,86.4481944
826004,23.79401078,86.42967962
826005,23.8074722,86.4669167
826006,23.83345605,86.3691445
826007,23.7803,86.43426
826008,23.7956631,86.4303759
826009,23.830625,86.555561
826010,23.833498,86.430386
826011,23.7968,86.4341
826012,23.8114,86.4526
826013,23.7953,86.427
827001,23.6575556,86.150125
827003,23.6577778,86.1394722
827004,23.6736944,86.1475833
827006,23.6777222,86.1750278
827009,23.6612889,86.1473472
827010,23.6444,86.113145
827012,23.6396389,86.14425
827013,23.6194,86.18855
827014,23.66342685,86.06312695
827015,23.66,86.086
827016,23.6575,86.1392
827302,23.6098,86.113149
828101,23.7843333,86.430385
828103,23.7696112,86.317467
828104,23.7998405,86.4124435
828105,23.818594,86.384142
828106,23.78763655,86.42172965
828107,23.650008,86.488264
828108,23.692886,86.416603
828109,23.7956621,86.4303859
828110,23.7559756,86.42224355
828111,23.7782685,86.42040345
828112,23.6952565,86.2574925
828113,23.795653,86.3009722
828114,23.804678,86.3615435
828115,23.7022235,86.432254
828116,23.6507,86.21955
828117,23.7521992,86.39350375
828119,23.6853889,86.4258056
828120,23.7966944,86.4339167
828121,23.779281,86.320162
828122,23.6742778,86.4889722
828123,23.657247,86.474178
828124,23.667944,86.498033
828125,23.7896111,86.2633889
828126,23.655841,86.440682
828127,23.8160833,86.4598056
828128,23.78915,86.250878
828129,23.79565605,86.430382
828130,23.8068056,86.4169167
828131,23.73065,86.4208
828132,23.683067,86.434286
828133,23.691158,86.423158
828134,23.69079689,86.11314411
828135,23.664925,86.445069
828142,23.795657,86.430381
828201,23.79565798,86.43038103
828202,23.7956644,86.43037457
828203,23.7458056,86.792
828204,23.76,86.669
828205,23.79565811,86.43038009
828206,23.693322,86.761822
828207,23.7732778,86.7945
828301,23.79565405,86.4303834
828302,23.69824,86.3987897
828303,23.6255,86.43115
828304,23.7891115,86.3619215
828305,23.73,86.3
828306,23.7959171,86.4312644
828307,23.7435065,86.183725
828309,23.7967222,86.4129444
828401,23.858305,86.165
828402,23.82,86.4303749
828403,23.92404165,86.308875
828404,23.8585505,86.033063
829101,23.66965,85.4579
829102,23.625835,85.48904165
829103,23.6188333,85.4792
829104,24.6186528,85.7787361
829105,23.633167,85.45338465
829106,23.633224,85.514874
829107,23.7847553,85.884345
829108,23.683632,85.371806
829109,23.7858765,85.1814875
829110,23.6321389,85.5141944
829111,23.48,85.5
829112,23.669296,85.53
829113,23.603362,85.728343
829114,24.107,85.753675
829115,23.604995,86.944122
829116,23.7711667,85.8879167
829117,23.66335,85.5134444
829118,23.6761,85.312662
829119,23.634936,85.2955
829121,23.41,85.54
829122,23.6321389,85.5141944
829123,23.716796,85.52
829125,23.688138,85.320277
829126,23.675033,85.34571
829127,23.77,85.89
829128,24.321679,85.8933895
829129,23.713316,85.582782
829130,23.62892,85.504754
829131,23.6326389,85.5050833
829132,23.47,85.53
829133,23.66005,85.342205
829134,23.754976,85.561427
829135,23.662888,85.373018
829143,23.633485,85.41465
829144,23.53,86.1
829149,23.71956,85.69828
829150,23.591894,85.675871
829201,23.68573,85.0624477
829202,23.83430893,84.781098
829203,23.67208582,84.73838015
829204,23.7438159,84.258927
829205,23.64019,85.0036
829206,23.74367853,84.504525
829207,23.7438169,84.504325
829208,25.5991,84.4367
829209,23.67907,85.05772
829210,23.65739,84.833035
829301,23.69079783,86.11314617
831001,22.801365,86.201895
831002,22.7606815,86.20025
831003,22.78978,86.22687
831004,22.772705,86.2416
831005,22.80346,86.16982
831006,22.7729,86.18761
831007,22.77758,86.20735
831009,22.80135,86.22674
831011,22.82353,86.17296
831012,22.834177,86.26947
831013,22.78632,86.1662
831014,22.78608,86.13704
831015,22.75347,86.25807
831016,22.75118,86.23986
831017,22.79716,86.24447
831019,22.78727,86.25072
831020,22.85066,86.20395
831021,22.76592,86.20528
832101,22.30132,86.70229
832102,22.6318895,86.32419675
832103,22.59782,86.45983
832104,22.503541,86.427805
832105,22.9057,86.38657
832106,22.69205,86.3439
832107,22.8589,86.3729
832108,22.8265,86.0904
832109,22.79181,86.15154
832111,22.697165,86.25832
832112,22.9625,86.27575
832113,22.6178,86.1609
832301,22.503541,86.7064142
832302,22.45605,86.5696
832303,22.5931794,86.4799
832304,22.64969,86.4140649
832401,22.9597282,86.0527
832402,22.852985,86.05079
832403,23.09168,85.930615
832404,22.8597428,85.927899
833101,22.73542286,85.81094714
833102,22.677,85.626
833103,22.506945,85.3786
833104,22.5231065,85.1929
833105,22.583883,85.464835
833106,22.3078,85.2715
833201,22.552125,85.80239
833202,22.5188,85.81494
833203,22.2096,85.6653146
833204,22.586166,85.805099
833212,22.16795,85.59299
833213,22.20875,85.3829
833214,22.26385,85.7751
833215,22.41805,85.7169
833216,22.80023775,85.82408695
833217,22.15822,85.49386
833218,22.268737,85.504599
833219,22.69892429,85.93290143
833220,22.770914,85.927899
833221,22.20958,85.42087
833222,22.0717065,85.2659725
833223,22.10796,85.28954
834001,23.366531,85.3222222
834002,23.33880084,85.318989
834003,23.3211899,85.3110556
834004,23.3094395,85.27629165
834005,23.3847778,85.2872222
834006,23.4421667,85.3155833
834007,23.3317,85.2826
834008,23.3983611,85.31525
834009,23.4190777,85.016511
834010,23.332195,85.3568075
834011,23.366531,85.327301
834012,23.410242,85.400893
834013,23.3441,85.309562
834014,23.30386,85.30418
835101,23.442918,85.5879395
835102,23.304799,85.765383
835103,23.390533,85.4762285
835201,22.631589,84.95314
835202,23.3441,85.2735
835203,23.229231,84.869
835204,23.21,85.5865
835205,23.5155,85.1885
835206,23.131924,84.348947
835207,23.03755167,84.55630133
835208,23.227451,84.556288
835209,23.203014,85.129784
835210,23.0620835,85.28192335
835211,22.6989,84.787686
835212,22.620862,84.4264875
835213,23.527606,84.755059
835214,23.5013835,85.090867
835215,23.4118611,85.44125
835216,22.837433,85.32977
835217,23.447492,85.404019
835218,23.4833,84.2667
835219,23.484119,85.473652
835220,22.8807,84.603315
835221,23.2661455,85.309562
835222,23.4175,85.2314885
835223,22.615114,84.495999
835224,23.1126315,84.743309
835225,23.049231,85.67029
835226,22.47433,84.495999
835227,22.924282,85.10514
835228,22.7394555,84.4959995
835229,23.04413,84.76728765
835230,23.203428,84.127682
835231,23.3591235,84.462558
835232,22.989683,84.459343
835233,23.125237,84.537945
835234,23.135884,85.024645
835235,22.595484,84.473717
835301,23.360942,85.051923
835302,23.4458333,84.6875
835303,23.304628,85.160232
835325,23.41223,84.8607
841101,25.694287,85.178376
841201,25.912648,84.551048
841202,25.798863,84.946409
841203,26.2269722,84.3564167
841204,26.018166,84.49730857
841205,27.07121,77.536146
841206,31.057677,75.906401
841207,25.744692,85.013788
841208,25.96512324,84.53537374
841209,25.89279,84.493376
841210,26.9407,84.3975
841211,25.958451,85.005153
841212,25.986693,84.482884
841213,25.806716,84.686155
841214,25.852765,84.634878
841215,25.959342,85.031141
841216,25.751472,84.89094
841217,25.765499,85.085991
841218,25.912141,84.922569
841219,25.885981,85.027272
841220,25.980998,84.575488
841221,25.768177,85.033609
841222,25.859065,84.972775
841223,25.902374,84.505754
841224,25.78461,84.7274
841225,25.771915,84.960356
841226,26.22455333,84.35874557
841227,26.21991,84.35807
841228,84.3634,84.3634
841231,26.10952771,84.2933611
841232,26.31941661,84.45880551
841233,26.09113881,84.4615833
841234,26.0782,84.1307
841235,26.22697218,84.3564167
841236,26.076,84.3568
841237,26.3022222,84.3672222
841238,26.2269722,84.3564167
841239,26.2405833,84.15538881
841240,26.0777777,84.6441666
841241,26.1644722,84.4148611
841242,26.1317,84.61305
841243,26.3502,84.4556
841244,26.219621,84.356659
841245,26.19791661,84.25525
841286,26.2269722,84.3564167
841287,26.08511,84.214
841301,25.78538325,84.7296525
841302,25.769363,84.485077
841305,25.760929,84.674064
841311,25.830875,84.86133545
841312,26.420025,84.895873
841313,25.83776543,84.58026343
841316,25.836275,84.718495
841401,25.974863,84.925816
841402,25.919739,84.942619
841403,25.999812,84.68897
841404,26.1986111,84.6694444
841405,26.4059,84.5903
841406,26.22697219,84.35643184
841407,26.2615,84.7446
841408,26.1777,84.0821
841409,26.2615,84.7446
841410,26.1739,84.81071
841411,25.85597,84.856793
841412,25.90007858,84.69265852
841413,26.3079,84.5668
841414,25.858332,84.75767
841415,25.881015,84.801975
841416,26.2162,84.5132
841417,26.10562,84.803062
841418,25.968196,84.862005
841419,25.927241,84.829421
841420,26.1803,84.8085
841421,26.058849,84.800731
841422,26.039936,84.688393
841423,26.335175,84.6662
841424,26.072566,84.883948
841425,84.346317,26.569926
841426,26.44851691,84.10875327
841427,26.4685,84.4433
841428,26.569926,84.346317
841434,26.2562,84.6034
841435,26.2269722,84.2933611
841436,26.35492946,84.29819449
841437,26.56279,84.0796
841438,26.36,84.3564167
841439,25.912,84.2128
841440,26.43678,84.39888
841441,26.46658,84.4332
841442,25.89638,84.749837
841443,25.956656,84.786381
841446,26.2269722,84.3248889
841447,26.219622,84.356659
841460,25.929408,84.975253
841501,26.5575,84.3305
841502,26.0724444,84.25891663
841503,26.5913,84.3115
841504,26.2269722,84.3564167
841505,26.5248,84.3541
841506,26.2209722,84.4911944
841507,26.219621,84.356659
841508,26.5249,84.4403056
841509,25.69580552,83.8970833
842001,26.12620835,85.3707607
842002,26.12087706,85.36466488
842003,26.13095145,85.36424475
842004,26.170555,85.391503
842005,26.120888,85.36472
842006,26.17069785,85.3394138
843101,26.02774434,85.09918061
843102,25.288572,86.572879
843103,26.149302,85.492378
843104,25.955209,85.588221
843105,25.9952701,85.59349417
843106,26.306648,85.1146
843107,28.283599,79.793951
843108,26.219353,84.606371
843109,26.121926,85.379101
843110,25.857264,85.558657
843111,26.126851,85.291645
843112,26.10034,85.061667
843113,26.1264167,85.352382
843114,25.7957,85.2088
843115,26.120888,85.36472
843116,26.268653,85.42853
843117,26.268653,85.42853
843118,26.120888,85.36472
843119,26.047696,85.485288
843120,26.172754,85.011994
843121,25.995563,85.594043
843122,26.1547801,85.13885845
843123,26.103497,85.123934
843124,26.197069,85.104187
843125,26.148553,85.336881
843126,26.154405,85.0467728
843127,26.25832,85.059671
843128,26.2527938,85.312329
843129,26.250846,85.507174
843130,26.12531,85.1749
843131,26.343047,85.60499188
843132,26.047696,85.485288
843301,26.5637222,85.5243333
843302,26.56127647,85.52125882
843311,26.38,85.5
843312,26.2839045,85.484853
843313,26.73065,85.3101
843314,26.503,85.64575
843315,26.503,85.51165
843316,26.41686,85.399995
843317,26.84727777,85.58049383
843318,26.4603796,85.55241465
843319,26.522306,85.766906
843320,26.4833889,85.69996
843321,26.220718,85.640918
843322,26.6602875,85.582
843323,26.4418775,85.51744495
843324,26.7131043,85.67675885
843325,26.47125,85.36126143
843326,26.4494375,85.4832
843327,26.64984908,85.44684612
843328,26.411156,85.507136
843329,26.57533291,85.22937043
843330,26.84567836,85.582356
843331,26.396,85.6036
843332,26.7733,85.4234
843333,26.44073327,85.66415784
843334,26.73065,85.31008333
843335,26.73065,85.3101
843360,26.120888,85.36472
844101,25.69137495,85.23388885
844102,25.69457906,85.23995506
844103,25.694654,85.239923
844111,25.4141666,85.5127777
844112,26.1264167,85.36472
844113,25.673746,85.365563
844114,25.859798,85.300312
844115,25.673746,85.365563
844116,25.673746,85.365563
844117,25.6916389,85.2113333
844118,25.673746,85.365563
844119,25.827303,85.186819
844120,26.007571,85.329129
844121,25.897936,85.18099
844122,25.826672,85.391459
844123,25.90383771,85.25041457
844124,25.740984,85.336099
844125,25.78272107,85.27625317
844126,25.799575,85.461434
844127,26.043994,85.349799
844128,25.673746,85.365563
844501,25.673746,85.365563
844502,25.68626182,85.31255465
844503,25.653196,85.322202
844504,25.66759938,85.40734208
844505,26.003818,85.081783
844506,25.61395898,85.49427713
844507,25.65451,85.504712
844508,25.568626,85.344418
844509,25.659549,85.462574
845101,27.0965299,84.1975743
845103,27.1011188,84.3292243
845104,26.908153,84.1680507
845105,27.2240267,84.09072455
845106,27.23552985,84.2910759
845107,27.3915933,83.9135033
845301,26.3657,85.3146
845302,26.82401307,85.00447581
845303,26.82135714,85.1331
845304,26.74438857,85.13279286
845305,26.955198,84.6651361
845306,27.14125005,84.6452965
845307,27.0076119,84.6322156
845315,26.73452857,85.04438271
845401,26.59057,85.13756
845402,26.6453778,85.0207522
845404,27.1544172,84.4303959
845405,25.81345,84.42425
845406,26.3659,85.2636
845411,26.3565,84.564975
845412,26.38876945,84.59809
845413,26.45635,85.41005
845414,26.64547288,84.90306304
845415,26.57125,84.850455
845416,26.5635,84.992556
845417,26.85686571,84.86663571
845418,26.69140625,85.16860625
845419,26.4953,84.613
845420,26.45415,85.1267875
845422,26.63593825,84.70132275
845423,26.38468367,84.76318
845424,26.304752,84.876064
845425,26.5397,84.55646
845426,26.35656,85.13756
845427,26.54623,85.22099
845428,26.3656,84.75125
845429,26.52635,84.85235
845430,26.51507157,85.15635937
845431,26.77491167,84.91926417
845432,26.3858545,84.90824167
845433,26.85453,84.78461438
845434,26.453085,84.74212775
845435,26.71503067,84.82327044
845436,26.39966333,85.24123
845437,26.63397431,84.795171
845438,26.8022778,84.5152222
845439,26.7841721,84.4812007
845440,26.8984075,84.70011575
845449,26.96689465,84.5385439
845450,26.880136,84.5064881
845451,27.1330331,84.5195974
845452,26.8614215,84.36241765
845453,27.0179073,84.3936264
845454,26.8176327,84.62412435
845455,27.1724197,84.4408972
845456,26.756498,84.76452377
845457,26.56458,85.15624
845458,26.5656,84.55366
845459,26.71109615,84.5414665
846001,26.1193611,85.9045361
846002,25.70005,85.9166
846003,25.5974,85.3407
846004,26.161361,85.8911
846005,26.149179,85.9297
846006,26.1580555,85.8869444
846007,26.0054,85.9035
846008,26.164545,85.897499
846009,26.1074,86.0165
846010,15.5934,86.2366
847101,25.7494,85.6515
847102,26.45261035,86.07369895
847103,25.9351,86.11811945
847104,25.7749,85.7626
847105,25.9142,85.76458889
847106,25.626,84.9615
847107,25.2948,86.3167
847108,26.3975746,86.0784459
847109,26.35703735,86.082995
847115,26.18294,85.9956
847121,25.6035,86.1225
847122,25.7362,86.0642
847123,26.0017,85.9476
847201,25.9899,86.0346
847202,26.005536,86.0073786
847203,25.91,86.1691
847204,26.0073,86.2575
847211,26.345982,86.07149055
847212,26.3151955,86.1599149
847213,26.36243345,86.2100264
847214,26.38395745,86.1963972
847215,26.314604,86.16072655
847222,26.3975746,86.0784459
847223,26.3531607,86.082995
847224,26.43323755,86.1738795
847225,26.3872877,86.3730615
847226,26.4284497,86.1271389
847227,26.43419425,86.1491008
847228,26.3872877,86.1720887
847229,26.3957455,86.1522827
847230,26.4109688,86.18152205
847231,26.347277,86.1048797
847232,26.3531607,86.1522827
847233,26.0124,86.0544
847234,26.3994116,86.2825086
847235,26.37412715,86.21487
847236,26.332336,86.082995
847238,26.3070469,86.0504111
847239,26.4465698,86.07170425
847240,26.3560666,86.07742805
847301,25.7712,86.1776
847302,26.0758,85.9146
847303,26.1829,86.1705
847304,25.8403,86.2118
847305,26.48239035,85.964681
847306,25.9792,85.8955
847307,25.4063,85.3848
847308,26.3560666,86.07742805
847337,25.9068,86.2956
847401,26.2674009,86.28338365
847402,26.35994325,86.0863909
847403,26.2674009,86.2920255
847404,26.3589725,86.1370148
847405,26.09585,86.2553
847407,26.2388,85.890587
847408,26.4287554,86.1353119
847409,26.35316035,86.082995
847410,26.31537625,86.22842855
847411,26.34725,86.0784459
847412,26.3978,86.3845
847421,26.3975746,86.3249011
847422,25.9822,86.1
847423,26.2414,86.177305
847424,26.3131867,86.24239315
847427,25.9564,86.2284
847428,25.6053,85.9924
847429,20.856289,86.0662075
847451,26.2899113,86.8220341
847452,26.346854,86.071547
848101,25.86141665,85.7828611
848102,25.862968,85.781026
848103,25.862968,85.781026
848104,25.862968,85.781026
848113,25.862968,85.781026
848114,25.862968,85.781026
848115,25.862968,85.781026
848117,25.862968,85.781026
848121,25.862968,85.781026
848122,25.862968,85.781026
848125,25.862968,85.781026
848127,25.862968,85.781026
848129,25.862968,85.781026
848130,25.862968,85.781026
848131,25.862968,85.781026
848132,25.862968,85.781026
848133,25.862968,85.781026
848134,25.862968,85.781026
848160,25.862968,85.781026
848201,25.416675,86.12937901
848202,25.416675,86.129379
848203,25.511152,86.476908
848204,25.416675,86.129379
848205,25.862968,85.781026
848206,25.862968,85.781026
848207,25.862968,85.781026
848208,25.862968,85.781026
848209,25.862968,85.781026
848210,25.8627825,85.78096188
848211,25.862968,85.781026
848213,25.862968,85.781026
848216,25.862968,85.781026
848236,25.862968,85.781026
848301,25.862968,85.781026
848302,25.8620776,85.7807182
848501,25.862968,85.781026
848502,25.862968,85.781026
848503,25.862968,85.781026
848504,25.862968,85.781026
848505,25.862968,85.781026
848506,25.862968,85.781026
851101,25.416675,86.129379
851111,25.416675,86.129379
851112,25.45683725,86.0735429
851113,25.416675,86.129379
851114,25.416675,86.129379
851115,25.416675,86.129379
851116,25.416675,86.129379
851117,25.416675,86.129379
851118,25.416675,86.129379
851120,25.416675,86.12937902
851121,25.35217,85.472256
851126,25.416675,86.129379
851127,25.416675,86.129379
851128,25.416675,86.129379
851129,25.416675,86.12937908
851130,25.416675,86.129379
851131,25.416675,86.129379
851132,25.416675,86.129379
851133,25.416675,86.129379
851134,25.416675,86.129379
851135,25.416675,86.129379
851201,25.511152,86.476908
851202,25.511152,86.476908
851203,25.511152,86.476908
851204,25.511152,86.476908
851205,25.51134997,86.47636627
851206,25.6409919,86.398321
851210,25.416675,86.129379
851211,25.41657644,86.12968529
851212,25.51115179,86.476908
851213,25.511152,86.476908
851214,25.511152,86.476908
851215,25.511152,86.476908
851216,25.511152,86.476908
851217,25.416675,86.12937906
851218,25.416675,86.129379
852101,25.92869,86.790976
852105,26.13156658,86.610711
852106,25.883496,86.600625
852107,25.8033862,86.7805961
852108,26.1573297,86.7962965
852109,26.131709,86.610711
852110,26.131709,86.610711
852111,26.131709,86.610711
852112,25.92869,86.790976
852113,25.92869023,86.79097592
852114,25.92869,86.790976
852115,25.92869,86.790976
852116,25.92869,86.790976
852121,25.92869,86.790976
852122,25.92869,86.790976
852123,25.88349601,86.60062499
852124,25.883496,86.600625
852125,26.131709,86.610711
852126,25.883496,86.600625
852127,25.88349601,86.60062499
852128,25.92869,86.790976
852129,25.8820938,86.5980095
852130,26.131709,86.610711
852131,26.11,86.59
852132,25.92869,86.790976
852133,25.9853474,86.790976
852134,25.58,85.22
852137,26.2220858,87.0050561
852138,26.2144488,86.6583333
852139,26.131709,86.610711
852161,25.511152,86.476908
852201,25.8838222,86.5949074
852202,25.883496,86.600625
852212,25.8840833,86.600625
852213,25.92869,86.790976
852214,26.131709,86.610711
852215,26.3005923,86.8383485
852216,25.883496,86.4699556
852217,25.88244435,86.59866338
852218,26.1573297,86.7962965
852219,25.92869,86.79093357
852220,25.6843055,86.947388
852221,25.883496,86.600625
853201,24.526,84.954
853202,25.24,84.258
853203,25.403246,86.8734684
853204,25.342,86.833329
853205,24.503,86.251775
854101,25.4502,87.2501
854102,25.870551,87.169393
854103,25.5375,87.566
854104,25.7831,87.4432
854105,25.53969813,87.56727777
854106,25.47311,87.4324
854107,23.4127,87.4127
854108,25.5172,87.5314
854109,25.5372,85.561
854110,25.547911,87.563881
854112,26.84681,87.2751
854113,25.3632777,87.6356388
854114,26.065,87.3907
854115,25.7916,87.4579
854116,25.5441944,87.5698333
854117,25.9644,85.2722
854201,25.9578,87.331426
854202,25.77633107,87.47464386
854203,25.774312,87.462501
854204,25.6811405,87.154132
854205,25.739028,87.218284
854301,25.77331603,87.47457102
854302,25.77748,87.495059
854303,25.746798,87.443056
854304,25.777139,87.440579
854305,25.780732,87.51238
854306,25.777139,87.475255
854311,26.13384909,87.466819
854312,26.085294,87.393476
854315,25.926863,87.48362355
854316,26.333763,87.231975
854317,25.5375,87.566
854318,26.1693955,87.301613
854325,26.0083005,87.4781625
854326,25.777139,87.518544
854327,25.979941,87.584069
854328,26.0706245,87.3760045
854329,26.118627,87.606295
854330,25.849097,87.477731
854331,26.296933,87.439788
854332,26.3924845,87.5024815
854333,26.1957725,87.499443
854334,26.058495,87.210813
854335,26.110814,87.127325
854336,26.378997,87.067192
854337,25.709021,87.555654
854338,26.3808045,86.4873505
854339,26.131709,86.610711
854340,26.131709,86.610711
855101,26.312807,87.758139
855102,25.5374,87.566
855105,25.393,87.193966
855106,25.67816,86.941143
855107,26.312807,87.758139
855108,26.107,87.95675
855113,25.3215,87.3357
855114,25.5375,87.566
855115,25.7812,87.4651
855116,26.42045097,88.1316177
855117,25.67816,86.941143
